movie_id,year,platform,rating_count,meta_country,runtime_min,runtime_text,mean_rating,title,rating_distribution_1_to_5,genres,reviews_count,rating_distribution,url,meta
1306664,2000,Douban,169288,,,,9.0,共同警备区 공동경비구역 JSA,,Drama,,"['56.2', '36.7', '6.5', '0.4', '0.1']",https://movie.douban.com/subject/1306664/,
1293530,2000,Douban,258917,,,,8.6,角斗士 Gladiator,,Drama / Action / Adventure,,"['42.8', '44.3', '11.9', '0.7', '0.2']",https://movie.douban.com/subject/1293530/,
1301715,2000,Douban,144547,,,,8.0,美国精神病人 American Psycho,,Drama / Horror / Crime,,"['25.6', '49.7', '22.3', '2.0', '0.5']",https://movie.douban.com/subject/1301715/,
1299661,2000,Douban,282816,,,,8.2,苏州河,,Drama / Romance,,"['32.8', '47.6', '17.5', '1.7', '0.4']",https://movie.douban.com/subject/1299661/,
1293050,2000,Douban,113072,,,,8.5,永不妥协 Erin Brockovich,,Drama / Biography,,"['38.0', '49.1', '12.1', '0.6', '0.1']",https://movie.douban.com/subject/1293050/,
1300300,2000,Douban,385076,,,,7.9,死神来了 Final Destination,,Thriller / Horror,,"['24.3', '49.6', '24.0', '1.8', '0.3']",https://movie.douban.com/subject/1300300/,
1304447,2000,Douban,666075,,,,8.7,记忆碎片 Memento,,Drama / Mystery / Thriller / Crime,,"['47.2', '41.2', '10.4', '0.9', '0.3']",https://movie.douban.com/subject/1304447/,
1292434,2000,Douban,500811,,,,9.1,一一,,Drama / Romance / Family,,"['66.4', '25.7', '6.7', '0.8', '0.4']",https://movie.douban.com/subject/1292434/,
1294183,2000,Douban,141841,,,,8.4,黑洞频率 Frequency,,Sci-Fi / Mystery / Crime,,"['36.8', '49.3', '13.0', '0.7', '0.1']",https://movie.douban.com/subject/1294183/,
1293171,2000,Douban,72305,,,,7.6,入侵脑细胞 The Cell,,Sci-Fi / Thriller / Horror,,"['20.1', '46.6', '29.5', '3.1', '0.7']",https://movie.douban.com/subject/1293171/,
1295250,2000,Douban,301564,,,,7.8,X战警 X-Men,,Action / Sci-Fi,,"['20.4', '51.7', '26.3', '1.3', '0.2']",https://movie.douban.com/subject/1295250/,
1306454,2000,Douban,26179,,,,8.5,烈焰焚币 Plata quemada,,Drama / Romance / Thriller / Homosexual / Crime,,"['46.4', '36.8', '14.6', '1.7', '0.4']",https://movie.douban.com/subject/1306454/,
1304489,2000,Douban,7518,,,,7.6,西洋镜,,Drama / Romance / History,,"['16.6', '51.0', '29.8', '2.3', '0.2']",https://movie.douban.com/subject/1304489/,
1292402,2000,Douban,1085795,,,,8.9,西西里的美丽传说 Malèna,,Drama / Eroticism / War,,"['55.4', '36.4', '7.4', '0.5', '0.2']",https://movie.douban.com/subject/1292402/,
1416898,2000,Douban,18777,,,,8.6,鲸鱼马戏团 Werckmeister harmóniák,,Drama / Mystery,,"['50.7', '34.2', '11.4', '2.5', '1.2']",https://movie.douban.com/subject/1416898/,
2157131,2000,Douban,202005,,,,8.7,少年包青天,,Drama / Mystery / Costume,,"['47.2', '41.5', '10.2', '0.8', '0.3']",https://movie.douban.com/subject/2157131/,
1301168,2000,Douban,545556,,,,8.4,卧虎藏龙 臥虎藏龍,,Drama / Romance / Chinese swordplay,,"['39.2', '45.1', '14.3', '1.2', '0.3']",https://movie.douban.com/subject/1301168/,
1301171,2000,Douban,214357,,,,8.5,偷拐抢骗 Snatch,,Comedy / Crime,,"['40.5', '46.4', '12.0', '0.9', '0.2']",https://movie.douban.com/subject/1301171/,
1293770,2000,Douban,61526,,,,8.1,猎杀U-571 U-571,,Drama / Action / War,,"['27.9', '52.7', '17.8', '1.2', '0.4']",https://movie.douban.com/subject/1293770/,
1293400,2000,Douban,18663,,,,8.2,怒海潜将 Men of Honor,,Drama / Biography,,"['32.8', '48.9', '16.7', '1.3', '0.4']",https://movie.douban.com/subject/1293400/,
1291557,2000,Douban,798471,,,,8.8,花样年华 花樣年華,,Drama / Romance,,"['50.6', '39.3', '9.2', '0.7', '0.2']",https://movie.douban.com/subject/1291557/,
1308035,2000,Douban,20388,,,,7.5,顺流逆流 順流逆流,,Drama / Action / Thriller / Crime,,"['19.1', '45.0', '30.3', '4.6', '1.0']",https://movie.douban.com/subject/1308035/,
1299986,2000,Douban,10832,,,,7.6,夏天的滋味 Mùa hè chiều thẳng đứng,,Drama,,"['18.2', '48.8', '29.5', '3.0', '0.5']",https://movie.douban.com/subject/1299986/,
1294181,2000,Douban,50369,,,,8.4,大佬 Brother,,Drama / Thriller / Crime,,"['37.8', '46.8', '13.9', '1.2', '0.3']",https://movie.douban.com/subject/1294181/,
1298525,2000,Douban,214189,,,,7.3,碟中谍2 Mission: Impossible II,,Action / Thriller / Adventure,,"['15.3', '39.8', '38.2', '5.9', '0.8']",https://movie.douban.com/subject/1298525/,
1292444,2000,Douban,245714,,,,7.9,大逃杀 バトル・ロワイアル,,Drama / Thriller,,"['28.3', '45.2', '22.2', '3.3', '1.0']",https://movie.douban.com/subject/1292444/,
1306799,2000,Douban,46102,,,,7.4,恋战冲绳 戀戰沖繩,,Drama / Romance,,"['18.7', '37.4', '38.0', '5.2', '0.7']",https://movie.douban.com/subject/1306799/,
1298653,2000,Douban,299435,,,,8.6,荒岛余生 Cast Away,,Drama / Adventure,,"['43.5', '45.5', '10.3', '0.5', '0.1']",https://movie.douban.com/subject/1298653/,
2357701,2000,Douban,134969,,,,8.5,名侦探柯南：瞳孔中的暗杀者 名探偵コナン 瞳の中の暗殺者,,Drama / Animation / Mystery / Crime / Adventure,,"['38.8', '46.1', '14.2', '0.7', '0.1']",https://movie.douban.com/subject/2357701/,
1307144,2000,Douban,31402,,,,7.4,一见钟情 一見鍾情,,Romance,,"['18.0', '39.8', '36.3', '5.1', '0.9']",https://movie.douban.com/subject/1307144/,
1295078,2000,Douban,41058,,,,7.1,偷听女人心 What Women Want,,Comedy / Romance / Fantasy,,"['9.6', '39.6', '47.0', '3.3', '0.4']",https://movie.douban.com/subject/1295078/,
1307884,2000,Douban,15550,,,,6.7,午夜凶铃3：贞相大白 リング0 バースデイ,,Drama / Horror,,"['12.2', '26.1', '50.6', '9.1', '1.9']",https://movie.douban.com/subject/1307884/,
1291858,2000,Douban,708429,,,,9.3,鬼子来了,,Drama / Comedy,,"['71.4', '23.8', '4.3', '0.3', '0.2']",https://movie.douban.com/subject/1291858/,
1663415,2000,Douban,38988,,,,8.1,上车走吧,,Drama,,"['26.3', '53.5', '18.6', '1.3', '0.3']",https://movie.douban.com/subject/1663415/,
1307681,2000,Douban,44293,,,,7.7,榴莲飘飘 榴槤飄飄,,Drama,,"['17.7', '53.4', '26.7', '1.8', '0.4']",https://movie.douban.com/subject/1307681/,
1301711,2000,Douban,25466,,,,6.8,不死劫 Unbreakable,,Mystery / Thriller / Crime,,"['9.1', '32.5', '48.4', '8.6', '1.4']",https://movie.douban.com/subject/1301711/,
1297670,2000,Douban,14544,,,,6.1,致命罗密欧 Romeo Must Die,,Drama / Action / Romance / Thriller / Crime,,"['5.8', '16.4', '59.4', '16.0', '2.4']",https://movie.douban.com/subject/1297670/,
1296015,2000,Douban,39883,,,,8.2,运转手之恋 運転手之恋,,Comedy / Romance,,"['29.6', '51.6', '17.2', '1.3', '0.3']",https://movie.douban.com/subject/1296015/,
1306526,2000,Douban,94508,,,,7.9,触不到的恋人 시월애,,Romance / Fantasy,,"['23.5', '50.1', '24.4', '1.7', '0.3']",https://movie.douban.com/subject/1306526/,
1464448,2000,Douban,117015,,,,9.2,犬夜叉,,Drama / Romance / Animation / Thriller / Fantasy / Adventure,,"['65.7', '27.5', '6.0', '0.5', '0.3']",https://movie.douban.com/subject/1464448/,
2154859,2000,Douban,130369,,,,9.1,大明宫词,,Drama / Romance / Costume,,"['62.7', '29.8', '6.6', '0.6', '0.4']",https://movie.douban.com/subject/2154859/,
1300949,2000,Douban,4677,,,,7.1,疑云密布 Under Suspicion,,Drama / Thriller / Crime,,"['11.5', '40.0', '41.4', '6.1', '1.1']",https://movie.douban.com/subject/1300949/,
1299235,2000,Douban,16054,,,,7.6,毒品网络 Traffic,,Drama / Thriller / Crime,,"['17.0', '51.0', '28.6', '2.8', '0.7']",https://movie.douban.com/subject/1299235/,
2153598,2000,Douban,35349,,,,9.0,欲望都市 第三季 Sex and the City Season 3,,Comedy / Romance,,"['60.9', '31.5', '7.0', '0.4', '0.2']",https://movie.douban.com/subject/2153598/,
2161882,2000,Douban,44433,,,,9.3,男亲女爱 男親女愛,,Comedy,,"['71.4', '22.6', '5.1', '0.6', '0.4']",https://movie.douban.com/subject/2161882/,
1301886,2000,Douban,78859,,,,8.2,居家男人 The Family Man,,Drama / Comedy / Romance / Family / Fantasy,,"['33.1', '46.4', '18.6', '1.5', '0.3']",https://movie.douban.com/subject/1301886/,
1293899,2000,Douban,42497,,,,7.3,"一个头两个大 Me, Myself & Irene",,Comedy,,"['15.1', '40.4', '39.7', '4.3', '0.6']",https://movie.douban.com/subject/1293899/,
1291850,2000,Douban,80719,,,,8.4,站台,,Drama / History,,"['37.7', '47.0', '13.8', '1.2', '0.4']",https://movie.douban.com/subject/1291850/,
1308252,2000,Douban,57167,,,,7.6,江湖告急,,Comedy / Crime,,"['19.0', '48.5', '28.9', '3.0', '0.6']",https://movie.douban.com/subject/1308252/,
1302109,2000,Douban,148457,,,,8.3,十二夜,,Drama / Romance,,"['32.7', '49.3', '16.6', '1.2', '0.3']",https://movie.douban.com/subject/1302109/,
1304304,2000,Douban,32886,,,,8.2,朱丽叶与梁山伯 朱麗葉與梁山伯,,Drama / Romance,,"['32.0', '49.3', '16.9', '1.5', '0.3']",https://movie.douban.com/subject/1304304/,
1292270,2000,Douban,219728,,,,8.8,梦之安魂曲 Requiem for a Dream,,Drama,,"['52.2', '35.9', '10.1', '1.2', '0.5']",https://movie.douban.com/subject/1292270/,
1296459,2000,Douban,34434,,,,7.2,星际传奇 Pitch Black,,Action / Sci-Fi / Thriller,,"['13.5', '40.7', '39.6', '5.3', '0.9']",https://movie.douban.com/subject/1296459/,
2156667,2000,Douban,72814,,,,9.2,西游记续集,,Drama / Action / Fantasy / Adventure / Costume,,"['68.2', '23.3', '6.8', '1.1', '0.5']",https://movie.douban.com/subject/2156667/,
1298694,2000,Douban,22389,,,,7.7,恐龙 Dinosaur,,Animation / Adventure,,"['21.4', '44.5', '31.2', '2.5', '0.4']",https://movie.douban.com/subject/1298694/,
1300946,2000,Douban,16880,,,,7.5,业余小偷 Small Time Crooks,,Comedy / Crime,,"['15.1', '48.3', '33.3', '2.9', '0.4']",https://movie.douban.com/subject/1300946/,
1294893,2000,Douban,39525,,,,7.0,第六日 The 6th Day,,Action / Sci-Fi / Thriller,,"['9.5', '37.9', '47.5', '4.6', '0.5']",https://movie.douban.com/subject/1294893/,
1296949,2000,Douban,7696,,,,7.6,巴黎浮世绘 Code inconnu: Récit incomplet de divers voyages,,Drama,,"['17.0', '50.1', '28.4', '3.4', '1.0']",https://movie.douban.com/subject/1296949/,
1301056,2000,Douban,6618,,,,6.8,神鬼愿望 Bedazzled,,Comedy / Fantasy,,"['9.4', '30.7', '51.1', '7.3', '1.5']",https://movie.douban.com/subject/1301056/,
1301166,2000,Douban,33273,,,,7.6,垂直极限 Vertical Limit,,Action / Thriller / Adventure,,"['18.5', '49.2', '29.0', '2.8', '0.6']",https://movie.douban.com/subject/1301166/,
1293133,2000,Douban,21430,,,,6.3,惊声尖叫3 Scream 3,,Thriller / Horror,,"['7.5', '19.7', '57.2', '13.5', '2.1']",https://movie.douban.com/subject/1293133/,
1301328,2000,Douban,20696,,,,7.3,暗流 Les rivières pourpres,,Mystery / Thriller / Crime,,"['12.1', '45.7', '38.4', '3.3', '0.6']",https://movie.douban.com/subject/1301328/,
1297291,2000,Douban,85264,,,,6.8,夏日么么茶 夏日的麼麼茶,,Comedy / Romance,,"['8.9', '28.7', '54.4', '7.1', '0.9']",https://movie.douban.com/subject/1297291/,
1428366,2000,Douban,2483,,,,8.8,消消气 第一季 Curb Your Enthusiasm Season 1,,Comedy,,"['53.3', '35.3', '9.0', '1.1', '1.3']",https://movie.douban.com/subject/1428366/,
2333699,2000,Douban,20821,,,,8.7,蜡笔小新：呼风唤雨的热带雨林 クレヨンしんちゃん 嵐を呼ぶジャングル,,Comedy / Animation,,"['49.3', '37.4', '12.5', '0.7', '0.2']",https://movie.douban.com/subject/2333699/,
1856675,2000,Douban,16836,,,,7.8,海贼王剧场版1：黄金岛冒险 ONE PIECE 劇場版,,Comedy / Action / Animation / Fantasy / Adventure,,"['25.9', '41.5', '29.5', '2.6', '0.5']",https://movie.douban.com/subject/1856675/,
1424702,2000,Douban,17642,,,,9.1,冤家成双对 第一季 Coupling Season 1,,Comedy,,"['64.3', '27.4', '7.2', '0.8', '0.3']",https://movie.douban.com/subject/1424702/,
1465679,2000,Douban,26183,,,,8.6,圈套 トリック,,Drama / Comedy / Mystery,,"['47.5', '38.4', '12.6', '1.2', '0.3']",https://movie.douban.com/subject/1465679/,
1301890,2000,Douban,124337,,,,8.0,浓情巧克力 Chocolat,,Drama / Romance,,"['25.6', '51.2', '21.7', '1.3', '0.2']",https://movie.douban.com/subject/1301890/,
1297866,2000,Douban,33094,,,,6.5,上海正午 Shanghai Noon,,Comedy / Action / Western / Adventure,,"['7.0', '23.9', '58.3', '9.4', '1.4']",https://movie.douban.com/subject/1297866/,
2190935,2000,Douban,37008,,,,8.0,陀枪师姐2 陀槍師姐II,,Drama / Romance / Crime,,"['25.3', '51.8', '21.0', '1.5', '0.4']",https://movie.douban.com/subject/2190935/,
1437322,2000,Douban,23303,,,,7.9,人间四月天,,Drama / Romance,,"['23.4', '51.7', '22.7', '1.7', '0.6']",https://movie.douban.com/subject/1437322/,
1302271,2000,Douban,58512,,,,7.9,的士速递2 Taxi 2,,Comedy / Action / Crime,,"['22.4', '53.1', '23.0', '1.3', '0.2']",https://movie.douban.com/subject/1302271/,
1298252,2000,Douban,62516,,,,7.4,胜者为王 勝者為王,,Thriller / Crime,,"['18.0', '40.5', '36.4', '4.1', '0.9']",https://movie.douban.com/subject/1298252/,
1306692,2000,Douban,95459,,,,8.2,枪王 鎗王,,Action / Crime,,"['31.3', '48.4', '18.7', '1.4', '0.2']",https://movie.douban.com/subject/1306692/,
2357343,2000,Douban,34589,,,,7.6,天地传说之鱼美人,,Romance / Fantasy / Costume,,"['21.7', '41.9', '33.1', '2.8', '0.5']",https://movie.douban.com/subject/2357343/,
1818751,2000,Douban,4665,,,,8.4,情字路上 Mohabbatein,,Drama / Romance / Musical,,"['42.7', '38.4', '15.6', '2.4', '0.8']",https://movie.douban.com/subject/1818751/,
1470600,2000,Douban,70423,,,,8.6,鸟！鸟！鸟！ For the Birds,,Animation / Short / Family,,"['45.7', '40.9', '12.6', '0.6', '0.1']",https://movie.douban.com/subject/1470600/,
1296585,2000,Douban,6200,,,,7.7,精灵宝可梦：结晶塔的帝王 劇場版ポケットモンスター 結晶塔の帝王 ENTEI,,Action / Sci-Fi / Animation / Family / Fantasy / Adventure,,"['22.1', '43.2', '31.5', '2.9', '0.4']",https://movie.douban.com/subject/1296585/,
1304952,2000,Douban,6667,,,,7.9,黑板 تخته سیاه: خانه,,Drama / War,,"['23.2', '52.6', '21.6', '2.0', '0.6']",https://movie.douban.com/subject/1304952/,
1306850,2000,Douban,4421,,,,7.8,野花 Kytice,,Drama / Romance / Mystery / Horror,,"['26.6', '44.5', '24.3', '3.3', '1.3']",https://movie.douban.com/subject/1306850/,
3901687,2000,Douban,7810,,,,9.2,黑道家族 第二季 The Sopranos Season 2,,Drama / Thriller / Crime,,"['67.1', '27.2', '4.9', '0.4', '0.3']",https://movie.douban.com/subject/3901687/,
1427500,2000,Douban,44909,,,,9.2,同志亦凡人 第一季 Queer as Folk Season 1,,Drama / Homosexual,,"['69.9', '23.0', '6.2', '0.6', '0.3']",https://movie.douban.com/subject/1427500/,
2285865,2000,Douban,12870,,,,9.5,游戏王：怪兽之决斗 遊☆戯☆王デュエルモンスターズ,,Animation,,"['79.9', '16.0', '3.3', '0.5', '0.4']",https://movie.douban.com/subject/2285865/,
1294689,2000,Douban,9304,,,,8.2,中央舞台 Center Stage,,Drama / Musical,,"['30.6', '48.7', '19.2', '1.3', '0.2']",https://movie.douban.com/subject/1294689/,
1296787,2000,Douban,2216,,,,7.4,奇迹小子 Wonder Boys,,Drama / Comedy,,"['16.1', '42.5', '36.7', '3.6', '1.1']",https://movie.douban.com/subject/1296787/,
1427869,2000,Douban,932,,,,8.0,长崎漫步曲 長崎ぶらぶら節,,Drama / History,,"['30.4', '44.3', '21.9', '2.9', '0.4']",https://movie.douban.com/subject/1427869/,
1298876,2000,Douban,4204,,,,6.5,危机四伏 What Lies Beneath,,Drama / Mystery / Thriller / Horror,,"['7.0', '26.8', '54.7', '9.5', '2.1']",https://movie.douban.com/subject/1298876/,
1296874,2000,Douban,24806,,,,7.6,紧急迫降,,Drama / Disaster,,"['21.6', '41.7', '31.0', '4.5', '1.2']",https://movie.douban.com/subject/1296874/,
1294829,2000,Douban,63917,,,,7.1,拜见岳父大人 Meet the Parents,,Comedy / Romance,,"['9.6', '40.5', '44.7', '4.5', '0.6']",https://movie.douban.com/subject/1294829/,
1401338,2000,Douban,10446,,,,7.8,蓝色爱情,,Drama / Romance,,"['23.4', '45.9', '27.9', '2.4', '0.4']",https://movie.douban.com/subject/1401338/,
1759768,2000,Douban,2394,,,,7.0,继续 电影版：美丽梦想者 ケイゾク 映画 Beautiful Dreamer,,Mystery / Crime,,"['16.2', '30.0', '44.5', '7.5', '1.8']",https://movie.douban.com/subject/1759768/,
1761848,2000,Douban,40004,,,,8.6,夏娃的诱惑 이브의 모든것,,Drama / Romance,,"['46.0', '39.1', '13.9', '0.7', '0.2']",https://movie.douban.com/subject/1761848/,
1292973,2000,Douban,101769,,,,7.7,小鸡快跑 Chicken Run,,Comedy / Animation / Family,,"['19.0', '48.0', '31.0', '1.9', '0.3']",https://movie.douban.com/subject/1292973/,
1397550,2000,Douban,30591,,,,7.8,我是你爸爸,,Drama / Comedy,,"['21.7', '50.3', '25.4', '2.1', '0.5']",https://movie.douban.com/subject/1397550/,
3797823,2000,Douban,4557,,,,6.2,黑狱断肠歌2无期徒刑 黑獄斷腸歌II無期徒刑,,Thriller / Crime,,"['8.5', '17.5', '53.4', '17.1', '3.5']",https://movie.douban.com/subject/3797823/,
1461079,2000,Douban,29458,,,,8.0,咒怨 录像带版 呪怨 ビデオオリジナル版,,Mystery / Horror,,"['31.1', '42.2', '22.9', '2.9', '0.9']",https://movie.douban.com/subject/1461079/,
1299343,2000,Douban,3612,,,,6.9,一如既往 Keeping the Faith,,Drama / Comedy / Romance,,"['9.7', '30.6', '53.5', '5.4', '0.8']",https://movie.douban.com/subject/1299343/,
1297363,2000,Douban,19794,,,,6.8,薰衣草,,Romance / Fantasy,,"['11.5', '29.0', '50.6', '7.8', '1.1']",https://movie.douban.com/subject/1297363/,
1829859,2000,Douban,944,,,,7.9,旺妲的房间 No Quarto da Vanda,,Drama,,"['32.3', '39.4', '22.3', '4.2', '1.8']",https://movie.douban.com/subject/1829859/,
10540037,2000,Douban,20264,,,,8.3,创世纪2：天地有情 創世紀2：天地有情,,Drama,,"['43.2', '35.3', '16.2', '3.5', '1.8']",https://movie.douban.com/subject/10540037/,
2245679,2000,Douban,82455,,,,8.1,西游记后传,,Drama / Action / Fantasy,,"['39.6', '36.8', '16.7', '4.0', '2.9']",https://movie.douban.com/subject/2245679/,
1306463,2000,Douban,1130,,,,6.8,茅趸王 반칙왕,,Comedy / Sport,,"['9.2', '32.5', '48.6', '7.8', '1.9']",https://movie.douban.com/subject/1306463/,
1297481,2000,Douban,5088,,,,7.7,芳心何处 Where the Heart Is,,Drama / Comedy / Romance,,"['20.1', '46.3', '30.4', '2.7', '0.5']",https://movie.douban.com/subject/1297481/,
1299981,2000,Douban,87951,,,,7.1,惊声尖笑 Scary Movie,,Comedy,,"['14.7', '36.0', '40.5', '7.0', '1.7']",https://movie.douban.com/subject/1299981/,
1446994,2000,Douban,2844,,,,6.7,真相 실제상황,,Drama / Crime,,"['12.3', '26.6', '45.1', '13.2', '2.8']",https://movie.douban.com/subject/1446994/,
1293470,2000,Douban,66988,,,,6.8,透明人 Hollow Man,,Sci-Fi / Thriller / Horror,,"['8.0', '33.3', '51.5', '6.4', '0.8']",https://movie.douban.com/subject/1293470/,
1307868,2000,Douban,55586,,,,5.9,决战紫禁之巅,,Comedy / Action / Fantasy / Adventure,,"['4.7', '14.9', '56.2', '20.5', '3.7']",https://movie.douban.com/subject/1307868/,
1291562,2000,Douban,86625,,,,8.2,黑暗中的舞者 Dancer in the Dark,,Drama / Musical,,"['39.5', '38.3', '16.7', '3.8', '1.8']",https://movie.douban.com/subject/1291562/,
1299786,2000,Douban,7981,,,,7.3,失恋排行榜 High Fidelity,,Drama / Comedy / Romance / Music,,"['15.3', '39.7', '38.3', '5.8', '1.0']",https://movie.douban.com/subject/1299786/,
2270545,2000,Douban,132998,,,,7.9,春光灿烂猪八戒,,Drama / Comedy / Romance / Costume,,"['26.3', '45.8', '24.3', '2.8', '0.8']",https://movie.douban.com/subject/2270545/,
1412436,2000,Douban,22903,,,,9.0,特别的她 FLCL,,Drama / Comedy / Sci-Fi / Animation / Fantasy,,"['65.1', '23.9', '8.3', '1.8', '1.0']",https://movie.douban.com/subject/1412436/,
1301889,2000,Douban,6800,,,,7.9,惊爆十三天 Thirteen Days,,Drama / Thriller / History,,"['23.3', '52.7', '21.9', '1.7', '0.4']",https://movie.douban.com/subject/1301889/,
1306525,2000,Douban,451,,,,6.3,水的重量 The Weight of Water,,Drama / Mystery / Thriller,,"['7.7', '24.1', '49.5', '12.4', '6.4']",https://movie.douban.com/subject/1306525/,
1306044,2000,Douban,1491,,,,8.0,颜 顔,,Drama / Comedy,,"['26.2', '51.2', '18.3', '3.1', '1.2']",https://movie.douban.com/subject/1306044/,
3055044,1985,Douban,11090,,,,8.5,吸血鬼猎人D 吸血鬼ハンターD,,Animation / Horror / Fantasy,,"['47.0', '34.6', '15.8', '2.1', '0.5']",https://movie.douban.com/subject/3055044/,
1308101,2000,Douban,12902,,,,7.1,处女心经 오! 수정,,Romance,,"['13.0', '40.9', '38.1', '6.3', '1.7']",https://movie.douban.com/subject/1308101/,
1293815,2000,Douban,40223,,,,7.6,完美风暴 The Perfect Storm,,Drama / Disaster,,"['17.5', '49.2', '30.5', '2.4', '0.4']",https://movie.douban.com/subject/1293815/,
1302029,2000,Douban,903,,,,6.6,迷情漩涡 Maelström,,Drama,,"['7.0', '28.6', '51.1', '11.4', '1.8']",https://movie.douban.com/subject/1302029/,
3286547,2000,Douban,146127,,,,9.8,老友记 第七季 Friends Season 7,,Comedy / Romance,,"['89.6', '9.1', '1.1', '0.1', '0.1']",https://movie.douban.com/subject/3286547/,
20442884,2000,Douban,2477,,,,9.4,欢乐一家亲 第八季 Frasier Season 8,,,,"['75.7', '19.6', '3.9', '0.5', '0.3']",https://movie.douban.com/subject/20442884/,
1298189,2000,Douban,53444,,,,7.4,极速60秒 Gone in 60 Seconds,,Action / Thriller / Crime,,"['14.6', '44.5', '36.9', '3.5', '0.5']",https://movie.douban.com/subject/1298189/,
1308494,2000,Douban,1985,,,,7.2,情迷步话机 동감,,Romance / Sci-Fi,,"['13.8', '41.0', '39.5', '4.4', '1.3']",https://movie.douban.com/subject/1308494/,
19959647,2000,Douban,3027,,,,9.2,马尔科姆的一家 第一季 Malcolm in the Middle Season 1,,Comedy,,"['70.2', '23.3', '5.5', '0.4', '0.6']",https://movie.douban.com/subject/19959647/,
3393386,2000,Douban,12431,,,,7.7,咒怨2 录像带版 呪怨2 ビデオオリジナル版,,Horror,,"['25.9', '40.2', '28.8', '4.2', '0.9']",https://movie.douban.com/subject/3393386/,
1417073,2000,Douban,12190,,,,7.7,最后的吸血鬼 BLOOD THE LAST VAMPIRE,,Action / Animation / Horror,,"['23.9', '43.3', '29.3', '2.8', '0.7']",https://movie.douban.com/subject/1417073/,
2229576,2000,Douban,171760,,,,8.7,上错花轿嫁对郎,,Drama / Comedy / Romance / Costume,,"['48.7', '37.6', '12.4', '1.1', '0.3']",https://movie.douban.com/subject/2229576/,
1302458,2000,Douban,4520,,,,7.4,救姜刑警 救薑刑警,,Comedy / Crime,,"['16.2', '43.9', '36.2', '2.9', '0.7']",https://movie.douban.com/subject/1302458/,
2246589,2000,Douban,4009,,,,7.9,钢铁是怎样炼成的,,Drama / History / War,,"['30.5', '41.5', '23.3', '2.5', '2.2']",https://movie.douban.com/subject/2246589/,
2252736,2000,Douban,22302,,,,7.1,康熙微服私访记3,,Drama / History / Costume,,"['14.0', '34.7', '46.2', '3.9', '1.2']",https://movie.douban.com/subject/2252736/,
1994761,2000,Douban,149,,,,8.1,男孩的生活3 Boys Life 3,,Drama / Romance,,"['50.0', '16.7', '25.0', '5.0', '3.3']",https://movie.douban.com/subject/1994761/,
4044821,2006,Douban,10536,,,,8.2,马大帅3 马大帅III,,Comedy / Family,,"['39.2', '36.9', '20.2', '2.7', '1.0']",https://movie.douban.com/subject/4044821/,
1294358,1999,Douban,2332,,,,6.7,哈啦猛男秀 Deuce Bigalow: Male Gigolo,,Comedy,,"['10.6', '29.0', '48.6', '9.7', '2.1']",https://movie.douban.com/subject/1294358/,
2248733,2002,Douban,1184,,,,6.6,火帅,,Drama / Costume,,"['10.5', '26.3', '50.6', '10.1', '2.6']",https://movie.douban.com/subject/2248733/,
3321892,2000,Douban,26239,,,,9.0,迪迦奥特曼：最终圣战 ウルトラマンティガ THE FINAL ODYSSEY,,Action / Sci-Fi / Fantasy / Adventure,,"['62.3', '27.4', '8.5', '1.0', '0.7']",https://movie.douban.com/subject/3321892/,
2330661,2000,Douban,865,,,,5.7,防守反击,,Comedy / Romance,,"['10.9', '11.0', '41.5', '25.4', '11.2']",https://movie.douban.com/subject/2330661/,
3792940,2005,Douban,4319,,,,8.3,天剑群侠,,Romance / Chinese swordplay,,"['37.7', '42.2', '17.4', '1.9', '0.8']",https://movie.douban.com/subject/3792940/,
4149298,2000,Douban,326,,,,7.6,廉政行动1996 廉政行動1996,,Drama,,"['20.1', '46.4', '28.9', '2.9', '1.7']",https://movie.douban.com/subject/4149298/,
3149884,2000,Douban,1755,,,,9.0,人人都爱雷蒙德 第五季 Everybody Loves Raymond Season 5,,Comedy / Family,,"['60.1', '31.4', '7.0', '1.0', '0.5']",https://movie.douban.com/subject/3149884/,
1476669,2000,Douban,4769,,,,6.0,炭烧凶咒 炭燒凶咒,,Horror,,"['8.2', '15.7', '50.8', '20.3', '5.1']",https://movie.douban.com/subject/1476669/,
1304641,2001,Douban,144132,,,,7.8,红磨坊 Moulin Rouge!,,Drama / Romance / Musical,,"['24.4', '47.3', '25.0', '2.8', '0.5']",https://movie.douban.com/subject/1304641/,
1308742,2004,Douban,30779,,,,5.7,魔幻厨房,,Comedy / Romance,,"['3.7', '11.2', '54.3', '25.9', '4.9']",https://movie.douban.com/subject/1308742/,
1308748,2003,Douban,42605,,,,6.4,地下铁 地下鐵,,Romance,,"['5.6', '21.8', '60.7', '10.7', '1.2']",https://movie.douban.com/subject/1308748/,
1300565,2000,Douban,4577,,,,6.6,机票情缘 Bounce,,Drama / Romance,,"['8.8', '27.0', '52.6', '10.0', '1.6']",https://movie.douban.com/subject/1300565/,
1306730,2001,Douban,84818,,,,7.6,钢琴教师 La pianiste,,Drama / Romance / Thriller / Eroticism,,"['20.1', '43.7', '31.0', '4.2', '1.0']",https://movie.douban.com/subject/1306730/,
1465021,2000,Douban,21309,,,,8.4,美丽人生 ビューティフルライフ,,Drama / Romance,,"['38.2', '44.1', '16.4', '1.0', '0.2']",https://movie.douban.com/subject/1465021/,
1296499,2000,Douban,4610,,,,7.1,生命的证据 Proof of Life,,Drama / Action / Thriller,,"['12.3', '37.9', '44.4', '4.8', '0.7']",https://movie.douban.com/subject/1296499/,
1308789,2000,Douban,207,,,,7.5,迷惑 Bamboozled,,Drama / Comedy / Music,,"['25.2', '32.5', '38.0', '3.1', '1.2']",https://movie.douban.com/subject/1308789/,
1302208,2001,Douban,1173,,,,6.8,初恋滋味 初恋嗱喳面,,Comedy / Romance,,"['11.5', '30.4', '46.8', '9.1', '2.1']",https://movie.douban.com/subject/1302208/,
2150545,2002,Douban,9625,,,,7.2,爱情白皮书 愛情白皮書,,Romance,,"['17.0', '35.7', '40.9', '5.3', '1.1']",https://movie.douban.com/subject/2150545/,
1421469,2000,Douban,8386,,,,8.9,铁路沿线,,Documentary,,"['53.4', '39.2', '6.9', '0.4', '0.1']",https://movie.douban.com/subject/1421469/,
1394874,1999,Douban,891,,,,7.3,荒凉幻境 大いなる幻影,,Drama,,"['17.9', '40.7', '33.7', '5.9', '2.0']",https://movie.douban.com/subject/1394874/,
1437883,2005,Douban,19829,,,,6.6,怪物,,Horror,,"['7.8', '25.6', '54.5', '10.6', '1.5']",https://movie.douban.com/subject/1437883/,
1294525,2000,Douban,303,,,,5.5,高地人4：终极之战 Highlander: Endgame,,Action / Sci-Fi / Fantasy / Adventure,,"['7.0', '11.8', '43.9', '26.2', '11.2']",https://movie.douban.com/subject/1294525/,
1304708,2001,Douban,82402,,,,7.6,游园惊梦 遊園驚夢,,Drama / Romance / Homosexual,,"['20.7', '43.8', '30.9', '3.9', '0.7']",https://movie.douban.com/subject/1304708/,
1292215,2001,Douban,1017636,,,,8.7,天使爱美丽 Le Fabuleux destin d'Amélie Poulain,,Drama / Comedy / Romance,,"['50.0', '36.7', '11.8', '1.2', '0.3']",https://movie.douban.com/subject/1292215/,
1301578,2001,Douban,205147,,,,7.9,十一罗汉 Ocean's Eleven,,Thriller / Crime,,"['21.7', '53.9', '22.9', '1.3', '0.2']",https://movie.douban.com/subject/1301578/,
1301459,2001,Douban,329063,,,,8.2,小岛惊魂 The Others,,Drama / Mystery / Horror,,"['30.8', '50.6', '17.1', '1.2', '0.3']",https://movie.douban.com/subject/1301459/,
1291847,2001,Douban,119028,,,,7.8,十七岁的单车,,Drama,,"['20.8', '52.7', '23.9', '2.1', '0.5']",https://movie.douban.com/subject/1291847/,
1304022,2001,Douban,235674,,,,8.0,大腕,,Comedy,,"['25.5', '50.0', '22.3', '1.9', '0.3']",https://movie.douban.com/subject/1304022/,
1299054,2001,Douban,77601,,,,7.5,香草的天空 Vanilla Sky,,Romance / Sci-Fi / Mystery / Thriller,,"['17.7', '44.4', '33.5', '3.8', '0.6']",https://movie.douban.com/subject/1299054/,
1307394,2001,Douban,316221,,,,8.8,千年女优 千年女優,,Drama / Romance / Animation,,"['53.8', '35.4', '9.6', '0.9', '0.3']",https://movie.douban.com/subject/1307394/,
1291579,2001,Douban,765601,,,,8.8,"怪兽电力公司 Monsters, Inc.",,Comedy / Animation / Children / Fantasy / Adventure,,"['49.7', '40.7', '9.1', '0.4', '0.1']",https://movie.douban.com/subject/1291579/,
2978224,2001,Douban,138135,,,,8.3,流星花园 流星花園,,Drama / Comedy / Romance,,"['37.9', '41.9', '17.5', '1.8', '0.9']",https://movie.douban.com/subject/2978224/,
1302987,2001,Douban,292261,,,,8.1,珍珠港 Pearl Harbor,,Drama / Romance / History / War,,"['29.1', '48.0', '20.7', '1.8', '0.3']",https://movie.douban.com/subject/1302987/,
1304585,2001,Douban,247900,,,,7.5,BJ单身日记 Bridget Jones's Diary,,Comedy / Romance,,"['17.8', '43.8', '33.9', '3.9', '0.6']",https://movie.douban.com/subject/1304585/,
1291824,2001,Douban,315693,,,,8.7,黑鹰坠落 Black Hawk Down,,Action / History / War,,"['47.3', '41.3', '10.4', '0.8', '0.3']",https://movie.douban.com/subject/1291824/,
1292217,2001,Douban,503636,,,,8.4,穆赫兰道 Mulholland Dr.,,Drama / Mystery / Thriller,,"['44.1', '38.8', '13.7', '2.3', '1.2']",https://movie.douban.com/subject/1292217/,
1301746,2001,Douban,234288,,,,8.3,汉尼拔 Hannibal,,Thriller / Crime,,"['34.8', '47.9', '15.7', '1.3', '0.3']",https://movie.douban.com/subject/1301746/,
1304338,2001,Douban,48734,,,,6.9,决战猩球 Planet of the Apes,,Action / Sci-Fi / Thriller / Adventure,,"['9.7', '34.3', '47.7', '7.1', '1.1']",https://movie.douban.com/subject/1304338/,
1302827,2001,Douban,499919,,,,8.7,人工智能 A.I. Artificial Intelligence,,Drama / Sci-Fi,,"['48.8', '38.3', '11.4', '1.2', '0.3']",https://movie.douban.com/subject/1302827/,
1291571,2001,Douban,950867,,,,9.1,指环王1：护戒使者 The Lord of the Rings: The Fellowship of the Ring,,Drama / Action / Fantasy / Adventure,,"['63.9', '28.6', '6.8', '0.6', '0.2']",https://movie.douban.com/subject/1291571/,
1304898,2001,Douban,104609,,,,8.1,训练日 Training Day,,Drama / Thriller / Crime,,"['26.1', '53.3', '19.1', '1.3', '0.3']",https://movie.douban.com/subject/1304898/,
1302476,2001,Douban,196343,,,,8.6,麦兜故事 麥兜故事,,Drama / Comedy / Animation,,"['46.0', '39.9', '12.7', '1.1', '0.3']",https://movie.douban.com/subject/1302476/,
1306607,2001,Douban,104531,,,,8.5,K星异客 K-PAX,,Drama / Sci-Fi,,"['41.7', '44.3', '12.5', '1.2', '0.3']",https://movie.douban.com/subject/1306607/,
1873535,2001,Douban,51979,,,,7.2,千禧曼波,,Drama / Romance,,"['14.7', '39.1', '40.1', '5.3', '0.8']",https://movie.douban.com/subject/1873535/,
1830590,2001,Douban,199877,,,,9.1,康熙王朝,,Drama / Romance / Biography / History,,"['66.8', '26.3', '5.1', '0.8', '1.0']",https://movie.douban.com/subject/1830590/,
1308561,2001,Douban,12383,,,,7.3,回路,,Thriller / Horror,,"['18.1', '39.9', '32.5', '7.4', '2.1']",https://movie.douban.com/subject/1308561/,
1297747,2001,Douban,463551,,,,8.2,少林足球,,Comedy / Action / Sport,,"['34.6', '42.8', '20.2', '2.1', '0.3']",https://movie.douban.com/subject/1297747/,
1292219,2001,Douban,201579,,,,7.9,关于莉莉周的一切 リリイ·シュシュのすべて,,Drama,,"['30.2', '41.7', '23.5', '3.5', '1.1']",https://movie.douban.com/subject/1292219/,
1303203,2001,Douban,173423,,,,7.0,瘦身男女,,Comedy / Romance,,"['10.9', '33.4', '49.5', '5.5', '0.6']",https://movie.douban.com/subject/1303203/,
1308338,2001,Douban,95861,,,,7.0,蜀山传 蜀山傳,,Drama / Action / Fantasy / Chinese swordplay / Costume,,"['16.5', '30.9', '39.6', '10.7', '2.3']",https://movie.douban.com/subject/1308338/,
2155290,2001,Douban,92463,,,,8.5,笑傲江湖,,Drama / Romance / Chinese swordplay,,"['47.6', '34.3', '13.4', '2.6', '2.1']",https://movie.douban.com/subject/2155290/,
1301359,2001,Douban,69963,,,,8.3,五个扑水的少年 ウォーターボーイズ,,Comedy / Sport,,"['34.4', '48.6', '15.5', '1.1', '0.3']",https://movie.douban.com/subject/1301359/,
1293173,2001,Douban,148745,,,,7.1,古墓丽影 Lara Croft: Tomb Raider,,Action / Adventure,,"['11.7', '40.0', '42.8', '4.8', '0.7']",https://movie.douban.com/subject/1293173/,
1304981,2001,Douban,15407,,,,8.0,半梦半醒的人生 Waking Life,,Drama / Animation / Mystery / Fantasy,,"['31.3', '41.4', '22.3', '3.8', '1.2']",https://movie.douban.com/subject/1304981/,
1298854,2001,Douban,32950,,,,8.7,24小时 第一季 24 Season 1,,Drama / Action / Mystery / Thriller / Crime,,"['51.7', '34.2', '12.0', '1.4', '0.6']",https://movie.douban.com/subject/1298854/,
1308111,2001,Douban,115661,,,,7.1,钟无艳 鍾無艷,,Comedy / Fantasy / Costume,,"['13.5', '35.7', '43.6', '6.1', '1.0']",https://movie.douban.com/subject/1308111/,
1308076,2001,Douban,346073,,,,8.4,蓝宇 藍宇,,Drama / Romance / Homosexual,,"['39.7', '44.3', '14.7', '1.1', '0.2']",https://movie.douban.com/subject/1308076/,
2983389,2001,Douban,152288,,,,8.6,寻秦记 尋秦記,,Drama / Comedy / History,,"['44.7', '42.5', '11.6', '0.9', '0.3']",https://movie.douban.com/subject/2983389/,
1305065,2001,Douban,372051,,,,7.6,公主日记 The Princess Diaries,,Comedy / Romance / Family,,"['18.7', '47.2', '31.6', '2.2', '0.3']",https://movie.douban.com/subject/1305065/,
1305066,2001,Douban,15613,,,,7.8,亡命夺宝 Rat Race,,Comedy / Adventure,,"['25.7', '45.3', '25.2', '3.2', '0.6']",https://movie.douban.com/subject/1305066/,
2248757,2001,Douban,122135,,,,8.4,铁齿铜牙纪晓岚,,Drama / Comedy / Costume,,"['37.7', '48.4', '12.9', '0.7', '0.4']",https://movie.douban.com/subject/2248757/,
2157150,2001,Douban,78876,,,,7.6,少年包青天2 少年包青天Ⅱ,,Drama / Mystery / Crime / Costume,,"['20.6', '44.0', '31.3', '3.4', '0.7']",https://movie.douban.com/subject/2157150/,
1291561,2001,Douban,2510843,,,,9.4,千与千寻 千と千尋の神隠し,,Drama / Animation / Fantasy,,"['73.6', '22.7', '3.3', '0.2', '0.1']",https://movie.douban.com/subject/1291561/,
1297859,2001,Douban,765,,,,8.0,横竖横,,Drama,,"['27.9', '49.6', '19.7', '2.0', '0.7']",https://movie.douban.com/subject/1297859/,
1856674,2001,Douban,14245,,,,7.7,海贼王剧场版2：发条岛的冒险 ONE PIECE ねじまき島の冒険,,Comedy / Animation / Fantasy / Adventure,,"['24.0', '41.9', '30.8', '2.7', '0.6']",https://movie.douban.com/subject/1856674/,
1295038,2001,Douban,1405182,,,,9.2,哈利·波特与魔法石 Harry Potter and the Sorcerer's Stone,,Fantasy / Adventure,,"['66.2', '27.8', '5.5', '0.3', '0.1']",https://movie.douban.com/subject/1295038/,
1307847,2001,Douban,139284,,,,9.6,兄弟连 Band of Brothers,,Drama / Action / History / War,,"['82.1', '15.1', '2.5', '0.2', '0.1']",https://movie.douban.com/subject/1307847/,
1301726,2001,Douban,209846,,,,8.4,兵临城下 Enemy at the Gates,,Drama / History / War,,"['38.5', '46.9', '12.6', '1.3', '0.8']",https://movie.douban.com/subject/1301726/,
1306861,2001,Douban,374553,,,,9.0,我是山姆 I Am Sam,,Drama / Family,,"['57.5', '34.6', '7.2', '0.5', '0.2']",https://movie.douban.com/subject/1306861/,
1304854,2001,Douban,300179,,,,7.9,律政俏佳人 Legally Blonde,,Comedy / Romance,,"['24.5', '46.4', '26.5', '2.2', '0.4']",https://movie.douban.com/subject/1304854/,
2181930,2001,Douban,211542,,,,9.4,大宅门,,Drama / Romance / Family / Biography / History,,"['73.5', '22.0', '3.8', '0.4', '0.3']",https://movie.douban.com/subject/2181930/,
1291569,2001,Douban,37979,,,,8.1,大都会 メトロポリス,,Sci-Fi / Animation / Adventure,,"['30.0', '46.0', '21.6', '1.9', '0.5']",https://movie.douban.com/subject/1291569/,
1291581,2001,Douban,206468,,,,8.0,怪物史瑞克 Shrek,,Comedy / Animation / Family / Fantasy / Adventure,,"['23.4', '52.4', '22.8', '1.2', '0.2']",https://movie.douban.com/subject/1291581/,
1786742,2001,Douban,191547,,,,7.5,情深深雨濛濛,,Drama / Romance / Music / War,,"['20.6', '39.6', '34.6', '4.0', '1.2']",https://movie.douban.com/subject/1786742/,
1306029,2001,Douban,847926,,,,9.1,美丽心灵 A Beautiful Mind,,Drama / Biography,,"['60.1', '33.4', '6.1', '0.4', '0.1']",https://movie.douban.com/subject/1306029/,
1305524,2001,Douban,17230,,,,7.3,深入敌后 Behind Enemy Lines,,Action / Thriller / War,,"['14.7', '44.0', '36.0', '4.2', '1.0']",https://movie.douban.com/subject/1305524/,
2357703,2001,Douban,155878,,,,8.7,名侦探柯南：通向天国的倒计时 名探偵コナン 天国へのカウントダウン,,Action / Animation / Mystery / Thriller,,"['46.9', '41.8', '10.6', '0.5', '0.1']",https://movie.douban.com/subject/2357703/,
1302638,2001,Douban,10405,,,,6.2,幽灵人间 幽靈人間,,Mystery / Horror / Fantasy,,"['6.5', '19.8', '55.7', '15.2', '2.8']",https://movie.douban.com/subject/1302638/,
1305067,2001,Douban,35815,,,,6.3,宇宙追缉令 The One,,Action / Sci-Fi / Thriller,,"['7.1', '21.2', '54.8', '14.6', '2.3']",https://movie.douban.com/subject/1305067/,
1305068,2001,Douban,53405,,,,7.1,美国派2 American Pie 2,,Comedy / Romance,,"['13.2', '35.6', '45.8', '4.7', '0.7']",https://movie.douban.com/subject/1305068/,
1325007,2001,Douban,22026,,,,9.6,蓝色星球 第一季 The Blue Planet Season 1,,Documentary,,"['83.8', '14.1', '1.8', '0.1', '0.2']",https://movie.douban.com/subject/1325007/,
2153480,2001,Douban,63958,,,,8.2,像雾像雨又像风,,Drama / Romance,,"['31.1', '48.6', '18.6', '1.3', '0.4']",https://movie.douban.com/subject/2153480/,
3286548,2001,Douban,139100,,,,9.7,老友记 第八季 Friends Season 8,,Comedy / Romance,,"['87.8', '10.5', '1.5', '0.1', '0.1']",https://movie.douban.com/subject/3286548/,
1958667,2001,Douban,83859,,,,9.0,蜡笔小新：大人王国的反击 クレヨンしんちゃん 嵐を呼ぶ モーレツ!オトナ帝国の逆襲,,Comedy / Animation,,"['58.2', '32.6', '8.2', '0.8', '0.2']",https://movie.douban.com/subject/1958667/,
1550445,2001,Douban,18439,,,,8.4,情不自禁,,Drama,,"['40.8', '40.2', '16.4', '2.0', '0.6']",https://movie.douban.com/subject/1550445/,
2190963,2001,Douban,30636,,,,7.9,陀枪师姐3 陀槍師姐III,,Drama,,"['23.1', '49.8', '25.3', '1.5', '0.3']",https://movie.douban.com/subject/2190963/,
1297598,2001,Douban,34382,,,,7.5,露西亚的情人 Lucía y el sexo,,Drama / Romance / Eroticism,,"['18.4', '44.7', '31.8', '4.1', '0.9']",https://movie.douban.com/subject/1297598/,
3023296,2001,Douban,85126,,,,8.4,封神榜,,Fantasy / Costume,,"['37.8', '45.0', '15.3', '1.4', '0.6']",https://movie.douban.com/subject/3023296/,
1306303,2001,Douban,36131,,,,8.5,无主之地 Ničija zemlja,,Drama / War,,"['39.6', '49.3', '10.2', '0.7', '0.2']",https://movie.douban.com/subject/1306303/,
1474243,2001,Douban,64046,,,,9.3,棋魂 ヒカルの碁,,Animation / Fantasy,,"['72.7', '22.2', '4.6', '0.3', '0.1']",https://movie.douban.com/subject/1474243/,
1303917,2001,Douban,40323,,,,7.8,阴阳师 陰陽師,,Drama / Action / Horror / Fantasy,,"['24.2', '45.7', '26.6', '2.9', '0.6']",https://movie.douban.com/subject/1303917/,
1303333,2001,Douban,25798,,,,7.5,你妈妈也一样 Y tu mamá también,,Drama / Eroticism,,"['18.4', '46.1', '30.6', '4.0', '0.9']",https://movie.douban.com/subject/1303333/,
1302242,2001,Douban,31802,,,,6.7,特务迷城 特務迷城,,Comedy / Action / Thriller,,"['8.5', '28.0', '55.7', '6.9', '0.9']",https://movie.douban.com/subject/1302242/,
2153595,2001,Douban,32335,,,,9.1,欲望都市 第四季 Sex and the City Season 4,,Comedy / Romance,,"['62.6', '30.3', '6.4', '0.4', '0.2']",https://movie.douban.com/subject/2153595/,
1298213,2001,Douban,31550,,,,7.2,北京乐与路 北京樂與路,,Drama / Music,,"['16.0', '39.6', '36.3', '6.6', '1.4']",https://movie.douban.com/subject/1298213/,
1305902,2001,Douban,26319,,,,7.1,谁说我不在乎,,Drama / Comedy / Family,,"['11.4', '39.2', '44.5', '4.1', '0.7']",https://movie.douban.com/subject/1305902/,
1304899,2001,Douban,221573,,,,7.9,速度与激情 The Fast and the Furious,,Action / Crime,,"['24.6', '48.5', '24.9', '1.7', '0.3']",https://movie.douban.com/subject/1304899/,
1298586,2001,Douban,154485,,,,7.6,木乃伊归来 The Mummy Returns,,Action / Fantasy / Adventure,,"['17.5', '48.1', '31.5', '2.5', '0.3']",https://movie.douban.com/subject/1298586/,
1304485,2001,Douban,79462,,,,7.4,穿越时空爱上你 Kate & Leopold,,Comedy / Romance / Fantasy,,"['15.0', '44.9', '36.8', '3.0', '0.3']",https://movie.douban.com/subject/1304485/,
1298346,2001,Douban,55501,,,,6.2,芭啦芭啦樱之花,,Drama / Comedy / Romance / Musical,,"['5.2', '18.2', '59.8', '14.4', '2.5']",https://movie.douban.com/subject/1298346/,
1306031,2001,Douban,55122,,,,8.1,天才一族 The Royal Tenenbaums,,Drama / Comedy / Family,,"['28.1', '49.9', '19.9', '1.7', '0.4']",https://movie.douban.com/subject/1306031/,
1305541,2001,Douban,74152,,,,7.5,缘分天注定 Serendipity,,Comedy / Romance / Fantasy,,"['20.2', '42.1', '33.0', '3.9', '0.9']",https://movie.douban.com/subject/1305541/,
1308120,2001,Douban,52290,,,,6.6,暗战2 暗戰2,,Action / Crime,,"['9.4', '28.3', '49.2', '11.2', '1.8']",https://movie.douban.com/subject/1308120/,
1292286,2001,Douban,479967,,,,8.3,我的野蛮女友 엽기적인 그녀,,Drama / Comedy / Romance,,"['34.9', '45.4', '18.2', '1.2', '0.3']",https://movie.douban.com/subject/1292286/,
1695241,2001,Douban,9840,,,,6.9,异魔禁区 Dagon,,Mystery / Thriller / Horror / Fantasy,,"['12.6', '33.2', '43.1', '9.0', '2.1']",https://movie.douban.com/subject/1695241/,
1308590,2001,Douban,13137,,,,6.2,玉女添丁,,Comedy,,"['5.7', '16.3', '60.2', '15.6', '2.2']",https://movie.douban.com/subject/1308590/,
2148374,2001,Douban,64665,,,,8.2,不要和陌生人说话,,Drama / Family,,"['31.1', '51.3', '16.4', '1.0', '0.3']",https://movie.douban.com/subject/2148374/,
1305092,2001,Douban,9285,,,,8.1,何处是我家 Nirgendwo in Afrika,,Drama / Biography,,"['27.8', '52.4', '18.2', '1.2', '0.4']",https://movie.douban.com/subject/1305092/,
1305248,2001,Douban,32536,,,,7.2,来自地狱 From Hell,,Mystery / Thriller / Horror,,"['12.5', '41.1', '41.2', '4.6', '0.7']",https://movie.douban.com/subject/1305248/,
20442885,2001,Douban,2355,,,,9.4,欢乐一家亲 第九季 Frasier Season 9,,,,"['77.5', '18.4', '3.4', '0.6', '0.2']",https://movie.douban.com/subject/20442885/,
1306662,2001,Douban,86155,,,,7.3,死亡幻觉 Donnie Darko,,Drama / Sci-Fi / Mystery / Thriller,,"['18.6', '38.6', '34.0', '6.7', '2.0']",https://movie.douban.com/subject/1306662/,
1306663,2001,Douban,29371,,,,7.8,朋友 친구,,Drama / Action / Crime,,"['21.9', '47.9', '27.6', '2.2', '0.5']",https://movie.douban.com/subject/1306663/,
1401390,2001,Douban,15033,,,,6.3,有情饮水饱,,Comedy / Romance,,"['5.7', '20.0', '61.3', '11.2', '1.6']",https://movie.douban.com/subject/1401390/,
1304642,2001,Douban,95346,,,,7.2,尖峰时刻2 Rush Hour 2,,Comedy / Action / Thriller / Crime,,"['13.5', '37.6', '44.5', '3.8', '0.5']",https://movie.douban.com/subject/1304642/,
1301926,2001,Douban,12195,,,,8.7,摇滚芭比 Hedwig and the Angry Inch,,Drama / Comedy / Homosexual / Music,,"['50.7', '36.3', '11.4', '1.2', '0.4']",https://movie.douban.com/subject/1301926/,
1307772,2001,Douban,2863,,,,7.5,季风婚宴 Monsoon Wedding,,Drama / Comedy / Romance,,"['16.4', '47.6', '32.1', '3.1', '0.8']",https://movie.douban.com/subject/1307772/,
2190981,2001,Douban,62740,,,,8.9,重案六组,,Drama / Crime,,"['53.6', '37.9', '7.7', '0.5', '0.3']",https://movie.douban.com/subject/2190981/,
1299593,2001,Douban,10202,,,,7.5,战地情人 Captain Corelli's Mandolin,,Drama / Romance / Music / War,,"['17.2', '45.3', '33.7', '3.1', '0.7']",https://movie.douban.com/subject/1299593/,
1306254,2001,Douban,12349,,,,7.8,最后的城堡 The Last Castle,,Drama / Action,,"['22.9', '48.0', '25.7', '2.7', '0.7']",https://movie.douban.com/subject/1306254/,
1295513,2001,Douban,300,,,,6.5,欲劫迷离 The Deep End,,Drama / Mystery / Thriller / Crime,,"['6.5', '26.1', '53.8', '12.1', '1.5']",https://movie.douban.com/subject/1295513/,
1316513,2001,Douban,40656,,,,7.5,我的兄弟姐妹,,Family,,"['16.9', '43.6', '35.7', '3.3', '0.4']",https://movie.douban.com/subject/1316513/,
20273843,2001,Douban,6081,,,,9.3,三个摩梭女子的故事 三個摩梭女子的故事,,Documentary,,"['71.0', '24.8', '3.8', '0.2', '0.2']",https://movie.douban.com/subject/20273843/,
2156727,2001,Douban,12988,,,,8.8,长征,,Drama / History,,"['54.8', '33.6', '9.4', '1.0', '1.2']",https://movie.douban.com/subject/2156727/,
1308345,2001,Douban,10190,,,,6.6,野兽之瞳,,Drama / Action,,"['9.0', '26.8', '52.8', '10.0', '1.4']",https://movie.douban.com/subject/1308345/,
3315628,2001,Douban,1160,,,,8.3,鲁邦三世：通往恶魔岛 ルパン三世 アルカトラズコネクション,,Comedy / Action / Animation / Mystery / Crime,,"['38.7', '42.1', '17.1', '1.3', '0.8']",https://movie.douban.com/subject/3315628/,
1297659,2001,Douban,46309,,,,6.6,卢浮魅影 Belphégor - Le fantôme du Louvre,,Mystery / Horror / Fantasy,,"['7.4', '28.3', '53.7', '9.3', '1.3']",https://movie.douban.com/subject/1297659/,
1295629,2001,Douban,46168,,,,7.5,杀手阿一 殺し屋1,,Drama / Comedy / Action / Thriller / Horror / Crime,,"['22.4', '40.3', '30.0', '5.3', '2.0']",https://movie.douban.com/subject/1295629/,
1302233,2001,Douban,10134,,,,7.1,情人眼里出西施 Shallow Hal,,Drama / Comedy / Romance / Fantasy,,"['12.6', '35.7', '45.6', '4.9', '1.3']",https://movie.douban.com/subject/1302233/,
1441060,2001,Douban,36315,,,,8.9,律政英雄 HERO,,Drama / Mystery,,"['53.9', '36.5', '8.8', '0.5', '0.2']",https://movie.douban.com/subject/1441060/,
1307922,2001,Douban,32168,,,,6.7,九龙冰室 九龍冰室,,Drama / Action,,"['10.2', '26.9', '52.6', '9.0', '1.3']",https://movie.douban.com/subject/1307922/,
1300021,2001,Douban,4635,,,,7.4,礼物 선물,,Drama / Romance,,"['17.2', '43.0', '34.6', '3.8', '1.3']",https://movie.douban.com/subject/1300021/,
4022115,2001,Douban,9303,,,,9.4,冤家成双对 第二季 Coupling Season 2,,Comedy,,"['75.7', '20.6', '3.4', '0.1', '0.1']",https://movie.douban.com/subject/4022115/,
1306984,2001,Douban,11720,,,,6.4,恐怖热线之大头怪婴 恐怖熱線之大頭怪嬰,,Horror,,"['9.1', '24.2', '47.2', '15.6', '3.9']",https://movie.douban.com/subject/1306984/,
1484148,1996,Douban,620,,,,7.7,爱的小夜曲 Love Serenade,,Drama / Comedy / Romance / Crime,,"['25.5', '41.0', '27.1', '4.9', '1.5']",https://movie.douban.com/subject/1484148/,
1307031,2001,Douban,45967,,,,9.0,星际牛仔 天国之门 カウボーイビバップ 天国の扉,,Drama / Comedy / Action / Sci-Fi / Animation / Thriller / Crime,,"['57.9', '32.9', '8.1', '0.7', '0.3']",https://movie.douban.com/subject/1307031/,
1306518,2001,Douban,32987,,,,7.1,绿芥刑警 Wasabi,,Comedy / Action,,"['12.7', '36.9', '43.6', '5.9', '0.9']",https://movie.douban.com/subject/1306518/,
1306809,2002,Douban,413082,,,,8.3,生化危机 Resident Evil,,Action / Sci-Fi / Horror,,"['33.7', '48.5', '16.5', '1.2', '0.2']",https://movie.douban.com/subject/1306809/,
1305046,2002,Douban,175693,,,,7.7,双瞳 雙瞳,,Drama / Mystery / Thriller / Crime,,"['21.8', '47.3', '26.7', '3.4', '0.8']",https://movie.douban.com/subject/1305046/,
1304102,2002,Douban,485802,,,,8.6,谍影重重 The Bourne Identity,,Action / Mystery / Thriller,,"['44.3', '42.5', '12.3', '0.7', '0.2']",https://movie.douban.com/subject/1304102/,
1307697,2002,Douban,190926,,,,8.9,芝加哥 Chicago,,Comedy / Musical / Crime,,"['57.1', '34.2', '7.8', '0.7', '0.2']",https://movie.douban.com/subject/1307697/,
1306911,2002,Douban,61043,,,,7.2,战栗空间 Panic Room,,Drama / Thriller / Crime,,"['11.7', '42.6', '40.5', '4.3', '0.8']",https://movie.douban.com/subject/1306911/,
1304970,2002,Douban,243107,,,,8.2,猫的报恩 猫の恩返し,,Comedy / Animation / Fantasy / Adventure,,"['33.5', '46.5', '18.6', '1.2', '0.2']",https://movie.douban.com/subject/1304970/,
2286642,2002,Douban,301450,,,,8.8,名侦探柯南：贝克街的亡灵 名探偵コナン ベイカー街の亡霊,,Animation / Mystery / Adventure,,"['52.2', '35.7', '11.2', '0.8', '0.1']",https://movie.douban.com/subject/2286642/,
1307914,2002,Douban,1547893,,,,9.3,无间道 無間道,,Drama / Thriller / Crime,,"['69.7', '26.3', '3.8', '0.2', '0.1']",https://movie.douban.com/subject/1307914/,
1306894,2002,Douban,57104,,,,7.1,刀锋战士2 Blade II,,Action / Sci-Fi / Horror,,"['11.6', '37.6', '45.9', '4.2', '0.7']",https://movie.douban.com/subject/1306894/,
1306421,2002,Douban,103352,,,,7.2,惊变28天 28 Days Later...,,Sci-Fi / Horror,,"['13.5', '40.7', '38.8', '5.8', '1.2']",https://movie.douban.com/subject/1306421/,
1305456,2002,Douban,80691,,,,7.6,不忠 Unfaithful,,Drama / Thriller / Eroticism / Family,,"['17.5', '47.8', '31.8', '2.4', '0.4']",https://movie.douban.com/subject/1305456/,
1305487,2002,Douban,1196308,,,,9.1,猫鼠游戏 Catch Me If You Can,,Drama / Biography / Crime,,"['61.5', '33.1', '5.1', '0.2', '0.1']",https://movie.douban.com/subject/1305487/,
1308575,2002,Douban,465952,,,,8.4,蓝色大门 藍色大門,,Drama / Romance / Homosexual,,"['39.3', '44.3', '15.1', '1.1', '0.2']",https://movie.douban.com/subject/1308575/,
1308655,2002,Douban,158551,,,,8.1,新扎师妹 新紮師妹,,Comedy / Romance,,"['31.3', '45.3', '21.3', '1.8', '0.3']",https://movie.douban.com/subject/1308655/,
1306123,2002,Douban,354681,,,,7.7,英雄,,Drama / Action / Chinese swordplay / Costume,,"['25.1', '40.8', '28.3', '4.6', '1.2']",https://movie.douban.com/subject/1306123/,
1307490,2002,Douban,45400,,,,7.0,秘书 Secretary,,Drama / Romance / Eroticism,,"['13.8', '35.1', '41.3', '7.8', '1.9']",https://movie.douban.com/subject/1307490/,
1296996,2002,Douban,907502,,,,8.9,哈利·波特与密室 Harry Potter and the Chamber of Secrets,,Fantasy / Adventure,,"['54.5', '36.5', '8.5', '0.4', '0.1']",https://movie.douban.com/subject/1296996/,
1307762,2002,Douban,99094,,,,6.4,赤裸特工,,Drama / Action / Romance / Thriller,,"['7.1', '23.8', '53.7', '13.1', '2.4']",https://movie.douban.com/subject/1307762/,
1291572,2002,Douban,848822,,,,9.2,指环王2：双塔奇兵 The Lord of the Rings: The Two Towers,,Drama / Action / Fantasy / Adventure,,"['67.1', '26.8', '5.6', '0.4', '0.1']",https://movie.douban.com/subject/1291572/,
1305419,2002,Douban,20779,,,,6.5,午夜凶铃(美版) The Ring,,Mystery / Horror,,"['7.6', '24.8', '54.8', '10.7', '2.1']",https://movie.douban.com/subject/1305419/,
1305053,2002,Douban,146490,,,,7.9,红龙 Red Dragon,,Thriller / Crime,,"['23.0', '51.6', '23.7', '1.5', '0.2']",https://movie.douban.com/subject/1305053/,
1305666,2002,Douban,210820,,,,8.7,时时刻刻 The Hours,,Drama,,"['49.2', '37.6', '11.6', '1.3', '0.4']",https://movie.douban.com/subject/1305666/,
1299582,2002,Douban,98719,,,,8.7,绿洲 오아시스,,Drama / Romance,,"['46.7', '41.5', '10.1', '1.2', '0.5']",https://movie.douban.com/subject/1299582/,
1296026,2002,Douban,46082,,,,7.3,见鬼 見鬼,,Drama / Thriller / Horror,,"['13.3', '43.2', '38.8', '4.0', '0.7']",https://movie.douban.com/subject/1296026/,
1306737,2002,Douban,66894,,,,7.3,极限特工 xXx,,Action / Crime / Adventure,,"['14.3', '43.2', '37.9', '4.0', '0.6']",https://movie.douban.com/subject/1306737/,
1305279,2002,Douban,128871,,,,7.3,色即是空 색즉시공,,Comedy / Romance / Eroticism,,"['17.5', '38.8', '36.9', '5.5', '1.4']",https://movie.douban.com/subject/1305279/,
3055303,2002,Douban,30405,,,,9.1,蜡笔小新：呼风唤雨！战国大合战 映画クレヨンしんちゃん 嵐を呼ぶ アッパレ！戦国大合戦,,Animation,,"['65.1', '27.8', '6.6', '0.4', '0.1']",https://movie.douban.com/subject/3055303/,
1297689,2002,Douban,187940,,,,7.9,少数派报告 Minority Report,,Sci-Fi / Thriller / Crime,,"['21.0', '53.7', '23.5', '1.6', '0.2']",https://movie.douban.com/subject/1297689/,
1302325,2002,Douban,49215,,,,7.7,毁灭之路 Road to Perdition,,Drama / Thriller / Crime,,"['18.4', '51.9', '27.5', '1.9', '0.3']",https://movie.douban.com/subject/1302325/,
1306426,2002,Douban,5056,,,,7.9,血腥星期天 Bloody Sunday,,Drama / History / War,,"['23.9', '53.3', '20.0', '2.1', '0.8']",https://movie.douban.com/subject/1306426/,
1306439,2002,Douban,63388,,,,8.3,迫在眉梢 John Q,,Drama / Thriller / Crime,,"['34.1', '47.9', '16.4', '1.3', '0.4']",https://movie.douban.com/subject/1306439/,
2148681,2002,Douban,17677,,,,8.1,天下粮仓,,Drama / Costume,,"['32.6', '46.6', '17.3', '2.3', '1.1']",https://movie.douban.com/subject/2148681/,
1300211,2002,Douban,24723,,,,7.9,私恋失调 Punch-Drunk Love,,Drama / Comedy / Romance,,"['25.5', '46.7', '23.9', '3.2', '0.7']",https://movie.douban.com/subject/1300211/,
3286549,2002,Douban,137278,,,,9.7,老友记 第九季 Friends Season 9,,Comedy / Romance,,"['87.2', '10.8', '1.7', '0.2', '0.1']",https://movie.douban.com/subject/3286549/,
1305265,2002,Douban,204139,,,,6.8,河东狮吼 我家有一隻河東獅,,Comedy / Romance / Costume,,"['10.2', '31.6', '49.1', '7.8', '1.3']",https://movie.douban.com/subject/1305265/,
25866283,2002,Douban,642,,,,7.0,静静的嘛呢石（短片版） ལྷིང་འཇགས་ཀྱི་མ་ཎི་རྡོ་འབུམ།,,Drama,,"['10.5', '35.7', '49.0', '4.8', '0.0']",https://movie.douban.com/subject/25866283/,
1303630,2002,Douban,72315,,,,8.1,金鸡,,Drama / Comedy,,"['30.2', '49.2', '18.3', '1.8', '0.4']",https://movie.douban.com/subject/1303630/,
1305183,2002,Douban,54785,,,,6.5,神奇燕尾服 The Tuxedo,,Comedy / Action / Sci-Fi / Thriller,,"['7.5', '23.0', '56.9', '11.0', '1.6']",https://movie.douban.com/subject/1305183/,
2136171,2002,Douban,6839,,,,8.3,厚街,,Documentary,,"['32.2', '51.4', '15.3', '0.8', '0.3']",https://movie.douban.com/subject/2136171/,
1303156,2002,Douban,15552,,,,6.4,悭钱家族,,Comedy,,"['7.5', '22.7', '55.7', '12.3', '1.8']",https://movie.douban.com/subject/1303156/,
1305224,2002,Douban,135443,,,,7.8,寻枪,,Drama / Mystery / Crime,,"['19.9', '54.4', '23.9', '1.6', '0.3']",https://movie.douban.com/subject/1305224/,
1303184,2002,Douban,107365,,,,7.6,异度空间 異度空間,,Drama / Horror,,"['18.7', '44.1', '34.0', '2.9', '0.4']",https://movie.douban.com/subject/1303184/,
1306808,2002,Douban,178484,,,,7.6,咒怨 呪怨,,Mystery / Horror,,"['22.4', '41.4', '30.5', '4.3', '1.3']",https://movie.douban.com/subject/1306808/,
1427318,2002,Douban,147693,,,,9.2,火影忍者 NARUTO -ナルト-,,Comedy / Animation / Adventure,,"['67.4', '25.3', '6.0', '0.7', '0.6']",https://movie.douban.com/subject/1427318/,
1305804,2002,Douban,31839,,,,7.0,小姐好辣 The Hot Chick,,Comedy / Fantasy,,"['13.0', '33.9', '45.5', '6.6', '1.0']",https://movie.douban.com/subject/1305804/,
1305324,2002,Douban,14425,,,,6.9,鬼水怪谈 仄暗い水の底から,,Drama / Mystery / Thriller / Horror,,"['9.7', '33.6', '48.5', '7.0', '1.3']",https://movie.douban.com/subject/1305324/,
1306915,2002,Douban,8587,,,,6.9,一级重罪 High Crimes,,Drama / Mystery / Thriller / Crime,,"['7.2', '35.7', '52.0', '4.5', '0.6']",https://movie.douban.com/subject/1306915/,
1306969,2002,Douban,12952,,,,6.8,惊天核网 The Sum of All Fears,,Drama / Action / Thriller,,"['9.0', '32.2', '51.0', '6.7', '1.0']",https://movie.douban.com/subject/1306969/,
1420007,2002,Douban,7924,,,,8.4,精灵宝可梦：水都的守护神 拉帝亚斯与拉帝欧斯 劇場版ポケットモンスター 水の都の護神 ラティアスとラティオス,,Action / Animation / Family / Crime / Adventure,,"['41.1', '41.4', '15.9', '1.3', '0.4']",https://movie.douban.com/subject/1420007/,
1298328,2002,Douban,20589,,,,6.5,天兆 Signs,,Drama / Sci-Fi / Mystery / Thriller,,"['7.7', '27.4', '51.6', '11.0', '2.3']",https://movie.douban.com/subject/1298328/,
1299374,2002,Douban,108040,,,,7.8,我左眼见到鬼 我左眼見到鬼,,Comedy / Romance / Horror / Family,,"['25.8', '41.4', '29.0', '3.2', '0.5']",https://movie.douban.com/subject/1299374/,
1307488,2002,Douban,39961,,,,7.4,三更,,Romance / Mystery / Horror / Fantasy,,"['15.4', '43.9', '36.0', '3.9', '0.8']",https://movie.douban.com/subject/1307488/,
1301061,2002,Douban,68062,,,,7.6,纽约黑帮 Gangs of New York,,Drama / Crime,,"['16.9', '47.7', '32.0', '2.9', '0.5']",https://movie.douban.com/subject/1301061/,
1291852,2002,Douban,89468,,,,8.7,弗里达 Frida,,Drama / Romance / Biography,,"['48.2', '41.2', '9.7', '0.8', '0.2']",https://movie.douban.com/subject/1291852/,
1295120,2002,Douban,90368,,,,7.7,风语者 Windtalkers,,Action / History / War,,"['18.3', '50.2', '28.2', '2.8', '0.5']",https://movie.douban.com/subject/1295120/,
1300608,2002,Douban,62866,,,,6.7,夕阳天使 夕陽天使,,Action / Crime,,"['9.7', '28.8', '50.6', '9.3', '1.6']",https://movie.douban.com/subject/1300608/,
1307790,2002,Douban,26548,,,,8.5,没有过去的男人 Mies vailla menneisyyttä,,Drama / Comedy / Romance,,"['37.9', '49.0', '12.0', '0.9', '0.2']",https://movie.douban.com/subject/1307790/,
1296535,2002,Douban,47966,,,,7.0,幽灵船 Ghost Ship,,Mystery / Thriller / Horror,,"['10.1', '35.2', '47.8', '6.1', '0.8']",https://movie.douban.com/subject/1296535/,
1307807,2002,Douban,49648,,,,6.8,Office有鬼,,Drama / Mystery / Thriller / Horror,,"['9.1', '32.2', '50.1', '7.6', '1.1']",https://movie.douban.com/subject/1307807/,
1307306,2002,Douban,41301,,,,8.8,黄昏的清兵卫 たそがれ清兵衛,,Drama / Romance / History,,"['50.1', '41.3', '7.9', '0.5', '0.2']",https://movie.douban.com/subject/1307306/,
2982064,2002,Douban,75616,,,,7.7,风云,,Action / Fantasy / Chinese swordplay,,"['24.0', '43.4', '28.8', '3.1', '0.7']",https://movie.douban.com/subject/2982064/,
1307323,2002,Douban,198628,,,,7.2,天下无双,,Comedy / Romance / Musical / Costume,,"['16.5', '35.5', '40.8', '6.2', '1.0']",https://movie.douban.com/subject/1307323/,
30210248,2002,Douban,30842,,,,9.1,百花深处,,Comedy / Short,,"['61.8', '32.3', '5.2', '0.5', '0.2']",https://movie.douban.com/subject/30210248/,
1307853,2002,Douban,113367,,,,8.3,8英里 8 Mile,,Drama / Music,,"['35.9', '44.7', '17.8', '1.4', '0.2']",https://movie.douban.com/subject/1307853/,
1303246,2002,Douban,208974,,,,7.9,狙击电话亭 Phone Booth,,Thriller / Crime,,"['22.5', '52.3', '22.6', '2.1', '0.5']",https://movie.douban.com/subject/1303246/,
1307597,2002,Douban,11863,,,,6.6,黑天使 Senso '45,,Drama / Romance / Thriller / Eroticism,,"['10.7', '25.7', '50.3', '10.9', '2.4']",https://movie.douban.com/subject/1307597/,
2153592,2002,Douban,29775,,,,9.0,欲望都市 第五季 Sex and the City Season 5,,Comedy / Romance,,"['59.4', '31.8', '8.0', '0.6', '0.2']",https://movie.douban.com/subject/2153592/,
1305306,2002,Douban,69626,,,,6.8,心慌方2：超立方体 Cube 2: Hypercube,,Sci-Fi / Mystery / Thriller / Horror,,"['11.6', '30.7', '45.0', '10.6', '2.1']",https://movie.douban.com/subject/1305306/,
1302279,2002,Douban,14873,,,,7.5,俄罗斯方舟 Русский ковчег,,Drama / History / Fantasy,,"['21.2', '41.9', '30.2', '5.4', '1.4']",https://movie.douban.com/subject/1302279/,
1307921,2002,Douban,18195,,,,8.2,远方 Uzak,,Drama,,"['30.0', '52.9', '15.4', '1.4', '0.3']",https://movie.douban.com/subject/1307921/,
2154781,2002,Douban,21870,,,,8.5,流金岁月 流金歲月,,Drama / Romance,,"['43.5', '41.8', '13.5', '0.8', '0.4']",https://movie.douban.com/subject/2154781/,
2342692,2002,Douban,16648,,,,7.7,侠客行,,Action / Chinese swordplay / Costume,,"['30.6', '36.4', '24.6', '5.8', '2.6']",https://movie.douban.com/subject/2342692/,
1303773,2002,Douban,50050,,,,7.3,007之择日而亡 Die Another Day,,Action / Thriller / Adventure,,"['12.7', '43.2', '40.4', '3.3', '0.5']",https://movie.douban.com/subject/1303773/,
1299292,2002,Douban,63817,,,,7.7,八美图 8 femmes,,Comedy / Mystery / Musical,,"['20.2', '48.3', '27.8', '3.0', '0.6']",https://movie.douban.com/subject/1299292/,
1296736,2002,Douban,742320,,,,9.3,钢琴家 The Pianist,,Drama / Music / Biography / War,,"['68.2', '27.3', '4.0', '0.2', '0.2']",https://movie.douban.com/subject/1296736/,
1299809,2002,Douban,20587,,,,7.7,玩偶 ドールズ,,Drama / Romance,,"['23.9', '42.3', '29.2', '3.9', '0.7']",https://movie.douban.com/subject/1299809/,
1297785,2002,Douban,112727,,,,8.1,星球大战前传2：克隆人的进攻 Star Wars: Episode II - Attack of the Clones,,Action / Sci-Fi / Adventure,,"['30.0', '47.1', '20.8', '1.8', '0.3']",https://movie.douban.com/subject/1297785/,
1305988,2002,Douban,3094,,,,6.1,浩劫妙冤家 Swept Away,,Comedy / Romance,,"['8.3', '19.1', '47.7', '19.4', '5.4']",https://movie.douban.com/subject/1305988/,
1299361,2002,Douban,96656,,,,9.0,爱·回家 집으로...,,Drama / Family,,"['61.9', '29.2', '7.7', '0.8', '0.4']",https://movie.douban.com/subject/1299361/,
1307547,2002,Douban,88628,,,,8.6,星际宝贝 Lilo & Stitch,,Comedy / Sci-Fi / Animation / Family / Adventure,,"['45.0', '41.3', '12.7', '0.8', '0.2']",https://movie.douban.com/subject/1307547/,
1292208,2002,Douban,332118,,,,9.0,上帝之城 Cidade de Deus,,Drama / Crime,,"['58.4', '33.9', '6.9', '0.5', '0.2']",https://movie.douban.com/subject/1292208/,
1432013,2002,Douban,7808,,,,8.0,哭泣的女人,,Drama / Comedy,,"['26.0', '50.4', '20.6', '2.3', '0.7']",https://movie.douban.com/subject/1432013/,
1394510,2002,Douban,45088,,,,9.2,十二国记 十二国記,,Drama / Animation / Fantasy / Adventure,,"['68.2', '24.3', '6.4', '0.8', '0.4']",https://movie.douban.com/subject/1394510/,
1304026,2002,Douban,86785,,,,7.9,我要复仇 복수는 나의 것,,Drama / Action / Thriller,,"['24.7', '50.9', '21.8', '2.1', '0.5']",https://movie.douban.com/subject/1304026/,
1308069,2002,Douban,11090,,,,6.1,尸骨无存 Cabin Fever,,Horror,,"['6.5', '18.3', '53.3', '17.8', '4.0']",https://movie.douban.com/subject/1308069/,
1306133,2002,Douban,37905,,,,6.8,呖咕呖咕新年财 嚦咕嚦咕新年財,,Comedy,,"['11.4', '28.2', '50.3', '8.9', '1.3']",https://movie.douban.com/subject/1306133/,
4049928,2002,Douban,7991,,,,9.4,冤家成双对 第三季 Coupling Season 3,,Comedy,,"['76.3', '20.3', '2.9', '0.4', '0.1']",https://movie.douban.com/subject/4049928/,
1306441,2002,Douban,3102,,,,7.8,小飞侠2：梦不落帝国 Return to Never Land,,Animation / Fantasy / Adventure,,"['20.6', '51.2', '25.2', '2.3', '0.7']",https://movie.douban.com/subject/1306441/,
1306442,2002,Douban,5775,,,,6.4,间接伤害 Collateral Damage,,Drama / Action / Thriller,,"['5.5', '21.9', '60.9', '10.3', '1.4']",https://movie.douban.com/subject/1306442/,
1307702,2002,Douban,50058,,,,7.9,和你在一起,,Drama / Music,,"['26.0', '48.0', '23.0', '2.4', '0.6']",https://movie.douban.com/subject/1307702/,
3892489,2002,Douban,515,,,,4.3,少年赌圣,,Comedy / Action,,"['7.9', '8.5', '17.2', '23.6', '42.9']",https://movie.douban.com/subject/3892489/,
1307210,2002,Douban,69878,,,,7.6,失眠症 Insomnia,,Drama / Mystery / Thriller / Crime,,"['15.6', '50.4', '31.6', '2.0', '0.3']",https://movie.douban.com/subject/1307210/,
20442887,2002,Douban,2288,,,,9.5,欢乐一家亲 第十季 Frasier Season 10,,,,"['78.7', '17.3', '3.1', '0.5', '0.3']",https://movie.douban.com/subject/20442887/,
1684569,2002,Douban,1937,,,,7.5,命运之恋 フレンズ,,Drama / Romance,,"['22.9', '38.1', '33.2', '4.9', '0.8']",https://movie.douban.com/subject/1684569/,
2157146,2002,Douban,78092,,,,8.6,孝庄秘史,,Drama / History / Costume,,"['44.5', '42.7', '10.5', '0.9', '1.4']",https://movie.douban.com/subject/2157146/,
1303139,2002,Douban,133729,,,,7.4,玩命快递 The Transporter,,Action / Crime,,"['14.7', '44.5', '36.5', '3.7', '0.5']",https://movie.douban.com/subject/1303139/,
1305713,2002,Douban,53720,,,,5.9,嫁个有钱人 嫁個有錢人,,Drama / Comedy / Romance / Fantasy,,"['3.1', '12.9', '62.2', '18.8', '2.9']",https://movie.douban.com/subject/1305713/,
1299576,2002,Douban,19910,,,,6.9,我盛大的希腊婚礼 My Big Fat Greek Wedding,,Comedy / Romance,,"['8.1', '34.3', '50.5', '6.2', '0.9']",https://movie.douban.com/subject/1299576/,
1307263,2002,Douban,13709,,,,8.0,西班牙公寓 L'auberge espagnole,,Drama / Comedy / Romance,,"['26.3', '48.1', '23.2', '1.9', '0.4']",https://movie.douban.com/subject/1307263/,
1297773,2002,Douban,10733,,,,6.6,鬼铃 폰,,Drama / Sci-Fi / Mystery / Thriller / Horror,,"['7.8', '28.0', '52.9', '9.5', '1.7']",https://movie.douban.com/subject/1297773/,
1307796,2002,Douban,741,,,,6.9,月桂谷 Laurel Canyon,,Drama / Music,,"['12.4', '29.8', '49.2', '6.3', '2.4']",https://movie.douban.com/subject/1307796/,
1305509,2002,Douban,13623,,,,7.5,好莱坞式结局 Hollywood Ending,,Comedy / Romance,,"['15.9', '48.7', '31.9', '2.9', '0.5']",https://movie.douban.com/subject/1305509/,
1304243,2002,Douban,4489,,,,6.3,热血青年 熱血青年,,Horror,,"['7.7', '23.7', '50.6', '13.8', '4.1']",https://movie.douban.com/subject/1304243/,
1467081,2002,Douban,1551,,,,7.4,新仁义的墓场 新・仁義の墓場,,Action / Thriller / Crime,,"['20.0', '42.4', '29.1', '5.7', '2.8']",https://movie.douban.com/subject/1467081/,
1304766,2002,Douban,6343,,,,6.7,五月魔女 May,,Drama / Mystery / Thriller / Horror,,"['10.4', '30.6', '46.8', '9.8', '2.4']",https://movie.douban.com/subject/1304766/,
1295280,2002,Douban,236193,,,,7.8,黑衣人2 Men in Black II,,Comedy / Action / Sci-Fi,,"['20.4', '50.1', '27.3', '2.0', '0.2']",https://movie.douban.com/subject/1295280/,
2343687,2002,Douban,44549,,,,7.8,大汉天子,,Drama / History / Costume,,"['19.8', '55.5', '22.2', '1.8', '0.7']",https://movie.douban.com/subject/2343687/,
1316565,2002,Douban,12870,,,,8.4,世界上最疼我的那个人去了,,Drama / Family,,"['39.1', '43.0', '16.0', '1.4', '0.5']",https://movie.douban.com/subject/1316565/,
1437960,2002,Douban,3033,,,,7.7,兔子 Rabbits,,Drama / Comedy / Mystery / Horror / Fantasy,,"['24.9', '42.0', '28.7', '2.8', '1.6']",https://movie.douban.com/subject/1437960/,
1462550,2002,Douban,13655,,,,9.0,萤火虫 Firefly,,Drama / Sci-Fi,,"['64.5', '25.7', '7.9', '1.3', '0.6']",https://movie.douban.com/subject/1462550/,
2252594,2002,Douban,12956,,,,7.8,海贼王剧场版3：珍兽岛的乔巴王国 ONE PIECE 珍獣島のチョッパー王国,,Comedy / Action / Animation / Fantasy / Adventure,,"['25.0', '42.2', '29.6', '2.6', '0.6']",https://movie.douban.com/subject/2252594/,
1305399,2002,Douban,1603,,,,7.8,漫漫回家路 Rabbit-Proof Fence,,Drama / History / Adventure,,"['19.1', '54.3', '24.2', '1.9', '0.6']",https://movie.douban.com/subject/1305399/,
1297716,2002,Douban,2086,,,,7.7,前进天堂 In America,,Drama,,"['20.7', '49.1', '26.3', '3.2', '0.8']",https://movie.douban.com/subject/1297716/,
4829835,2002,Douban,16534,,,,8.3,深藏不露 INSiDE,,Short,,"['32.8', '50.0', '15.9', '1.1', '0.2']",https://movie.douban.com/subject/4829835/,
1291578,2002,Douban,683293,,,,8.7,冰川时代 Ice Age,,Comedy / Animation / Adventure,,"['44.5', '44.3', '10.6', '0.5', '0.1']",https://movie.douban.com/subject/1291578/,
1308005,2003,Douban,29213,,,,6.7,周渔的火车,,Drama / Romance,,"['8.4', '29.2', '51.7', '9.5', '1.2']",https://movie.douban.com/subject/1308005/,
1306983,2002,Douban,35545,,,,5.4,卫斯理之蓝血人 衛斯理之藍血人,,Action / Romance / Sci-Fi,,"['3.2', '9.0', '49.9', '30.0', '7.9']",https://movie.douban.com/subject/1306983/,
2259830,2003,Douban,44886,,,,8.1,神医喜来乐,,Drama / Comedy / Biography / History / Costume,,"['31.7', '46.7', '19.2', '1.6', '0.9']",https://movie.douban.com/subject/2259830/,
1305986,2002,Douban,10042,,,,7.6,远离天堂 Far from Heaven,,Drama / Romance / Homosexual,,"['14.9', '52.7', '29.8', '2.3', '0.4']",https://movie.douban.com/subject/1305986/,
2190914,2002,Douban,62583,,,,8.0,橘子红了,,Drama / Romance / Family / Costume,,"['25.6', '51.7', '20.9', '1.5', '0.4']",https://movie.douban.com/subject/2190914/,
1307926,2002,Douban,4705,,,,6.4,幽灵人间II：鬼味人间 幽靈人間Ⅱ：鬼味人間,,Mystery / Horror,,"['6.8', '20.9', '58.1', '12.2', '2.1']",https://movie.douban.com/subject/1307926/,
1771925,2002,Douban,6709,,,,7.3,圣歌 Maléfique,,Mystery / Horror / Fantasy,,"['15.6', '42.0', '34.9', '5.8', '1.7']",https://movie.douban.com/subject/1771925/,
1307545,2002,Douban,25331,,,,7.6,向左爱·向右爱 연애소설,,Drama / Romance,,"['19.8', '44.1', '32.9', '2.7', '0.5']",https://movie.douban.com/subject/1307545/,
1440682,2002,Douban,440,,,,7.4,800颗子弹 800 Bullets,,Drama / Comedy / Crime / Western,,"['27.3', '27.3', '37.0', '4.5', '3.8']",https://movie.douban.com/subject/1440682/,
1305010,2002,Douban,14310,,,,7.0,埃及艳后的任务 Astérix & Obélix: Mission Cléopâtre,,Comedy / Family / Fantasy / Adventure,,"['13.6', '35.3', '41.4', '7.8', '1.7']",https://movie.douban.com/subject/1305010/,
1302193,2002,Douban,28922,,,,7.6,改编剧本 Adaptation.,,Drama / Comedy / Crime,,"['19.8', '46.0', '29.5', '4.0', '0.8']",https://movie.douban.com/subject/1302193/,
1937998,2002,Douban,9331,,,,8.4,阿弥陀堂讯息 阿弥陀堂だより,,Drama,,"['39.3', '44.6', '14.5', '1.1', '0.5']",https://movie.douban.com/subject/1937998/,
1397184,2002,Douban,3286,,,,7.0,麦田守望的女孩 The Good Girl,,Drama / Comedy / Romance,,"['11.3', '36.8', '44.5', '6.3', '1.0']",https://movie.douban.com/subject/1397184/,
3400132,2002,Douban,642,,,,6.7,鲁邦三世：生还的魔术师 ルパン三世 生きていた魔術師,,Drama / Comedy / Action / Animation / Crime,,"['18.7', '21.9', '40.6', '15.3', '3.4']",https://movie.douban.com/subject/3400132/,
1422925,2002,Douban,23494,,,,6.8,小鬼当家4 Home Alone 4,,Comedy / Family / Crime,,"['13.8', '27.5', '46.6', '9.6', '2.4']",https://movie.douban.com/subject/1422925/,
25928148,2002,Douban,11862,,,,9.3,罗密欧与朱丽叶 Roméo & Juliette: De la haine à l'amour,,Drama / Romance / Musical,,"['71.8', '23.6', '3.9', '0.4', '0.3']",https://movie.douban.com/subject/25928148/,
1418199,2002,Douban,40572,,,,9.4,火线 第一季 The Wire Season 1,,Drama / Thriller / Crime,,"['77.6', '17.8', '3.6', '0.6', '0.4']",https://movie.douban.com/subject/1418199/,
1297881,2002,Douban,4420,,,,6.8,变线人生 Changing Lanes,,Drama / Thriller,,"['7.6', '33.7', '51.1', '6.4', '1.1']",https://movie.douban.com/subject/1297881/,
1306610,2002,Douban,39500,,,,6.6,蝎子王 The Scorpion King,,Action / Thriller / Fantasy / Adventure,,"['7.9', '26.1', '56.3', '8.7', '1.1']",https://movie.douban.com/subject/1306610/,
2229479,2002,Douban,98782,,,,8.0,穿越时空的爱恋,,Drama / Fantasy / Costume,,"['26.8', '48.4', '22.5', '2.0', '0.4']",https://movie.douban.com/subject/2229479/,
1307819,2002,Douban,10717,,,,5.9,梦精记 몽정기,,Comedy / Eroticism,,"['3.9', '14.2', '57.5', '20.0', '4.4']",https://movie.douban.com/subject/1307819/,
1874436,2002,Douban,56,,,,5.3,骷髅党2 The Skulls II,,Thriller,,"['0.0', '13.8', '44.8', '34.5', '6.9']",https://movie.douban.com/subject/1874436/,
1294853,2002,Douban,23496,,,,7.5,色戒 Samsara,,Drama / Romance / Eroticism,,"['23.3', '37.8', '32.3', '5.3', '1.2']",https://movie.douban.com/subject/1294853/,
1302434,2003,Douban,135152,,,,8.3,机动部队 PTU,,Drama / Crime,,"['32.7', '50.3', '15.5', '1.3', '0.2']",https://movie.douban.com/subject/1302434/,
1307917,2003,Douban,42921,,,,7.5,绝地战警2 Bad Boys II,,Comedy / Action / Crime,,"['16.1', '47.8', '33.3', '2.4', '0.4']",https://movie.douban.com/subject/1307917/,
1291835,2003,Douban,250720,,,,7.8,迷失东京 Lost in Translation,,Drama / Romance,,"['23.5', '45.6', '27.5', '2.9', '0.5']",https://movie.douban.com/subject/1291835/,
1308865,2003,Douban,331701,,,,8.2,老男孩 올드보이,,Drama / Action / Mystery / Thriller,,"['35.9', '44.8', '15.9', '2.3', '1.1']",https://movie.douban.com/subject/1308865/,
1298759,2003,Douban,163789,,,,8.4,狗镇 Dogville,,Drama / Mystery / Thriller,,"['43.0', '39.9', '13.6', '2.4', '1.1']",https://movie.douban.com/subject/1298759/,
1305725,2003,Douban,258797,,,,8.6,大卫·戈尔的一生 The Life of David Gale,,Drama / Mystery / Crime,,"['42.9', '44.3', '11.1', '1.1', '0.6']",https://movie.douban.com/subject/1305725/,
1291856,2003,Douban,256181,,,,8.1,戏梦巴黎 The Dreamers,,Drama / Romance / Eroticism,,"['31.7', '46.5', '19.5', '1.8', '0.4']",https://movie.douban.com/subject/1291856/,
1300359,2003,Douban,96521,,,,6.9,大块头有大智慧 大隻佬,,Drama / Action / Thriller,,"['13.7', '30.4', '44.8', '9.3', '1.8']",https://movie.douban.com/subject/1300359/,
2357707,2003,Douban,170037,,,,8.5,名侦探柯南：迷宫的十字路口 名探偵コナン 迷宮の十字路,,Animation / Mystery / Adventure,,"['40.7', '43.2', '14.9', '1.1', '0.2']",https://movie.douban.com/subject/2357707/,
1307864,2003,Douban,11040,,,,6.8,僵尸大时代 殭屍大時代,,Action / Horror,,"['11.9', '29.8', '46.0', '9.8', '2.4']",https://movie.douban.com/subject/1307864/,
1307956,2003,Douban,203136,,,,7.5,死神来了2 Final Destination 2,,Thriller / Horror,,"['16.8', '46.3', '34.0', '2.6', '0.3']",https://movie.douban.com/subject/1307956/,
1441794,2003,Douban,112418,,,,9.6,走向共和,,Drama / History,,"['85.2', '11.8', '1.8', '0.4', '0.9']",https://movie.douban.com/subject/1441794/,
1307106,2003,Douban,563379,,,,8.8,无间道2 無間道II,,Drama / Thriller / Crime,,"['49.9', '39.7', '9.6', '0.6', '0.1']",https://movie.douban.com/subject/1307106/,
1309194,2003,Douban,15714,,,,6.8,高压电 Haute tension,,Horror,,"['10.9', '33.1', '44.0', '9.5', '2.6']",https://movie.douban.com/subject/1309194/,
1297018,2003,Douban,237182,,,,7.7,冒牌天神 Bruce Almighty,,Comedy / Fantasy,,"['18.3', '50.1', '29.4', '1.9', '0.3']",https://movie.douban.com/subject/1297018/,
1307694,2003,Douban,392482,,,,8.2,无间道3：终极无间 無間道III 終極無間,,Drama / Thriller / Crime,,"['35.4', '44.0', '18.6', '1.7', '0.3']",https://movie.douban.com/subject/1307694/,
1305724,2003,Douban,249541,,,,7.7,X战警2 X2,,Action / Sci-Fi / Thriller,,"['18.0', '52.6', '27.8', '1.4', '0.2']",https://movie.douban.com/subject/1305724/,
1291580,2003,Douban,621935,,,,8.4,杀死比尔 Kill Bill: Vol. 1,,Action / Thriller / Crime,,"['38.7', '43.8', '15.1', '1.9', '0.5']",https://movie.douban.com/subject/1291580/,
1418660,2003,Douban,72948,,,,8.5,大长今 대장금,,Drama / Biography / History,,"['41.5', '42.1', '14.9', '1.1', '0.4']",https://movie.douban.com/subject/1418660/,
2157130,2003,Douban,167987,,,,8.5,金粉世家,,Romance / Family,,"['41.3', '45.5', '11.9', '0.8', '0.5']",https://movie.douban.com/subject/2157130/,
1307354,2003,Douban,132734,,,,6.8,绿巨人浩克 Hulk,,Drama / Action / Sci-Fi,,"['10.0', '29.8', '51.4', '7.7', '1.1']",https://movie.douban.com/subject/1307354/,
1297192,2003,Douban,938909,,,,8.9,致命ID Identity,,Drama / Mystery / Thriller,,"['53.1', '38.3', '7.8', '0.6', '0.2']",https://movie.douban.com/subject/1297192/,
1301345,2003,Douban,141197,,,,7.6,偷天换日 The Italian Job,,Action / Thriller / Crime,,"['17.2', '49.6', '30.7', '2.2', '0.3']",https://movie.douban.com/subject/1301345/,
1422306,2003,Douban,34486,,,,7.2,死路 Dead End,,Mystery / Horror,,"['14.0', '42.4', '36.9', '5.2', '1.5']",https://movie.douban.com/subject/1422306/,
1291552,2003,Douban,901585,,,,9.3,指环王3：王者无敌 The Lord of the Rings: The Return of the King,,Drama / Action / Fantasy / Adventure,,"['71.3', '23.3', '4.9', '0.4', '0.2']",https://movie.douban.com/subject/1291552/,
1303847,2003,Douban,54275,,,,6.7,致命弯道 Wrong Turn,,Thriller / Horror / Adventure,,"['11.0', '27.8', '50.1', '9.5', '1.6']",https://movie.douban.com/subject/1303847/,
1389982,2003,Douban,47233,,,,8.1,实尾岛 실미도,,Drama / Action,,"['29.0', '49.6', '19.2', '1.8', '0.5']",https://movie.douban.com/subject/1389982/,
1304073,2003,Douban,437909,,,,8.5,假如爱有天意 클래식,,Drama / Romance,,"['42.3', '40.4', '15.3', '1.5', '0.4']",https://movie.douban.com/subject/1304073/,
1307384,2003,Douban,19419,,,,6.7,反恐特警组 S.W.A.T.,,Action / Thriller / Crime,,"['7.2', '28.9', '55.6', '7.4', '0.9']",https://movie.douban.com/subject/1307384/,
1307389,2003,Douban,138981,,,,7.8,憨豆特工 Johnny English,,Comedy / Action / Adventure,,"['20.9', '48.7', '27.8', '2.3', '0.4']",https://movie.douban.com/subject/1307389/,
1307427,2003,Douban,32201,,,,7.4,泳池情杀案 Swimming Pool,,Drama / Mystery / Eroticism / Crime,,"['12.8', '47.8', '35.2', '3.5', '0.8']",https://movie.douban.com/subject/1307427/,
1310177,2003,Douban,288769,,,,9.0,东京教父 東京ゴッドファーザーズ,,Drama / Comedy / Animation,,"['59.6', '32.9', '6.7', '0.5', '0.2']",https://movie.douban.com/subject/1310177/,
1307542,2003,Douban,164069,,,,8.2,火柴人 Matchstick Men,,Drama / Comedy / Crime,,"['28.1', '54.8', '16.1', '0.8', '0.2']",https://movie.douban.com/subject/1307542/,
1291586,2003,Douban,427977,,,,8.5,海底总动员 Finding Nemo,,Comedy / Animation / Adventure,,"['39.7', '47.7', '12.1', '0.5', '0.1']",https://movie.douban.com/subject/1291586/,
1291836,2003,Douban,182966,,,,7.8,戴珍珠耳环的少女 Girl with a Pearl Earring,,Drama / Romance / Biography,,"['19.7', '51.9', '26.7', '1.4', '0.2']",https://movie.douban.com/subject/1291836/,
1300092,2003,Douban,30707,,,,6.8,地心抢险记 The Core,,Action / Sci-Fi / Adventure,,"['9.0', '31.1', '51.1', '7.6', '1.2']",https://movie.douban.com/subject/1300092/,
1298070,2003,Douban,961392,,,,8.8,加勒比海盗 Pirates of the Caribbean: The Curse of the Black Pearl,,Action / Fantasy / Adventure,,"['52.4', '38.3', '8.7', '0.5', '0.1']",https://movie.douban.com/subject/1298070/,
1455849,2003,Douban,38860,,,,7.0,鬼来电 着信アリ,,Mystery / Horror,,"['12.1', '36.0', '44.9', '5.9', '1.0']",https://movie.douban.com/subject/1455849/,
3901418,2002,Douban,199047,,,,8.6,倚天屠龙记,,Drama / Chinese swordplay / Costume,,"['43.7', '43.8', '11.0', '1.0', '0.5']",https://movie.douban.com/subject/3901418/,
1389924,2003,Douban,48481,,,,8.6,青之炎 青の炎,,Drama / Romance / Crime,,"['45.3', '41.2', '12.3', '1.0', '0.2']",https://movie.douban.com/subject/1389924/,
1292401,2003,Douban,806006,,,,8.5,真爱至上 Love Actually,,Drama / Comedy / Romance,,"['45.1', '38.0', '14.5', '1.8', '0.6']",https://movie.douban.com/subject/1292401/,
1308817,2003,Douban,467187,,,,7.8,两小无猜 Jeux d'enfants,,Drama / Comedy / Romance,,"['32.0', '38.3', '22.3', '5.1', '2.3']",https://movie.douban.com/subject/1308817/,
1394968,2005,Douban,185808,,,,7.4,举起手来！,,Comedy / War,,"['22.0', '38.5', '30.0', '6.2', '3.3']",https://movie.douban.com/subject/1394968/,
1307052,2003,Douban,110001,,,,8.1,托斯卡纳艳阳下 Under the Tuscan Sun,,Drama / Comedy / Romance,,"['30.5', '46.6', '20.8', '1.9', '0.3']",https://movie.douban.com/subject/1307052/,
2245704,2003,Douban,33047,,,,7.3,射雕英雄传,,Drama / Chinese swordplay / Costume,,"['26.9', '30.7', '29.6', '8.3', '4.5']",https://movie.douban.com/subject/2245704/,
4328236,2003,Douban,200,,,,6.3,尘中之舞 رقص در غبار,,Drama,,"['4.3', '27.3', '52.5', '12.9', '2.9']",https://movie.douban.com/subject/4328236/,
1303010,2003,Douban,65774,,,,8.0,蒙娜丽莎的微笑 Mona Lisa Smile,,Drama / Romance,,"['25.7', '49.0', '23.5', '1.6', '0.3']",https://movie.douban.com/subject/1303010/,
1307527,2003,Douban,104289,,,,7.5,黑夜传说 Underworld,,Action / Thriller / Fantasy,,"['16.6', '46.8', '32.4', '3.6', '0.6']",https://movie.douban.com/subject/1307527/,
1308074,2003,Douban,35305,,,,8.6,回归 Возвращение,,Drama / Family,,"['43.4', '43.3', '11.8', '1.2', '0.4']",https://movie.douban.com/subject/1308074/,
1310166,2003,Douban,15497,,,,7.4,咖啡时光 珈琲時光,,Drama,,"['17.1', '41.8', '35.9', '4.3', '0.8']",https://movie.douban.com/subject/1310166/,
1304282,2003,Douban,53857,,,,6.2,百年好合,,Comedy / Action / Romance,,"['5.5', '17.2', '60.3', '14.7', '2.3']",https://movie.douban.com/subject/1304282/,
2150220,2003,Douban,179533,,,,9.7,白色巨塔 白い巨塔,,Drama,,"['86.3', '11.6', '1.8', '0.2', '0.1']",https://movie.douban.com/subject/2150220/,
1308499,2003,Douban,36631,,,,6.8,女高怪谈3：狐狸阶梯 여고괴담 세 번째 이야기: 여우계단,,Drama / Horror,,"['10.2', '29.1', '50.7', '8.7', '1.3']",https://movie.douban.com/subject/1308499/,
2154348,2003,Douban,24909,,,,9.6,火线 第二季 The Wire Season 2,,Drama / Mystery / Thriller / Crime,,"['82.3', '14.9', '2.4', '0.2', '0.2']",https://movie.douban.com/subject/2154348/,
1308587,2003,Douban,118294,,,,7.0,向左走·向右走,,Romance,,"['11.0', '33.6', '48.9', '5.9', '0.7']",https://movie.douban.com/subject/1308587/,
1308708,2003,Douban,2915,,,,8.2,真情电波 Radio,,Drama / Biography / Sport,,"['31.3', '47.9', '19.2', '1.2', '0.4']",https://movie.douban.com/subject/1308708/,
1308749,2003,Douban,76314,,,,7.8,忘不了,,Drama / Romance,,"['19.7', '52.5', '26.1', '1.5', '0.2']",https://movie.douban.com/subject/1308749/,
1302762,2003,Douban,9976,,,,6.5,鬼影人 Gothika,,Mystery / Thriller / Horror,,"['5.7', '26.1', '56.4', '10.0', '1.7']",https://movie.douban.com/subject/1302762/,
1421570,2003,Douban,10901,,,,8.1,有你我不怕 Io non ho paura,,Drama / Mystery / Thriller / Crime,,"['27.5', '51.2', '19.3', '1.6', '0.4']",https://movie.douban.com/subject/1421570/,
1308715,2003,Douban,50774,,,,7.3,记忆裂痕 Paycheck,,Action / Sci-Fi / Mystery / Thriller,,"['12.1', '43.8', '39.4', '4.1', '0.5']",https://movie.douban.com/subject/1308715/,
3041614,2003,Douban,26026,,,,8.6,蜡笔小新：呼风唤雨！光荣的烤肉之路 嵐を呼ぶ 栄光のヤキニクロード,,Animation,,"['48.2', '37.7', '12.8', '1.1', '0.3']",https://movie.douban.com/subject/3041614/,
1300299,2003,Douban,829164,,,,8.9,杀人回忆 살인의 추억,,Drama / Action / Mystery / Thriller / Crime,,"['55.0', '36.8', '7.4', '0.6', '0.2']",https://movie.douban.com/subject/1300299/,
1419972,2003,Douban,2623,,,,6.4,活跳尸3 Beyond Re-Animator,,Comedy / Sci-Fi / Horror,,"['11.9', '18.5', '51.4', '14.8', '3.4']",https://movie.douban.com/subject/1419972/,
1305333,2003,Douban,136637,,,,7.4,终结者3 Terminator 3: Rise of the Machines,,Action / Sci-Fi / Thriller,,"['16.4', '42.8', '36.9', '3.4', '0.4']",https://movie.douban.com/subject/1305333/,
1418157,2003,Douban,8187,,,,8.1,爱在春天来临 Love Comes Softly,,Drama / Romance / Western,,"['30.3', '48.0', '19.8', '1.5', '0.3']",https://movie.douban.com/subject/1418157/,
1307740,2003,Douban,102926,,,,6.0,千机变 千機變,,Comedy / Action / Horror / Adventure,,"['5.9', '16.2', '52.9', '20.3', '4.7']",https://movie.douban.com/subject/1307740/,
1340528,2003,Douban,5572,,,,8.1,香料共和国 Πολίτικη κουζίνα,,Drama,,"['27.8', '50.2', '20.1', '1.5', '0.4']",https://movie.douban.com/subject/1340528/,
2153590,2003,Douban,36156,,,,9.3,欲望都市 第六季 Sex and the City Season 6,,Comedy / Romance,,"['69.3', '24.8', '5.2', '0.5', '0.2']",https://movie.douban.com/subject/2153590/,
1303815,2003,Douban,222659,,,,8.1,你丫闭嘴！ Tais-toi!,,Comedy / Crime,,"['30.7', '47.9', '19.5', '1.6', '0.3']",https://movie.douban.com/subject/1303815/,
1291545,2003,Douban,624157,,,,8.8,大鱼 Big Fish,,Drama / Romance / Fantasy / Adventure,,"['51.8', '37.1', '9.9', '0.9', '0.3']",https://movie.douban.com/subject/1291545/,
2214122,2003,Douban,74426,,,,5.5,还珠格格第三部,,Drama / Romance / Costume,,"['6.6', '12.1', '41.1', '29.2', '11.0']",https://movie.douban.com/subject/2214122/,
1308047,2003,Douban,73687,,,,7.2,"蔷花，红莲 장화, 홍련",,Drama / Mystery / Thriller / Horror,,"['13.9', '39.5', '39.6', '5.8', '1.2']",https://movie.douban.com/subject/1308047/,
3286552,2003,Douban,177725,,,,9.8,老友记 第十季 Friends Season 10,,Comedy / Romance,,"['91.1', '7.6', '1.1', '0.1', '0.2']",https://movie.douban.com/subject/3286552/,
1291831,2003,Douban,84973,,,,9.3,灿烂人生 La meglio gioventù,,Drama / Romance / Family,,"['73.4', '21.0', '4.7', '0.6', '0.3']",https://movie.douban.com/subject/1291831/,
1304141,2003,Douban,453466,,,,8.7,黑客帝国2：重装上阵 The Matrix Reloaded,,Action / Sci-Fi,,"['47.7', '40.3', '11.0', '0.8', '0.2']",https://movie.douban.com/subject/1304141/,
1306334,2003,Douban,40277,,,,6.8,行运超人 行運超人,,Comedy / Romance,,"['10.3', '29.0', '52.1', '7.6', '1.1']",https://movie.douban.com/subject/1306334/,
1433342,2003,Douban,81373,,,,9.2,钢之炼金术师 鋼の錬金術師,,Comedy / Sci-Fi / Animation / Mystery / Horror,,"['70.6', '23.0', '5.0', '0.5', '0.9']",https://movie.douban.com/subject/1433342/,
1308429,2003,Douban,43642,,,,7.1,美国派3：美国婚礼 American Wedding,,Comedy / Romance,,"['13.7', '34.2', '46.1', '5.2', '0.7']",https://movie.douban.com/subject/1308429/,
1292055,2003,Douban,94525,,,,8.8,再见列宁 Good Bye Lenin!,,Drama / Comedy,,"['50.6', '40.3', '8.4', '0.5', '0.2']",https://movie.douban.com/subject/1292055/,
1308554,2003,Douban,63789,,,,7.6,咒怨2 呪怨2,,Horror,,"['22.5', '40.5', '32.0', '4.0', '1.0']",https://movie.douban.com/subject/1308554/,
1302429,2003,Douban,11782,,,,6.5,佛莱迪大战杰森 Freddy vs. Jason,,Thriller / Horror,,"['10.1', '22.5', '51.4', '13.3', '2.7']",https://movie.douban.com/subject/1302429/,
1302467,2003,Douban,495004,,,,8.8,黑客帝国3：矩阵革命 The Matrix Revolutions,,Action / Sci-Fi,,"['54.3', '35.0', '9.7', '0.8', '0.2']",https://movie.douban.com/subject/1302467/,
1308620,2003,Douban,66243,,,,7.9,摇滚校园 The School of Rock,,Comedy / Music,,"['25.1', '48.4', '24.2', '2.0', '0.3']",https://movie.douban.com/subject/1308620/,
1308632,2003,Douban,17385,,,,8.1,心灵驿站 The Station Agent,,Drama / Comedy,,"['27.9', '51.8', '18.7', '1.3', '0.3']",https://movie.douban.com/subject/1308632/,
2002924,2003,Douban,55246,,,,8.3,冲上云霄 衝上雲霄,,Drama,,"['34.1', '47.5', '16.8', '1.3', '0.3']",https://movie.douban.com/subject/2002924/,
3434499,2003,Douban,1020,,,,7.2,三元里,,Documentary,,"['14.4', '43.8', '33.5', '5.8', '2.4']",https://movie.douban.com/subject/3434499/,
1308713,2003,Douban,30590,,,,7.9,拳霸 องค์บาก,,Action / Crime,,"['22.7', '50.7', '24.2', '2.0', '0.4']",https://movie.douban.com/subject/1308713/,
1431600,2003,Douban,7688,,,,8.7,海军罪案调查处 第一季 NCIS: Naval Criminal Investigative Service Season 1,,Drama / Comedy / Action / Mystery / Thriller / Crime,,"['51.4', '34.7', '12.4', '1.1', '0.4']",https://movie.douban.com/subject/1431600/,
1308747,2003,Douban,229428,,,,7.4,手机,,Drama / Comedy / Family,,"['13.9', '48.2', '34.0', '2.8', '1.1']",https://movie.douban.com/subject/1308747/,
2130011,2003,Douban,3650,,,,7.8,惊涛骇浪,,Drama / Disaster,,"['32.1', '34.9', '26.8', '4.5', '1.7']",https://movie.douban.com/subject/2130011/,
1464451,2003,Douban,17256,,,,8.5,犬夜叉：天下霸道之剑 犬夜叉 天下覇道の剣,,Animation / Fantasy,,"['42.7', '41.6', '14.5', '0.9', '0.2']",https://movie.douban.com/subject/1464451/,
1307332,2003,Douban,148955,,,,8.2,冷山 Cold Mountain,,Drama / Romance / War,,"['31.8', '49.5', '17.4', '1.2', '0.2']",https://movie.douban.com/subject/1307332/,
1308834,2003,Douban,29597,,,,5.3,古宅心慌慌,,Comedy / Thriller / Horror,,"['2.7', '8.3', '47.7', '33.0', '8.3']",https://movie.douban.com/subject/1308834/,
2156771,2003,Douban,77224,,,,9.2,哪吒传奇,,Animation / Children / Fantasy / Adventure,,"['66.1', '26.7', '6.3', '0.6', '0.3']",https://movie.douban.com/subject/2156771/,
1421548,2003,Douban,15576,,,,7.6,希特勒：恶魔的崛起 Hitler: The Rise of Evil,,Drama / Biography / History,,"['23.7', '41.0', '28.4', '5.0', '1.9']",https://movie.douban.com/subject/1421548/,
1300752,2003,Douban,55587,,,,8.1,座头市 座頭市,,Drama / Comedy / Action / Music / Crime,,"['27.3', '51.2', '19.5', '1.6', '0.4']",https://movie.douban.com/subject/1300752/,
3057711,2003,Douban,119,,,,6.9,D.E.B.S.,,Comedy / Action / Short,,"['16.1', '23.0', '51.7', '6.9', '2.3']",https://movie.douban.com/subject/3057711/,
1304862,2003,Douban,12781,,,,7.7,不散,,Drama,,"['24.6', '44.2', '26.2', '3.9', '1.2']",https://movie.douban.com/subject/1304862/,
1307363,2003,Douban,29818,,,,6.9,十日拍拖手册 How to Lose a Guy in 10 Days,,Comedy / Romance,,"['9.4', '32.2', '51.0', '6.5', '1.0']",https://movie.douban.com/subject/1307363/,
1308807,2004,Douban,1275383,,,,9.1,哈尔的移动城堡 ハウルの動く城,,Romance / Animation / Fantasy / Adventure,,"['63.8', '29.0', '6.5', '0.5', '0.2']",https://movie.douban.com/subject/1308807/,
1291566,2004,Douban,81939,,,,9.1,攻壳机动队2：无罪 攻殻機動隊2 イノセンス,,Drama / Sci-Fi / Animation,,"['65.0', '27.4', '6.5', '0.7', '0.3']",https://movie.douban.com/subject/1291566/,
1308777,2004,Douban,300159,,,,8.5,暖暖内含光 Eternal Sunshine of the Spotless Mind,,Drama / Romance / Sci-Fi,,"['42.9', '41.6', '13.9', '1.4', '0.3']",https://movie.douban.com/subject/1308777/,
1306160,2004,Douban,370663,,,,7.9,新警察故事,,Drama / Action / Thriller / Crime,,"['23.4', '49.9', '24.8', '1.7', '0.3']",https://movie.douban.com/subject/1306160/,
1308779,2004,Douban,569379,,,,8.3,后天 The Day After Tomorrow,,Sci-Fi / Disaster,,"['34.2', '49.7', '15.1', '0.8', '0.1']",https://movie.douban.com/subject/1308779/,
1291543,2004,Douban,1321855,,,,8.9,功夫,,Comedy / Action / Crime / Fantasy,,"['55.8', '33.4', '9.9', '0.8', '0.2']",https://movie.douban.com/subject/1291543/,
1291584,2004,Douban,362894,,,,8.1,杀死比尔2 Kill Bill: Vol. 2,,Action / Thriller / Crime,,"['31.4', '46.8', '19.5', '1.9', '0.5']",https://movie.douban.com/subject/1291584/,
1878360,2004,Douban,187756,,,,9.0,金枝欲孽 金枝慾孽,,Drama / Costume,,"['59.2', '32.9', '7.1', '0.5', '0.2']",https://movie.douban.com/subject/1878360/,
1292343,2004,Douban,1058865,,,,8.9,蝴蝶效应 The Butterfly Effect,,Drama / Sci-Fi / Mystery / Thriller,,"['54.2', '37.1', '7.9', '0.6', '0.2']",https://movie.douban.com/subject/1292343/,
1308755,2004,Douban,225767,,,,7.6,僵尸肖恩 Shaun of the Dead,,Comedy / Horror,,"['20.9', '45.8', '28.3', '3.9', '1.1']",https://movie.douban.com/subject/1308755/,
2357711,2004,Douban,121831,,,,8.1,名侦探柯南：银翼的魔术师 名探偵コナン 銀翼の奇術師,,Animation / Mystery,,"['30.1', '48.0', '20.1', '1.6', '0.3']",https://movie.douban.com/subject/2357711/,
1309163,2004,Douban,745016,,,,8.5,恋恋笔记本 The Notebook,,Drama / Romance,,"['44.2', '40.0', '13.9', '1.5', '0.4']",https://movie.douban.com/subject/1309163/,
1366853,2004,Douban,66113,,,,7.4,旺角黑夜,,Drama / Action / Romance / Crime,,"['14.8', '46.8', '34.7', '3.1', '0.6']",https://movie.douban.com/subject/1366853/,
1292337,2004,Douban,369909,,,,9.1,无人知晓 誰も知らない,,Drama,,"['62.5', '31.8', '5.1', '0.4', '0.2']",https://movie.douban.com/subject/1292337/,
1308820,2004,Douban,250326,,,,8.3,花与爱丽丝 花とアリス,,Drama / Comedy / Romance,,"['34.3', '46.3', '17.8', '1.4', '0.2']",https://movie.douban.com/subject/1308820/,
1291544,2004,Douban,881625,,,,9.0,哈利·波特与阿兹卡班的囚徒 Harry Potter and the Prisoner of Azkaban,,Fantasy / Adventure,,"['58.5', '33.4', '7.6', '0.4', '0.1']",https://movie.douban.com/subject/1291544/,
1292344,2004,Douban,125834,,,,7.3,十二罗汉 Ocean's Twelve,,Thriller / Crime,,"['13.9', '41.0', '39.8', '4.8', '0.5']",https://movie.douban.com/subject/1292344/,
1308767,2004,Douban,397611,,,,8.7,谍影重重2 The Bourne Supremacy,,Action / Mystery / Thriller,,"['47.1', '42.5', '9.8', '0.5', '0.1']",https://movie.douban.com/subject/1308767/,
1417598,2004,Douban,609244,,,,8.7,电锯惊魂 Saw,,Mystery / Thriller / Horror,,"['51.0', '37.0', '10.6', '1.0', '0.4']",https://movie.douban.com/subject/1417598/,
1309088,2004,Douban,127190,,,,7.5,活死人黎明 Dawn of the Dead,,Action / Sci-Fi / Horror,,"['17.8', '45.9', '31.9', '3.6', '0.8']",https://movie.douban.com/subject/1309088/,
1915342,2004,Douban,16942,,,,8.1,看车人的七月,,Drama,,"['26.1', '53.5', '18.7', '1.3', '0.4']",https://movie.douban.com/subject/1915342/,
1308752,2004,Douban,307639,,,,8.0,生化危机2：启示录 Resident Evil: Apocalypse,,Action / Sci-Fi / Horror,,"['26.8', '49.9', '21.6', '1.5', '0.2']",https://movie.douban.com/subject/1308752/,
1308769,2004,Douban,74911,,,,7.1,异形大战铁血战士 AVP: Alien vs. Predator,,Action / Sci-Fi / Thriller,,"['12.9', '35.2', '44.5', '6.4', '1.0']",https://movie.douban.com/subject/1308769/,
1308776,2004,Douban,161893,,,,7.8,加菲猫 Garfield,,Comedy / Family,,"['21.3', '48.3', '27.9', '2.1', '0.3']",https://movie.douban.com/subject/1308776/,
1308796,2004,Douban,48909,,,,7.7,柔道龙虎榜 柔道龍虎榜,,Drama / Action,,"['24.1', '42.6', '28.1', '4.3', '1.0']",https://movie.douban.com/subject/1308796/,
1308843,2004,Douban,304256,,,,8.2,"我，机器人 I, Robot",,Action / Sci-Fi / Mystery / Thriller,,"['30.4', '52.6', '16.0', '0.8', '0.1']",https://movie.douban.com/subject/1308843/,
1309016,2004,Douban,254646,,,,8.8,百万美元宝贝 Million Dollar Baby,,Drama / Sport,,"['48.5', '41.9', '8.9', '0.5', '0.1']",https://movie.douban.com/subject/1309016/,
1291990,2004,Douban,648195,,,,8.9,爱在日落黄昏时 Before Sunset,,Drama / Romance,,"['56.5', '33.7', '8.6', '0.8', '0.3']",https://movie.douban.com/subject/1291990/,
1470328,2004,Douban,15409,,,,7.2,罗密欧点 알포인트,,Drama / Action / Thriller / Horror / War,,"['14.6', '37.3', '40.6', '6.2', '1.3']",https://movie.douban.com/subject/1470328/,
1769507,2004,Douban,114108,,,,9.1,沉静如海 Le silence de la mer,,Drama / Romance / War,,"['63.0', '30.2', '6.1', '0.5', '0.2']",https://movie.douban.com/subject/1769507/,
1308722,2004,Douban,226491,,,,6.4,十面埋伏,,Drama / Chinese swordplay / Costume,,"['8.4', '25.1', '47.9', '15.1', '3.5']",https://movie.douban.com/subject/1308722/,
1308855,2004,Douban,66453,,,,7.0,大事件,,Drama / Action / Crime,,"['9.9', '35.8', '47.2', '6.2', '0.9']",https://movie.douban.com/subject/1308855/,
1308857,2004,Douban,344182,,,,8.9,可可西里,,Drama / Crime,,"['54.0', '37.3', '7.9', '0.5', '0.2']",https://movie.douban.com/subject/1308857/,
1308862,2004,Douban,5087,,,,7.2,爱‧作战 愛‧作戰,,Action / Romance,,"['13.9', '40.9', '37.9', '5.8', '1.5']",https://movie.douban.com/subject/1308862/,
1309084,2004,Douban,185321,,,,7.1,贱女孩 Mean Girls,,Comedy,,"['13.3', '36.5', '45.1', '4.7', '0.6']",https://movie.douban.com/subject/1309084/,
3757262,2004,Douban,981,,,,6.9,草原,,Drama / Short,,"['8.8', '31.6', '55.2', '3.9', '0.5']",https://movie.douban.com/subject/3757262/,
1441053,2004,Douban,80148,,,,9.0,妄想代理人,,Drama / Animation / Mystery,,"['60.6', '31.0', '7.2', '0.8', '0.4']",https://movie.douban.com/subject/1441053/,
1308848,2004,Douban,163496,,,,7.7,国家宝藏 National Treasure,,Action / Mystery / Adventure,,"['17.6', '51.7', '28.5', '1.9', '0.3']",https://movie.douban.com/subject/1308848/,
1308979,2004,Douban,45977,,,,7.6,雷蒙·斯尼奇的不幸历险 Lemony Snicket's A Series of Unfortunate Events,,Comedy / Fantasy / Adventure,,"['20.0', '43.6', '32.0', '3.8', '0.6']",https://movie.douban.com/subject/1308979/,
1309087,2004,Douban,34026,,,,7.6,世界,,Drama,,"['19.2', '45.7', '31.2', '3.3', '0.7']",https://movie.douban.com/subject/1309087/,
1309172,2004,Douban,291487,,,,7.9,初恋50次 50 First Dates,,Comedy / Romance,,"['24.9', '49.4', '24.0', '1.5', '0.2']",https://movie.douban.com/subject/1309172/,
1291550,2004,Douban,563693,,,,8.2,天下无贼,,Drama / Action / Crime,,"['29.4', '51.5', '17.8', '1.1', '0.2']",https://movie.douban.com/subject/1291550/,
1418919,2004,Douban,60135,,,,6.8,饺子,,Drama / Thriller,,"['8.7', '31.4', '50.5', '8.2', '1.2']",https://movie.douban.com/subject/1418919/,
2995948,2004,Douban,104367,,,,9.2,神探狄仁杰,,Drama / Mystery / Costume,,"['66.4', '28.1', '4.9', '0.4', '0.2']",https://movie.douban.com/subject/2995948/,
1763205,2004,Douban,35438,,,,8.9,飞天大盗 第一季 Hustle Season 1,,Drama / Mystery / Crime,,"['57.0', '33.9', '8.3', '0.6', '0.2']",https://movie.douban.com/subject/1763205/,
1773217,2004,Douban,136478,,,,7.7,鬼影 ชัตเตอร์ กดติดวิญญาณ,,Mystery / Thriller / Horror,,"['22.0', '46.7', '27.6', '3.1', '0.6']",https://movie.douban.com/subject/1773217/,
1308741,2004,Douban,218326,,,,8.2,独自等待,,Drama / Comedy / Romance,,"['33.6', '46.2', '18.3', '1.5', '0.3']",https://movie.douban.com/subject/1308741/,
1308827,2004,Douban,86008,,,,6.2,花好月圆,,Comedy / Romance / Costume,,"['5.0', '18.3', '60.6', '14.2', '2.0']",https://movie.douban.com/subject/1308827/,
1308974,2004,Douban,170566,,,,7.8,偷心 Closer,,Drama / Romance,,"['24.3', '45.4', '27.1', '2.7', '0.4']",https://movie.douban.com/subject/1308974/,
1308978,2004,Douban,47007,,,,6.7,刀锋战士3 Blade: Trinity,,Action / Sci-Fi / Horror,,"['9.1', '26.9', '53.8', '8.8', '1.4']",https://movie.douban.com/subject/1308978/,
1448277,2004,Douban,9099,,,,7.3,时失两公里 시실리2Km,,Comedy / Horror / Crime,,"['15.1', '40.6', '37.8', '5.4', '1.1']",https://movie.douban.com/subject/1448277/,
1309125,2004,Douban,9530,,,,6.2,见鬼2 見鬼2,,Drama / Horror,,"['5.0', '20.0', '59.4', '13.4', '2.2']",https://movie.douban.com/subject/1309125/,
2148836,2004,Douban,30883,,,,7.9,斗鱼 鬥魚,,Romance,,"['26.3', '46.5', '24.3', '2.2', '0.6']",https://movie.douban.com/subject/2148836/,
1309160,2004,Douban,120208,,,,7.6,机械师 The Machinist,,Drama / Mystery / Thriller,,"['17.2', '49.2', '30.3', '2.8', '0.5']",https://movie.douban.com/subject/1309160/,
1395231,2004,Douban,39432,,,,8.1,马粥街残酷史 말죽거리 잔혹사,,Drama,,"['29.8', '46.6', '21.5', '1.8', '0.3']",https://movie.douban.com/subject/1395231/,
1358386,2004,Douban,9025,,,,6.7,预言 予言,,Horror,,"['8.9', '29.8', '50.4', '9.3', '1.7']",https://movie.douban.com/subject/1358386/,
2997297,2004,Douban,40229,,,,9.1,马大帅,,Comedy,,"['63.6', '27.5', '7.9', '0.7', '0.3']",https://movie.douban.com/subject/2997297/,
1308851,2004,Douban,82617,,,,7.1,地狱男爵 Hellboy,,Action / Fantasy / Adventure,,"['10.9', '37.6', '45.7', '5.1', '0.7']",https://movie.douban.com/subject/1308851/,
1291549,2004,Douban,1459577,,,,9.3,放牛班的春天 Les choristes,,Drama / Music,,"['71.0', '25.2', '3.6', '0.2', '0.1']",https://movie.douban.com/subject/1291549/,
1291554,2004,Douban,173108,,,,8.5,歌剧魅影 The Phantom of the Opera,,Drama / Romance / Thriller / Music,,"['43.1', '41.7', '13.7', '1.2', '0.3']",https://movie.douban.com/subject/1291554/,
1291555,2004,Douban,259122,,,,7.7,2046,,Drama / Romance / Fantasy,,"['22.7', '43.5', '29.6', '3.5', '0.7']",https://movie.douban.com/subject/1291555/,
1764730,2004,Douban,171060,,,,8.1,浪漫满屋 풀하우스,,Comedy / Romance,,"['30.3', '48.3', '19.7', '1.4', '0.3']",https://movie.douban.com/subject/1764730/,
1309064,2004,Douban,91764,,,,7.6,八面埋伏 Mindhunters,,Drama / Mystery / Thriller / Crime,,"['16.0', '50.5', '30.0', '3.0', '0.5']",https://movie.douban.com/subject/1309064/,
1418691,2004,Douban,15963,,,,8.1,心碎往事 House of D,,Drama / Comedy,,"['29.3', '49.3', '19.2', '1.7', '0.4']",https://movie.douban.com/subject/1418691/,
1422934,2004,Douban,6857,,,,5.6,异种3 Species III,,Sci-Fi / Thriller / Horror,,"['5.2', '9.4', '49.4', '29.6', '6.3']",https://movie.douban.com/subject/1422934/,
1440703,2004,Douban,87289,,,,8.0,爱再来一次 If Only,,Drama / Comedy / Romance / Fantasy,,"['28.9', '45.0', '23.4', '2.4', '0.4']",https://movie.douban.com/subject/1440703/,
1416895,2004,Douban,12589,,,,8.5,生命是个奇迹 Живот је чудо,,Drama / Comedy / Romance / War,,"['43.2', '41.0', '13.2', '1.9', '0.7']",https://movie.douban.com/subject/1416895/,
1388180,2004,Douban,23158,,,,8.8,哭泣的草原 Τριλογία 1: Το Λιβάδι που δακρύζει,,Drama / Romance / History,,"['54.1', '34.2', '9.9', '1.3', '0.5']",https://movie.douban.com/subject/1388180/,
1337286,2004,Douban,116659,,,,8.9,绝望主妇 第一季 Desperate Housewives Season 1,,Drama / Comedy / Romance,,"['54.5', '36.8', '7.9', '0.6', '0.2']",https://movie.douban.com/subject/1337286/,
1292274,2004,Douban,638195,,,,8.8,幸福终点站 The Terminal,,Drama / Comedy / Romance,,"['52.1', '38.6', '8.5', '0.6', '0.1']",https://movie.douban.com/subject/1292274/,
1308753,2004,Douban,178544,,,,7.0,公主日记2 The Princess Diaries 2: Royal Engagement,,Comedy / Romance / Family,,"['12.3', '33.1', '48.1', '5.9', '0.6']",https://movie.douban.com/subject/1308753/,
1308754,2004,Douban,11327,,,,6.6,天空上尉与明日世界 Sky Captain and the World of Tomorrow,,Action / Sci-Fi / Adventure,,"['8.9', '27.4', '49.8', '12.1', '1.9']",https://movie.douban.com/subject/1308754/,
1308797,2004,Douban,21321,,,,6.6,救命,,Drama / Thriller / Horror,,"['7.2', '27.8', '54.1', '9.5', '1.4']",https://movie.douban.com/subject/1308797/,
1308804,2004,Douban,271587,,,,8.0,我脑中的橡皮擦 내 머리 속의 지우개,,Drama / Romance,,"['28.8', '46.2', '22.5', '2.1', '0.4']",https://movie.douban.com/subject/1308804/,
1308822,2004,Douban,16393,,,,7.3,猪头逛大街 Harold & Kumar Go to White Castle,,Comedy / Adventure,,"['16.9', '40.0', '35.9', '5.9', '1.3']",https://movie.douban.com/subject/1308822/,
1308833,2004,Douban,185543,,,,8.0,空房间 빈집,,Drama / Romance / Crime,,"['29.1', '46.7', '21.2', '2.4', '0.6']",https://movie.douban.com/subject/1308833/,
1308841,2004,Douban,20904,,,,8.0,杀妻总动员 Survive Style 5+,,Romance / Mystery / Thriller / Fantasy,,"['33.0', '40.3', '20.8', '4.1', '1.7']",https://movie.douban.com/subject/1308841/,
1308850,2004,Douban,63589,,,,7.3,江湖,,Drama / Action / Crime,,"['15.6', '40.9', '37.7', '5.0', '0.8']",https://movie.douban.com/subject/1308850/,
1309005,2004,Douban,10894,,,,8.3,隐剑鬼爪 隠し剣 鬼の爪,,Drama / Romance,,"['31.1', '52.9', '14.8', '0.9', '0.3']",https://movie.douban.com/subject/1309005/,
1304972,2004,Douban,94246,,,,8.3,太极旗飘扬 태극기 휘날리며,,Drama / Action / War,,"['36.6', '45.6', '15.5', '1.5', '0.7']",https://movie.douban.com/subject/1304972/,
1309070,2004,Douban,150732,,,,8.1,飞行家 The Aviator,,Drama / Biography,,"['28.7', '51.4', '18.5', '1.2', '0.2']",https://movie.douban.com/subject/1309070/,
1309086,2004,Douban,52371,,,,7.2,女孩梦三十 13 Going on 30,,Comedy / Romance / Fantasy,,"['13.6', '37.4', '43.5', '4.9', '0.7']",https://movie.douban.com/subject/1309086/,
2295891,2004,Douban,15924,,,,8.7,沉默的证人,,Drama / Mystery / Crime,,"['50.9', '36.6', '10.4', '1.4', '0.8']",https://movie.douban.com/subject/2295891/,
1303237,2004,Douban,5046,,,,6.5,驱魔人前传 Exorcist: The Beginning,,Thriller / Horror,,"['8.2', '26.6', '51.9', '11.3', '2.1']",https://movie.douban.com/subject/1303237/,
1458910,2004,Douban,13945,,,,8.7,哆啦A梦：大雄的猫狗时空传 ドラえもん のび太のワンニャン時空伝,,Sci-Fi / Animation / Adventure,,"['48.1', '38.4', '12.4', '0.8', '0.3']",https://movie.douban.com/subject/1458910/,
1422086,2004,Douban,50367,,,,7.4,五月之恋 五月之戀,,Romance,,"['25.0', '28.6', '38.0', '6.4', '2.0']",https://movie.douban.com/subject/1422086/,
1436679,2004,Douban,19223,,,,6.6,人形师 인형사,,Horror,,"['9.3', '27.3', '51.6', '10.3', '1.6']",https://movie.douban.com/subject/1436679/,
1401873,2004,Douban,17909,,,,7.1,三更2,,Horror,,"['11.2', '39.1', '43.4', '5.2', '1.2']",https://movie.douban.com/subject/1401873/,
1316693,2004,Douban,59280,,,,7.1,心慌方·零 Cube Zero,,Drama / Sci-Fi / Horror,,"['13.5', '36.8', '42.0', '6.5', '1.3']",https://movie.douban.com/subject/1316693/,
3079416,2004,Douban,2184,,,,7.2,外卖 Take Out,,Drama,,"['12.5', '44.5', '36.6', '5.2', '1.2']",https://movie.douban.com/subject/3079416/,
3324459,2004,Douban,4484,,,,8.3,古畑任三郎 凶手是大使阁下 古畑任三郎　すべて閣下の仕業,,Mystery / Crime,,"['36.0', '43.0', '19.0', '1.8', '0.2']",https://movie.douban.com/subject/3324459/,
1477916,2004,Douban,49834,,,,8.8,心理游戏 マインド・ゲーム,,Comedy / Animation / Mystery / Adventure,,"['55.6', '32.0', '9.8', '1.8', '0.8']",https://movie.douban.com/subject/1477916/,
1291577,2004,Douban,331280,,,,8.2,超人总动员 The Incredibles,,Comedy / Action / Animation / Adventure,,"['31.1', '49.8', '18.0', '0.9', '0.1']",https://movie.douban.com/subject/1291577/,
1291582,2004,Douban,113957,,,,7.7,怪物史瑞克2 Shrek 2,,Comedy / Animation / Family / Fantasy / Adventure,,"['18.0', '49.7', '30.2', '1.8', '0.2']",https://movie.douban.com/subject/1291582/,
2264570,2004,Douban,18860,,,,9.4,奈克瑟斯奥特曼 ウルトラマンネクサス,,Drama / Action / Sci-Fi,,"['79.0', '15.9', '3.5', '0.6', '1.0']",https://movie.douban.com/subject/2264570/,
1474087,2004,Douban,18879,,,,9.0,无耻之徒 第一季 Shameless Season 1,,Drama / Comedy,,"['61.8', '30.0', '7.0', '0.7', '0.6']",https://movie.douban.com/subject/1474087/,
1291822,2004,Douban,365652,,,,8.9,卢旺达饭店 Hotel Rwanda,,Drama / Biography / History / War,,"['54.1', '38.2', '6.9', '0.5', '0.2']",https://movie.douban.com/subject/1291822/,
1422938,2004,Douban,18562,,,,5.5,星河战队2：联邦英雄 Starship Troopers 2: Hero of the Federation,,Action / Sci-Fi / Horror / Adventure,,"['6.8', '13.0', '41.3', '28.0', '10.9']",https://movie.douban.com/subject/1422938/,
1388176,2004,Douban,7163,,,,8.1,血与骨 血と骨,,Drama,,"['30.1', '47.9', '19.6', '1.8', '0.7']",https://movie.douban.com/subject/1388176/,
1947364,2004,Douban,6425,,,,8.7,萨曼莎：一个美国女孩的假期 Samantha: An American Girl Holiday,,Drama / Family,,"['49.9', '36.7', '12.1', '0.9', '0.3']",https://movie.douban.com/subject/1947364/,
1292234,2004,Douban,72298,,,,8.1,漫长的婚约 Un long dimanche de fiançailles,,Drama / Romance / Mystery / War,,"['29.8', '49.2', '19.4', '1.4', '0.2']",https://movie.douban.com/subject/1292234/,
1421278,2004,Douban,105277,,,,8.9,面子 Saving Face,,Drama / Comedy / Romance / Homosexual,,"['54.0', '36.7', '8.5', '0.6', '0.2']",https://movie.douban.com/subject/1421278/,
1309015,2004,Douban,67647,,,,8.5,摩托日记 Diarios de motocicleta,,Drama / Biography / Adventure,,"['40.8', '44.7', '13.3', '1.0', '0.3']",https://movie.douban.com/subject/1309015/,
1433633,2004,Douban,2737,,,,8.4,白钻石 The White Diamond,,Documentary,,"['39.3', '44.1', '14.8', '1.6', '0.3']",https://movie.douban.com/subject/1433633/,
1292326,2004,Douban,132065,,,,8.1,暴力街区 Banlieue 13,,Action / Crime,,"['26.7', '52.6', '19.1', '1.4', '0.2']",https://movie.douban.com/subject/1292326/,
1292339,2004,Douban,20150,,,,6.7,十七岁的天空 17歲的天空,,Comedy / Romance / Homosexual,,"['11.8', '29.4', '45.1', '11.1', '2.6']",https://movie.douban.com/subject/1292339/,
1308750,2004,Douban,37936,,,,7.9,耶稣受难记 The Passion of the Christ,,Drama,,"['29.6', '41.7', '24.8', '2.9', '1.0']",https://movie.douban.com/subject/1308750/,
1308772,2004,Douban,46121,,,,6.3,环游地球八十天 Around the World in 80 Days,,Comedy / Action / Family / Western / Adventure,,"['6.5', '20.9', '55.3', '14.8', '2.7']",https://movie.douban.com/subject/1308772/,
1308774,2004,Douban,23120,,,,7.9,华氏9/11 Fahrenheit 9/11,,Documentary / History,,"['25.9', '48.1', '23.0', '2.1', '0.9']",https://movie.douban.com/subject/1308774/,
1308792,2004,Douban,21196,,,,6.3,咒怨(美版) The Grudge,,Mystery / Horror,,"['8.1', '20.5', '53.9', '14.2', '3.2']",https://movie.douban.com/subject/1308792/,
3281018,2004,Douban,9315,,,,8.8,飞黄腾达 第一季 The Apprentice Season 1,,Reality-TV,,"['50.8', '38.5', '9.3', '0.8', '0.5']",https://movie.douban.com/subject/3281018/,
3227327,2004,Douban,2935,,,,8.4,刑警使命,,Drama / Romance / Crime,,"['39.1', '46.1', '12.7', '1.4', '0.8']",https://movie.douban.com/subject/3227327/,
1308806,2004,Douban,8048,,,,7.4,情归新泽西 Garden State,,Drama / Comedy / Romance,,"['15.9', '42.2', '36.9', '4.1', '0.8']",https://movie.douban.com/subject/1308806/,
1370251,2004,Douban,982,,,,7.9,我们的音乐 Notre Musique,,Drama,,"['28.0', '44.2', '22.9', '3.4', '1.5']",https://movie.douban.com/subject/1370251/,
1308814,2004,Douban,4991,,,,7.1,女人是男人的未来 여자는 남자의 미래다,,Drama / Romance,,"['11.3', '41.2', '39.2', '6.5', '1.8']",https://movie.douban.com/subject/1308814/,
1308819,2004,Douban,116563,,,,7.3,BJ单身日记2：理性边缘 Bridget Jones: The Edge of Reason,,Comedy / Romance,,"['14.7', '40.6', '39.3', '4.8', '0.6']",https://movie.douban.com/subject/1308819/,
1308824,2004,Douban,12042,,,,6.6,日落之后 After the Sunset,,Drama / Comedy / Action / Crime,,"['6.7', '27.9', '56.3', '7.8', '1.2']",https://movie.douban.com/subject/1308824/,
1308838,2004,Douban,80455,,,,6.7,龙凤斗 龍鳳鬥,,Drama / Comedy / Romance,,"['8.8', '29.3', '53.1', '7.8', '1.1']",https://movie.douban.com/subject/1308838/,
1308854,2004,Douban,55079,,,,7.4,撒玛利亚女孩 사마리아,,Drama / Eroticism / Family / Crime,,"['16.4', '43.2', '34.2', '4.9', '1.3']",https://movie.douban.com/subject/1308854/,
1308859,2004,Douban,27663,,,,6.9,星际传奇2 The Chronicles of Riddick,,Action / Sci-Fi / Thriller / Adventure,,"['11.6', '33.6', '46.0', '7.4', '1.3']",https://movie.douban.com/subject/1308859/,
1308976,2004,Douban,21525,,,,7.8,水中生活 The Life Aquatic with Steve Zissou,,Drama / Comedy / Adventure,,"['22.7', '48.0', '26.3', '2.5', '0.6']",https://movie.douban.com/subject/1308976/,
3042355,2004,Douban,36819,,,,7.9,小兵张嘎,,Drama / Children,,"['25.7', '47.8', '22.7', '2.5', '1.3']",https://movie.douban.com/subject/3042355/,
1401196,2004,Douban,15805,,,,8.7,神迹 Something the Lord Made,,Drama / Biography,,"['45.2', '43.6', '10.4', '0.6', '0.2']",https://movie.douban.com/subject/1401196/,
1782142,2004,Douban,91719,,,,8.7,对不起，我爱你 미안하다 사랑한다,,Drama / Romance,,"['52.7', '33.9', '12.0', '1.1', '0.3']",https://movie.douban.com/subject/1782142/,
1395080,2004,Douban,45074,,,,8.5,借着雨点说爱你 いま、会いにゆきます,,Drama / Romance / Fantasy,,"['41.9', '40.9', '15.4', '1.4', '0.4']",https://movie.douban.com/subject/1395080/,
1415573,2004,Douban,7223,,,,7.7,我的哥哥 우리 형,,Drama / Family,,"['19.1', '48.4', '30.0', '2.1', '0.5']",https://movie.douban.com/subject/1415573/,
1309085,2004,Douban,23932,,,,8.4,灵魂歌王 Ray,,Drama / Music / Biography,,"['36.0', '48.8', '14.1', '0.9', '0.2']",https://movie.douban.com/subject/1309085/,
1438116,2004,Douban,1326,,,,7.5,金丝雀 カナリア,,Drama,,"['18.3', '44.9', '32.4', '2.5', '1.9']",https://movie.douban.com/subject/1438116/,
1309112,2004,Douban,11527,,,,7.7,美国战队：世界警察 Team America: World Police,,Comedy / Action,,"['25.1', '41.6', '26.6', '5.0', '1.7']",https://movie.douban.com/subject/1309112/,
1309116,2004,Douban,89100,,,,8.1,怒火救援 Man on Fire,,Drama / Action / Thriller,,"['28.8', '48.8', '19.9', '2.0', '0.4']",https://movie.douban.com/subject/1309116/,
1309120,2004,Douban,70474,,,,7.3,小姐好白 White Chicks,,Comedy / Crime,,"['17.0', '38.5', '37.5', '5.7', '1.3']",https://movie.douban.com/subject/1309120/,
1309177,2004,Douban,16344,,,,6.8,纽约时刻 New York Minute,,Comedy,,"['10.6', '32.0', '47.7', '8.1', '1.6']",https://movie.douban.com/subject/1309177/,
1309179,2004,Douban,20394,,,,6.4,复制娇妻 The Stepford Wives,,Comedy / Sci-Fi / Thriller,,"['6.6', '24.8', '54.7', '12.1', '1.8']",https://movie.douban.com/subject/1309179/,
1309185,2004,Douban,9941,,,,7.1,夹心蛋糕 Layer Cake,,Drama / Crime,,"['9.6', '41.5', '41.9', '6.0', '1.0']",https://movie.douban.com/subject/1309185/,
1466919,2004,Douban,925,,,,8.1,美丽城 شهر زیبا,,Drama,,"['25.5', '56.7', '15.7', '1.6', '0.5']",https://movie.douban.com/subject/1466919/,
2280004,2004,Douban,13814,,,,7.7,海贼王剧场版5：被诅咒的圣剑 ONE PIECE 呪われた聖剣,,Animation,,"['23.5', '41.6', '31.1', '3.2', '0.7']",https://movie.douban.com/subject/2280004/,
1419872,2004,Douban,3401,,,,6.3,颤栗汪洋 Open water,,Drama / Thriller / Horror,,"['7.0', '23.3', '49.6', '15.3', '4.7']",https://movie.douban.com/subject/1419872/,
1962611,2004,Douban,35941,,,,9.1,蜡笔小新：呼风唤雨！夕阳下的春日部男孩 クレヨンしんちゃん 嵐を呼ぶ!夕陽のカスカベボーイズ,,Animation / Family,,"['64.9', '28.0', '6.5', '0.4', '0.2']",https://movie.douban.com/subject/1962611/,
1440407,2004,Douban,633,,,,7.4,入侵者 L'intrus,,Drama,,"['23.4', '33.6', '32.4', '8.9', '1.7']",https://movie.douban.com/subject/1440407/,
1460915,2004,Douban,92107,,,,9.5,混沌武士 サムライチャンプルー,,Action / Animation / Adventure,,"['78.2', '17.4', '3.7', '0.5', '0.2']",https://movie.douban.com/subject/1460915/,
4315844,2004,Douban,134,,,,6.7,你值得什么 A Cara que Mereces,,Comedy / Fantasy,,"['6.0', '37.0', '45.0', '9.0', '3.0']",https://movie.douban.com/subject/4315844/,
1931974,2004,Douban,67012,,,,8.8,血色浪漫,,Drama / Romance,,"['51.9', '37.2', '9.6', '0.9', '0.5']",https://movie.douban.com/subject/1931974/,
1460947,2004,Douban,24464,,,,9.6,攻壳机动队 第二季 攻殻機動隊 S.A.C. 2nd GIG,,Action / Sci-Fi / Animation / Thriller / Crime,,"['84.9', '12.7', '2.0', '0.2', '0.2']",https://movie.douban.com/subject/1460947/,
1422039,2004,Douban,7195,,,,5.7,煎酿三宝 煎釀叁寶,,Comedy,,"['4.5', '11.6', '54.7', '23.6', '5.6']",https://movie.douban.com/subject/1422039/,
1419995,2004,Douban,463,,,,6.2,鬼饭店 Hotel,,Drama / Mystery / Horror,,"['17.4', '13.2', '38.9', '22.2', '8.3']",https://movie.douban.com/subject/1419995/,
1315570,2004,Douban,48342,,,,7.6,在世界中心呼唤爱 世界の中心で、愛をさけぶ,,Drama / Romance,,"['22.0', '42.7', '31.3', '3.4', '0.6']",https://movie.douban.com/subject/1315570/,
1395445,2004,Douban,22381,,,,6.4,花木兰2 Mulan II,,Comedy / Animation / Family,,"['10.5', '23.0', '48.6', '14.1', '3.9']",https://movie.douban.com/subject/1395445/,
1422081,2004,Douban,16411,,,,6.7,美人草,,Drama,,"['8.3', '28.1', '53.3', '9.0', '1.2']",https://movie.douban.com/subject/1422081/,
1401604,2004,Douban,42699,,,,8.0,狮子王3 The Lion King 1½,,Comedy / Animation / Adventure,,"['27.5', '47.2', '22.6', '2.2', '0.5']",https://movie.douban.com/subject/1401604/,
2020151,2004,Douban,349,,,,7.6,粉红丝带 ピンクリボン,,Documentary,,"['21.2', '47.6', '25.9', '2.6', '2.6']",https://movie.douban.com/subject/2020151/,
1292052,1994,Douban,3250995,,,,9.7,肖申克的救赎 The Shawshank Redemption,"[85.6, 12.8, 1.3, 0.1, 0.1]",Drama / Crime,10,,,
1291546,1993,Douban,2399076,,,,9.6,霸王别姬,"[82.5, 15.2, 2.0, 0.2, 0.2]",Drama / Romance / Homosexual,10,,,
1292722,1997,Douban,2471149,,,,9.5,泰坦尼克号 Titanic,"[76.9, 19.9, 2.9, 0.2, 0.1]",Drama / Romance / Disaster,10,,,
1292720,1994,Douban,2407867,,,,9.5,阿甘正传 Forrest Gump,"[76.8, 19.9, 2.9, 0.2, 0.1]",Drama / Romance,10,,,
1292063,1997,Douban,1468182,,,,9.5,美丽人生 La vita è bella,"[80.2, 17.0, 2.3, 0.2, 0.2]",Drama / Comedy / Romance / War,10,,,
1889243,2014,Douban,2151979,,,,9.4,星际穿越 Interstellar,"[76.0, 19.8, 3.6, 0.3, 0.2]",Drama / Sci-Fi / Adventure,10,,,
1295644,1994,Douban,2531641,,,,9.4,这个杀手不太冷 Léon,"[72.8, 23.0, 3.7, 0.3, 0.2]",Drama / Action / Crime,10,,,
3541415,2010,Douban,2302632,,,,9.4,盗梦空间 Inception,"[72.9, 23.3, 3.5, 0.2, 0.1]",Drama / Sci-Fi / Mystery / Adventure,10,,,
1292064,1998,Douban,1992922,,,,9.4,楚门的世界 The Truman Show,"[72.7, 23.8, 3.2, 0.2, 0.1]",Drama / Sci-Fi,10,,,
1295124,1993,Douban,1236577,,,,9.5,辛德勒的名单 Schindler's List,"[80.2, 17.3, 2.1, 0.1, 0.2]",Drama / History / War,10,,,
3011091,2009,Douban,1530233,,,,9.4,忠犬八公的故事 Hachi: A Dog's Tale,"[74.9, 21.0, 3.7, 0.3, 0.1]",Drama,10,,,
1292001,1998,Douban,1862874,,,,9.3,海上钢琴师 La leggenda del pianista sull'oceano,"[71.0, 24.0, 4.4, 0.4, 0.2]",Drama / Music,10,,,
25662329,2016,Douban,2286812,,,,9.3,疯狂动物城 Zootopia,"[67.6, 27.9, 4.2, 0.2, 0.1]",Comedy / Animation / Adventure,10,,,
3793023,2009,Douban,2059248,,,,9.2,三傻大闹宝莱坞 3 Idiots,"[68.9, 25.4, 5.0, 0.5, 0.2]",Drama / Comedy / Romance / Musical,10,,,
2131459,2008,Douban,1475016,,,,9.3,机器人总动员 WALL·E,"[71.9, 23.8, 4.0, 0.2, 0.1]",Sci-Fi / Animation / Adventure,10,,,
1296141,1957,Douban,728241,,,,9.6,控方证人 Witness for the Prosecution,"[82.1, 16.0, 1.7, 0.1, 0.1]",Drama / Mystery / Thriller / Crime,10,,,
1292213,1995,Douban,1695072,,,,9.2,大话西游之大圣娶亲 西遊記大結局之仙履奇緣,"[66.8, 26.3, 6.0, 0.6, 0.3]",Comedy / Romance / Fantasy / Costume,10,,,
5912992,2011,Douban,1027896,,,,9.3,熔炉,"[71.4, 24.9, 3.4, 0.2, 0.1]",Drama,10,,,
20495023,2017,Douban,1960169,,,,9.1,寻梦环游记 Coco,"[62.8, 30.0, 6.7, 0.4, 0.2]",Comedy / Animation / Music / Fantasy,10,,,
6786002,2011,Douban,1281308,,,,9.3,触不可及 Intouchables,"[68.8, 26.7, 4.1, 0.3, 0.1]",Drama / Comedy,10,,,
1291841,1972,Douban,1094992,,,,9.3,教父 The Godfather,"[72.0, 22.6, 4.6, 0.4, 0.2]",Drama / Crime,10,,,
1293172,1987,Douban,1017910,,,,9.3,末代皇帝 The Last Emperor,"[70.6, 25.0, 3.9, 0.3, 0.1]",Drama / Biography / History,10,,,
1849031,2006,Douban,1673514,,,,9.1,当幸福来敲门 The Pursuit of Happyness,"[64.6, 28.9, 5.9, 0.5, 0.2]",Drama / Family / Biography,10,,,
1291560,1988,Douban,1399171,,,,9.2,龙猫 となりのトトロ,"[64.4, 29.5, 5.8, 0.2, 0.1]",Animation / Fantasy / Adventure,10,,,
1292365,1994,Douban,960591,,,,9.3,活着,"[70.4, 25.3, 3.9, 0.3, 0.1]",Drama / Family / History,10,,,
3319755,2010,Douban,2033265,,,,9.1,怦然心动 Flipped,"[62.0, 30.3, 6.9, 0.6, 0.2]",Drama / Comedy / Romance,10,,,
1851857,2008,Douban,1182382,,,,9.2,蝙蝠侠：黑暗骑士 The Dark Knight,"[68.2, 25.5, 5.6, 0.5, 0.2]",Drama / Action / Sci-Fi / Thriller / Crime,10,,,
26752088,2018,Douban,2331717,,,,9.0,我不是药神,"[58.8, 33.7, 6.8, 0.5, 0.2]",Drama / Comedy,10,,,
1300267,1939,Douban,785536,,,,9.3,乱世佳人 Gone with the Wind,"[70.9, 24.4, 4.2, 0.3, 0.2]",Drama / Romance / History / War,10,,,
3742360,2010,Douban,1904229,,,,9.0,让子弹飞,"[61.2, 30.3, 7.6, 0.7, 0.3]",Drama / Comedy / Action / Western,10,,,
2129039,2009,Douban,1484966,,,,9.1,飞屋环游记 Up,"[61.4, 32.0, 6.2, 0.3, 0.1]",Drama / Comedy / Animation / Adventure,10,,,
1293182,1957,Douban,571727,,,,9.4,十二怒汉 12 Angry Men,"[76.1, 20.6, 3.0, 0.2, 0.1]",Drama,10,,,
25958717,2015,Douban,767279,,,,9.3,海蒂和爷爷 Heidi,"[69.9, 25.3, 4.4, 0.3, 0.1]",Drama / Family / Adventure,10,,,
21937452,2013,Douban,769212,,,,9.3,素媛,"[69.7, 26.3, 3.7, 0.2, 0.1]",Drama,10,,,
1291583,1986,Douban,999941,,,,9.2,天空之城 天空の城ラピュタ,"[65.0, 29.2, 5.4, 0.3, 0.1]",Animation / Fantasy / Adventure,10,,,
26387939,2016,Douban,1730867,,,,9.0,摔跤吧！爸爸 Dangal,"[59.4, 33.1, 6.9, 0.5, 0.2]",Drama / Family / Biography / Sport,10,,,
1929463,2012,Douban,1478774,,,,9.1,少年派的奇幻漂流 Life of Pi,"[61.6, 31.3, 6.5, 0.5, 0.2]",Drama / Fantasy / Adventure,10,,,
1291548,1989,Douban,869112,,,,9.2,死亡诗社 Dead Poets Society,"[66.8, 26.9, 5.6, 0.5, 0.2]",Drama,10,,,
1299398,1995,Douban,1353731,,,,9.0,大话西游之月光宝盒 西遊記第壹佰零壹回之月光寶盒,"[60.5, 31.2, 7.4, 0.6, 0.3]",Comedy / Romance / Fantasy / Costume,10,,,
30170448,2018,Douban,1154328,,,,9.1,何以为家,"[60.2, 33.8, 5.5, 0.4, 0.2]",Drama,10,,,
27060077,2018,Douban,1873786,,,,8.9,绿皮书 Green Book,"[55.3, 37.1, 7.1, 0.4, 0.1]",Drama / Comedy / Music / Biography,10,,,
1298624,1992,Douban,1012984,,,,9.1,闻香识女人 Scent of a Woman,"[63.1, 30.0, 6.2, 0.5, 0.2]",Drama,10,,,
1418019,1961,Douban,504477,,,,9.4,大闹天宫,"[75.0, 20.6, 3.9, 0.3, 0.2]",Drama / Animation / Fantasy / Costume,10,,,
1291843,1999,Douban,940764,,,,9.1,黑客帝国 The Matrix,"[63.6, 29.5, 6.3, 0.5, 0.2]",Action / Sci-Fi,10,,,
1293839,1953,Douban,1040560,,,,9.1,罗马假日 Roman Holiday,"[60.8, 32.4, 6.4, 0.3, 0.1]",Drama / Comedy / Romance,10,,,
1299131,1974,Douban,632636,,,,9.3,教父2 The Godfather: Part II,"[69.0, 25.9, 4.6, 0.3, 0.2]",Drama / Crime,10,,,
1301753,1994,Douban,951995,,,,9.1,狮子王 The Lion King,"[61.7, 31.7, 6.2, 0.3, 0.1]",Animation / Musical / Adventure,10,,,
1291828,1988,Douban,735653,,,,9.2,天堂电影院 Nuovo Cinema Paradiso,"[66.0, 27.9, 5.5, 0.4, 0.1]",Drama / Romance,10,,,
1291818,1994,Douban,716778,,,,9.2,饮食男女 飲食男女,"[64.5, 30.4, 4.7, 0.3, 0.1]",Drama / Family,10,,,
21937445,2013,Douban,653439,,,,9.2,辩护人,"[66.4, 28.7, 4.6, 0.3, 0.1]",Drama,10,,,
1485260,2008,Douban,1095977,,,,9.0,本杰明·巴顿奇事 The Curious Case of Benjamin Button,"[58.6, 33.4, 7.4, 0.5, 0.1]",Drama / Romance / Fantasy,10,,,
1292000,1999,Douban,963431,,,,9.0,搏击俱乐部 Fight Club,"[61.7, 29.8, 7.3, 0.8, 0.4]",Drama / Action / Mystery / Thriller,10,,,
3008247,2008,Douban,636409,,,,9.2,穿条纹睡衣的男孩 The Boy in the Striped Pajamas,"[63.6, 31.3, 4.6, 0.3, 0.2]",Drama / War,10,,,
1292220,1995,Douban,1312417,,,,8.9,情书 Love Letter,"[56.7, 32.7, 9.3, 1.0, 0.3]",Drama / Romance,10,,,
3011235,2011,Douban,961588,,,,9.0,哈利·波特与死亡圣器(下) Harry Potter and the Deathly Hallows: Part 2,"[60.2, 31.0, 8.0, 0.6, 0.2]",Fantasy / Adventure,10,,,
1293350,1998,Douban,670763,,,,9.1,"两杆大烟枪 Lock, Stock and Two Smoking Barrels","[64.3, 29.0, 5.9, 0.5, 0.2]",Drama / Comedy / Crime,10,,,
1900841,2006,Douban,627367,,,,9.2,窃听风暴 Das Leben der Anderen,"[64.6, 29.3, 5.4, 0.4, 0.2]",Drama / Mystery,10,,,
1294408,1965,Douban,678256,,,,9.1,音乐之声 The Sound of Music,"[62.8, 30.7, 6.1, 0.3, 0.1]",Drama / Romance / Musical / Biography,10,,,
1652587,2009,Douban,1573570,,,,8.8,阿凡达 Avatar,"[54.4, 34.7, 9.9, 0.8, 0.3]",Action / Sci-Fi / Adventure,10,,,
26580232,2016,Douban,1428169,,,,8.8,看不见的客人 Contratiempo,"[48.8, 41.5, 9.1, 0.5, 0.1]",Drama / Mystery / Thriller / Crime,10,,,
1292849,1998,Douban,719338,,,,9.1,拯救大兵瑞恩 Saving Private Ryan,"[60.5, 32.6, 6.2, 0.4, 0.2]",Drama / War,10,,,
1293544,1991,Douban,1007241,,,,8.9,沉默的羔羊 The Silence of the Lambs,"[54.9, 37.0, 7.5, 0.4, 0.1]",Drama / Thriller / Crime,10,,,
1303021,1997,Douban,459879,,,,9.2,小鞋子,"[67.0, 28.4, 4.3, 0.2, 0.1]",Drama / Family / Children,10,,,
11525673,2014,Douban,1075240,,,,8.9,布达佩斯大饭店 The Grand Budapest Hotel,"[55.3, 35.7, 8.1, 0.7, 0.2]",Drama / Comedy / Adventure,10,,,
1292224,1975,Douban,599473,,,,9.1,飞越疯人院 One Flew Over the Cuckoo's Nest,"[63.4, 29.7, 6.1, 0.6, 0.2]",Drama,10,,,
2334904,2010,Douban,1103283,,,,8.9,禁闭岛 Shutter Island,"[52.7, 39.0, 7.7, 0.5, 0.1]",Drama / Mystery / Thriller,10,,,
36445098,2023,Douban,352539,,,,9.3,还有明天 C'è ancora domani,"[73.7, 21.2, 4.2, 0.6, 0.4]",Drama / Comedy / History,10,,,
1292656,1997,Douban,808702,,,,9.0,心灵捕手 Good Will Hunting,"[56.6, 35.5, 7.3, 0.5, 0.1]",Drama,10,,,
1780330,2006,Douban,957146,,,,8.9,致命魔术 The Prestige,"[54.5, 36.8, 7.9, 0.6, 0.2]",Drama / Mystery / Thriller,10,,,
1291832,1994,Douban,950669,,,,8.9,低俗小说 Pulp Fiction,"[55.8, 34.4, 8.7, 0.9, 0.3]",Drama / Comedy / Crime,10,,,
5322596,2011,Douban,716020,,,,9.0,超脱 Detachment,"[59.3, 32.3, 7.4, 0.7, 0.2]",Drama,10,,,
1302425,1999,Douban,1086073,,,,8.8,喜剧之王 喜劇之王,"[52.3, 37.9, 9.1, 0.6, 0.1]",Drama / Comedy / Romance,10,,,
1294371,1936,Douban,343578,,,,9.3,摩登时代 Modern Times,"[71.1, 24.8, 3.8, 0.2, 0.1]",Drama / Comedy / Romance,10,,,
1300299,2003,Douban,829040,,,,8.9,杀人回忆,"[55.0, 36.8, 7.4, 0.6, 0.2]",Drama / Action / Mystery / Thriller / Crime,10,,,
1292679,1997,Douban,705200,,,,9.0,春光乍泄 春光乍洩,"[58.0, 33.5, 7.6, 0.6, 0.3]",Drama / Romance / Homosexual,10,,,
3442220,2009,Douban,380854,,,,9.3,海豚湾 The Cove,"[71.4, 22.8, 4.9, 0.6, 0.4]",Documentary,10,,,
1292262,1984,Douban,467894,,,,9.1,美国往事 Once Upon a Time in America,"[65.4, 27.3, 6.2, 0.7, 0.4]",Drama / Crime,10,,,
1865703,2006,Douban,563467,,,,9.0,红辣椒 パプリカ,"[61.5, 30.2, 7.2, 0.8, 0.3]",Sci-Fi / Animation / Mystery / Thriller,10,,,
1292223,1995,Douban,1053797,,,,8.8,七宗罪 Se7en,"[51.0, 39.2, 9.0, 0.6, 0.2]",Drama / Mystery / Thriller / Crime,10,,,
1306249,1993,Douban,1215518,,,,8.8,唐伯虎点秋香 唐伯虎點秋香,"[49.2, 40.1, 10.0, 0.6, 0.1]",Comedy / Romance / Costume,10,,,
6985810,2012,Douban,465338,,,,9.1,狩猎 Jagten,"[62.6, 31.0, 5.4, 0.5, 0.4]",Drama,10,,,
1297359,1997,Douban,664064,,,,8.9,幽灵公主 もののけ姫,"[56.6, 34.5, 8.2, 0.6, 0.2]",Animation / Fantasy / Adventure,10,,,
1305164,1996,Douban,666450,,,,8.9,甜蜜蜜,"[55.6, 36.1, 7.7, 0.5, 0.2]",Drama / Romance,10,,,
27010768,2019,Douban,1537298,,,,8.8,寄生虫,"[50.4, 40.9, 7.9, 0.6, 0.3]",Drama,10,,,
3395373,2012,Douban,808577,,,,8.9,蝙蝠侠：黑暗骑士崛起 The Dark Knight Rises,"[54.3, 35.8, 8.9, 0.7, 0.2]",Drama / Action / Sci-Fi / Thriller / Crime,10,,,
1428581,1983,Douban,331039,,,,9.2,天书奇谭,"[68.8, 25.5, 5.1, 0.4, 0.2]",Animation / Fantasy,10,,,
10777687,2013,Douban,618252,,,,8.9,7号房的礼物 7,"[57.5, 33.5, 8.0, 0.8, 0.3]",Drama / Comedy / Family,10,,,
11026735,2014,Douban,1137058,,,,8.8,超能陆战队 Big Hero 6,"[49.4, 40.1, 9.8, 0.6, 0.1]",Comedy / Action / Sci-Fi / Animation / Adventure,10,,,
1297630,1999,Douban,632087,,,,8.9,第六感 The Sixth Sense,"[54.9, 37.0, 7.5, 0.5, 0.1]",Drama / Mystery / Thriller,10,,,
1296339,1995,Douban,793229,,,,8.8,爱在黎明破晓前 Before Sunrise,"[54.5, 34.4, 9.8, 1.0, 0.3]",Drama / Romance,10,,,
1461403,1982,Douban,205000,,,,9.6,茶馆,"[80.6, 16.7, 2.4, 0.2, 0.1]",Drama / History,10,,,
1787291,2006,Douban,771267,,,,8.8,被嫌弃的松子的一生 嫌われ松子の一生,"[55.0, 34.0, 9.3, 1.2, 0.5]",Drama / Musical,10,,,
1291999,1994,Douban,917128,,,,8.8,重庆森林 重慶森林,"[51.3, 37.6, 9.9, 0.9, 0.3]",Drama / Romance,10,,,
1309055,2005,Douban,794361,,,,8.8,哈利·波特与火焰杯 Harry Potter and the Goblet of Fire,"[52.2, 37.5, 9.6, 0.6, 0.1]",Mystery / Fantasy / Adventure,10,,,
1395091,1997,Douban,420893,,,,9.1,未麻的部屋 Perfect Blue,"[62.3, 30.6, 6.2, 0.6, 0.3]",Drama / Animation / Mystery / Thriller / Crime,10,,,
10533913,2015,Douban,797716,,,,8.8,头脑特工队 Inside Out,"[53.9, 35.7, 9.6, 0.7, 0.2]",Comedy / Animation / Adventure,10,,,
4202302,2010,Douban,623959,,,,8.9,借东西的小人阿莉埃蒂 借りぐらしのアリエッティ,"[54.4, 37.3, 7.8, 0.4, 0.1]",Animation / Fantasy / Adventure,10,,,
2149806,2008,Douban,739894,,,,8.9,入殓师 おくりびと,"[53.0, 37.6, 8.6, 0.6, 0.2]",Drama,10,,,
1293359,1999,Douban,669898,,,,8.9,菊次郎的夏天 菊次郎の夏,"[54.6, 35.7, 8.7, 0.8, 0.2]",Drama / Comedy,10,,,
1418834,2005,Douban,778085,,,,8.8,断背山 Brokeback Mountain,"[53.5, 35.6, 9.7, 0.8, 0.4]",Drama / Romance / Homosexual / Family,10,,,
1292370,1990,Douban,1116004,,,,8.7,剪刀手爱德华 Edward Scissorhands,"[48.3, 39.9, 10.9, 0.8, 0.2]",Drama / Romance / Fantasy,10,,,
1294639,1995,Douban,603136,,,,8.9,勇敢的心 Braveheart,"[56.4, 34.0, 8.7, 0.7, 0.2]",Drama / Action / Biography / History / War,10,,,
10577869,2013,Douban,785785,,,,8.8,时空恋旅人 About Time,"[52.9, 36.2, 9.9, 0.8, 0.2]",Comedy / Romance / Fantasy,10,,,
21318488,2014,Douban,1066656,,,,8.7,消失的爱人 Gone Girl,"[47.7, 42.6, 8.9, 0.6, 0.2]",Drama / Mystery / Thriller / Crime,10,,,
1297447,1987,Douban,831635,,,,8.8,倩女幽魂,"[49.4, 40.8, 9.2, 0.5, 0.1]",Romance / Fantasy / Chinese swordplay / Costume,10,,,
2353023,2010,Douban,858689,,,,8.8,驯龙高手 How to Train Your Dragon,"[49.8, 40.4, 9.3, 0.4, 0.1]",Animation / Fantasy / Adventure,10,,,
1418200,2005,Douban,924607,,,,8.7,傲慢与偏见 Pride & Prejudice,"[49.2, 39.5, 10.3, 0.8, 0.2]",Drama / Romance,10,,,
10437779,2013,Douban,522980,,,,8.9,新世界,"[55.9, 36.1, 7.4, 0.5, 0.2]",Drama / Crime,10,,,
1300992,1993,Douban,358220,,,,9.1,完美的世界 A Perfect World,"[63.2, 30.4, 5.7, 0.5, 0.2]",Drama / Crime,10,,,
1858711,2010,Douban,588587,,,,8.9,玩具总动员3 Toy Story 3,"[55.7, 35.2, 8.6, 0.4, 0.1]",Comedy / Animation / Fantasy / Adventure,10,,,
26628357,2015,Douban,564393,,,,8.9,一个叫欧维的男人决定去死 En man som heter Ove,"[54.6, 37.3, 7.5, 0.5, 0.1]",Drama,10,,,
1291875,1994,Douban,691995,,,,8.8,阳光灿烂的日子,"[52.5, 37.7, 8.8, 0.7, 0.3]",Drama / Romance,10,,,
25814705,2014,Douban,471099,,,,9.0,小森林 夏秋篇 リトルフォレスト 夏秋,"[59.2, 32.4, 7.5, 0.6, 0.2]",Drama,10,,,
1828115,2007,Douban,953879,,,,8.7,色，戒,"[49.4, 38.7, 10.8, 0.8, 0.3]",Drama / Romance / Eroticism,10,,,
1294240,1990,Douban,429185,,,,9.0,教父3 The Godfather: Part III,"[60.1, 31.8, 7.3, 0.6, 0.2]",Drama / Crime,10,,,
1297052,1995,Douban,517926,,,,8.9,侧耳倾听 耳をすませば,"[56.3, 34.7, 8.3, 0.5, 0.1]",Drama / Romance / Animation,10,,,
1307315,1979,Douban,306322,,,,9.2,哪吒闹海,"[66.9, 26.8, 5.8, 0.4, 0.1]",Animation / Fantasy / Adventure,10,,,
26799731,2017,Douban,818647,,,,8.8,请以你的名字呼唤我 Call Me by Your Name,"[54.9, 33.3, 10.1, 1.2, 0.5]",Drama / Romance / Homosexual,10,,,
1297518,1994,Douban,788267,,,,8.8,九品芝麻官,"[48.9, 41.2, 9.4, 0.4, 0.1]",Drama / Comedy / Costume,10,,,
6307447,2012,Douban,687127,,,,8.8,被解救的姜戈 Django Unchained,"[52.0, 38.9, 8.4, 0.6, 0.2]",Drama / Action / Western / Adventure,10,,,
25986180,2016,Douban,1342626,,,,8.6,釜山行,"[44.0, 44.0, 10.9, 0.8, 0.3]",Action / Thriller / Disaster,10,,,
3287562,2010,Douban,1041585,,,,8.7,神偷奶爸 Despicable Me,"[45.6, 43.3, 10.5, 0.5, 0.1]",Comedy / Animation / Adventure,10,,,
25814707,2015,Douban,418541,,,,9.0,小森林 冬春篇 リトルフォレスト 冬春,"[60.2, 32.0, 7.1, 0.5, 0.2]",Drama,10,,,
1303037,1993,Douban,427993,,,,9.0,喜宴 囍宴,"[56.3, 37.4, 5.8, 0.4, 0.2]",Drama / Comedy / Romance / Homosexual / Family,10,,,
5989818,2011,Douban,606905,,,,8.8,萤火之森 蛍火の杜へ,"[54.6, 34.2, 10.0, 0.9, 0.3]",Drama / Romance / Animation / Fantasy,10,,,
4268598,2010,Douban,739935,,,,8.8,告白,"[51.9, 37.0, 9.5, 1.1, 0.5]",Drama / Mystery,10,,,
3072124,2009,Douban,467646,,,,9.0,玛丽和麦克斯 Mary and Max,"[57.9, 33.1, 8.0, 0.8, 0.3]",Drama / Comedy / Animation,10,,,
1295399,1954,Douban,233600,,,,9.3,七武士 七人の侍,"[71.6, 23.2, 4.5, 0.4, 0.3]",Drama / Action / Adventure,10,,,
4920389,2018,Douban,1508714,,,,8.6,头号玩家 Ready Player One,"[48.2, 38.0, 12.1, 1.3, 0.4]",Action / Sci-Fi / Adventure,10,,,
10463953,2014,Douban,716837,,,,8.8,模仿游戏 The Imitation Game,"[49.1, 41.1, 9.1, 0.5, 0.1]",Drama / Homosexual / Biography / War,10,,,
1293181,1960,Douban,353166,,,,9.0,惊魂记 Psycho,"[59.1, 34.1, 6.1, 0.4, 0.2]",Mystery / Thriller / Horror,10,,,
1316510,1993,Douban,714560,,,,8.7,射雕英雄传之东成西就 射鵰英雄傳之東成西就,"[53.0, 33.2, 11.5, 1.7, 0.7]",Comedy / Fantasy / Chinese swordplay / Costume,10,,,
26325320,2016,Douban,855949,,,,8.7,血战钢锯岭 Hacksaw Ridge,"[46.4, 41.6, 10.8, 0.9, 0.2]",Drama / Biography / History / War,10,,,
24733428,2020,Douban,1134922,,,,8.7,心灵奇旅 Soul,"[48.9, 38.4, 11.8, 0.8, 0.2]",Animation / Music / Fantasy,10,,,
26683290,2016,Douban,1584461,,,,8.5,你的名字。 君の名は。,"[43.5, 38.7, 15.8, 1.6, 0.4]",Drama / Romance / Animation,10,,,
1307856,1994,Douban,177687,,,,9.5,背靠背，脸对脸,"[75.8, 21.6, 2.3, 0.2, 0.1]",Drama,10,,,
4917726,2011,Douban,635853,,,,8.8,阳光姐妹淘,"[51.2, 37.9, 9.8, 0.8, 0.2]",Drama / Comedy,10,,,
21360417,2013,Douban,724860,,,,8.7,恐怖直播,"[47.7, 41.5, 10.0, 0.7, 0.2]",Drama / Mystery / Crime,10,,,
35426925,2023,Douban,423962,,,,9.1,机器人之梦 Robot Dreams,"[61.6, 31.1, 6.5, 0.6, 0.2]",Drama / Animation / Music,10,,,
27119724,2019,Douban,1121082,,,,8.7,小丑 Joker,"[51.0, 37.3, 10.0, 1.1, 0.6]",Drama / Thriller / Crime,10,,,
26611804,2017,Douban,915513,,,,8.7,"三块广告牌 Three Billboards Outside Ebbing, Missouri","[46.8, 43.4, 8.9, 0.7, 0.2]",Drama / Crime,10,,,
1578507,2007,Douban,468137,,,,8.9,谍影重重3 The Bourne Ultimatum,"[52.9, 37.8, 8.7, 0.5, 0.1]",Action / Mystery / Thriller,10,,,
1793929,2013,Douban,503604,,,,8.8,达拉斯买家俱乐部 Dallas Buyers Club,"[50.4, 41.6, 7.5, 0.4, 0.1]",Drama / Homosexual / Biography,10,,,
1291992,1991,Douban,341870,,,,9.0,末路狂花 Thelma & Louise,"[58.8, 33.3, 7.1, 0.6, 0.2]",Drama / Thriller / Crime,10,,,
1422283,1984,Douban,156014,,,,9.5,高山下的花环,"[79.7, 16.7, 3.1, 0.3, 0.2]",Drama / War,10,,,
1907966,2013,Douban,917301,,,,8.7,疯狂原始人 The Croods,"[46.7, 41.3, 11.2, 0.6, 0.1]",Comedy / Animation / Adventure,10,,,
1300374,1999,Douban,385964,,,,8.9,绿里奇迹 The Green Mile,"[56.7, 34.0, 8.3, 0.8, 0.3]",Drama / Mystery / Crime / Fantasy,10,,,
10808442,2013,Douban,469977,,,,8.9,爱在午夜降临前 Before Midnight,"[54.6, 35.0, 9.2, 0.9, 0.3]",Drama / Romance,10,,,
1862151,2006,Douban,921139,,,,8.6,疯狂的石头,"[44.3, 42.8, 11.7, 0.9, 0.2]",Comedy / Crime,10,,,
25895901,2015,Douban,517983,,,,8.8,海街日记 海街diary,"[50.4, 40.3, 8.6, 0.6, 0.1]",Drama / Family,10,,,
1293460,1952,Douban,266496,,,,9.1,雨中曲 Singin' in the Rain,"[63.3, 30.2, 5.9, 0.4, 0.2]",Comedy / Romance / Musical,10,,,
1292226,1968,Douban,392429,,,,8.9,2001太空漫游 2001: A Space Odyssey,"[60.3, 28.4, 8.9, 1.6, 0.9]",Sci-Fi / Thriller / Adventure,10,,,
1291585,1984,Douban,392126,,,,8.9,风之谷 風の谷のナウシカ,"[55.8, 34.9, 8.6, 0.5, 0.2]",Animation / Fantasy / Adventure,10,,,
25917973,2014,Douban,613335,,,,8.7,心迷宫,"[48.1, 42.4, 8.5, 0.7, 0.3]",Drama / Mystery / Crime,10,,,
1297574,1986,Douban,603653,,,,8.6,英雄本色,"[44.5, 43.5, 11.3, 0.5, 0.1]",Drama / Action / Crime,10,,,
1295409,1991,Douban,471759,,,,8.8,纵横四海 縱橫四海,"[51.8, 37.7, 9.5, 0.8, 0.2]",Drama / Comedy / Action / Crime,10,,,
6534248,2012,Douban,609207,,,,8.7,无敌破坏王 Wreck-It Ralph,"[48.7, 40.3, 10.3, 0.6, 0.1]",Comedy / Animation / Fantasy / Adventure,10,,,
27622447,2018,Douban,892082,,,,8.7,小偷家族 万引き家族,"[45.1, 44.7, 9.4, 0.7, 0.2]",Drama / Family / Crime,10,,,
3011051,2009,Douban,984032,,,,8.5,恐怖游轮 Triangle,"[43.1, 42.6, 12.8, 1.2, 0.3]",Sci-Fi / Mystery / Thriller / Fantasy,10,,,
1292329,1991,Douban,366061,,,,8.9,牯岭街少年杀人事件 牯嶺街少年殺人事件,"[57.7, 31.9, 8.7, 1.2, 0.5]",Drama / Crime,10,,,
1307811,1989,Douban,521967,,,,8.7,魔女宅急便 魔女の宅急便,"[48.1, 41.8, 9.7, 0.4, 0.1]",Animation / Fantasy / Adventure,10,,,
1297880,1987,Douban,188020,,,,9.3,芙蓉镇,"[69.5, 26.1, 4.0, 0.3, 0.2]",Drama / Romance,10,,,
1959195,1987,Douban,217642,,,,9.2,忠犬八公物语 ハチ公物語,"[66.0, 27.6, 5.7, 0.4, 0.2]",Drama,10,,,
3792799,2010,Douban,611245,,,,8.7,岁月神偷 歲月神偷,"[48.6, 39.8, 10.6, 0.8, 0.2]",Drama / Family,10,,,
24750126,2014,Douban,514564,,,,8.7,荒蛮故事 Relatos salvajes,"[48.2, 41.8, 9.1, 0.7, 0.2]",Drama / Comedy / Crime,10,,,
1867345,2007,Douban,534866,,,,8.7,遗愿清单 The Bucket List,"[47.6, 41.2, 10.4, 0.7, 0.1]",Drama / Comedy / Adventure,10,,,
27059130,2017,Douban,550350,,,,8.7,大佛普拉斯,"[48.7, 41.1, 9.0, 0.9, 0.4]",Drama / Comedy,10,,,
3075287,2011,Douban,921408,,,,8.6,源代码 Source Code,"[40.8, 47.0, 11.4, 0.6, 0.1]",Sci-Fi / Mystery / Thriller,10,,,
34874432,2021,Douban,818859,,,,8.6,花束般的恋爱 花束みたいな恋をした,"[45.0, 41.9, 11.7, 1.1, 0.4]",Drama / Romance,10,,,
3592854,2015,Douban,615544,,,,8.7,疯狂的麦克斯4：狂暴之路 Mad Max: Fury Road,"[49.9, 37.0, 11.3, 1.3, 0.5]",Action / Sci-Fi / Adventure,10,,,
4848115,2010,Douban,373936,,,,8.9,你看起来好像很好吃 おまえうまそうだな,"[55.1, 35.1, 8.9, 0.7, 0.2]",Drama / Animation / Children,10,,,
2209573,2008,Douban,804703,,,,8.6,贫民窟的百万富翁 Slumdog Millionaire,"[42.9, 44.7, 11.4, 0.7, 0.2]",Drama / Romance,10,,,
2133323,2013,Douban,640218,,,,8.6,白日梦想家 The Secret Life of Walter Mitty,"[47.0, 39.3, 12.3, 1.1, 0.2]",Drama / Comedy / Adventure,10,,,
1293908,1931,Douban,171618,,,,9.3,城市之光 City Lights,"[70.5, 25.0, 4.0, 0.3, 0.2]",Drama / Comedy / Romance,10,,,
5300054,2018,Douban,686707,,,,8.6,波西米亚狂想曲 Bohemian Rhapsody,"[47.7, 38.7, 12.1, 1.2, 0.3]",Drama / Homosexual / Music / Biography,10,,,
25773932,2014,Douban,687294,,,,8.6,爆裂鼓手 Whiplash,"[46.9, 40.2, 11.2, 1.2, 0.5]",Drama / Music,10,,,
1292328,1994,Douban,633311,,,,8.6,东邪西毒 東邪西毒,"[47.8, 38.3, 12.0, 1.4, 0.5]",Drama / Action / Romance / Chinese swordplay / Costume,10,,,
1303394,1993,Douban,598772,,,,8.6,青蛇,"[45.8, 41.9, 11.4, 0.8, 0.2]",Drama / Romance / Fantasy / Costume,10,,,
25934014,2016,Douban,1090446,,,,8.4,爱乐之城 La La Land,"[43.6, 37.8, 15.8, 2.2, 0.6]",Drama / Romance / Musical,10,,,
2051007,2010,Douban,691235,,,,8.6,哈利·波特与死亡圣器(上) Harry Potter and the Deathly Hallows: Part 1,"[45.3, 40.2, 13.1, 1.1, 0.3]",Fantasy / Adventure,10,,,
1438652,2009,Douban,558233,,,,8.7,无耻混蛋 Inglourious Basterds,"[47.0, 41.7, 10.1, 0.9, 0.3]",Drama / Crime,10,,,
1291844,1991,Douban,383368,,,,8.8,终结者2：审判日 Terminator 2: Judgment Day,"[51.6, 38.4, 9.5, 0.4, 0.1]",Action / Sci-Fi,10,,,
1978709,2010,Douban,844226,,,,8.6,黑天鹅 Black Swan,"[42.3, 45.0, 11.6, 0.8, 0.2]",Drama / Thriller,10,,,
1293323,1991,Douban,367730,,,,8.8,大红灯笼高高挂,"[50.5, 41.4, 7.6, 0.5, 0.2]",Drama,10,,,
1292287,1992,Douban,506397,,,,8.7,新龙门客栈 新龍門客棧,"[46.0, 43.4, 9.9, 0.6, 0.1]",Action / Romance / Chinese swordplay / Costume,10,,,
4739952,2010,Douban,1048959,,,,8.5,初恋这件小事 ...,"[42.4, 41.5, 14.5, 1.3, 0.3]",Drama / Comedy / Romance,10,,,
1300117,1997,Douban,347948,,,,8.8,千钧一发 Gattaca,"[51.6, 39.3, 8.4, 0.5, 0.1]",Drama / Sci-Fi / Thriller,10,,,
1291870,1988,Douban,441659,,,,8.7,雨人 Rain Man,"[47.2, 43.1, 9.1, 0.5, 0.1]",Drama,10,,,
1959877,2008,Douban,572373,,,,8.6,崖上的波妞 崖の上のポニョ,"[45.9, 41.1, 11.9, 0.8, 0.2]",Animation / Fantasy / Adventure,10,,,
1296909,1966,Douban,294128,,,,8.9,虎口脱险 La grande vadrouille,"[57.2, 32.9, 8.8, 0.8, 0.3]",Comedy / War,10,,,
1457217,2007,Douban,690849,,,,8.6,哈利·波特与凤凰社 Harry Potter and the Order of the Phoenix,"[44.5, 40.3, 14.1, 1.0, 0.2]",Fantasy / Adventure,10,,,
1291879,1950,Douban,356577,,,,8.8,罗生门 羅生門,"[51.9, 38.0, 9.0, 0.8, 0.3]",Drama / Mystery / Crime,10,,,
25807345,2013,Douban,679582,,,,8.6,彗星来的那一夜 Coherence,"[44.0, 42.6, 11.8, 1.2, 0.4]",Sci-Fi / Mystery / Thriller,10,,,
25980443,2016,Douban,648395,,,,8.6,海边的曼彻斯特 Manchester by the Sea,"[43.9, 43.4, 11.5, 1.0, 0.2]",Drama / Family,10,,,
25864085,2015,Douban,827780,,,,8.5,火星救援 The Martian,"[40.0, 48.0, 11.3, 0.6, 0.2]",Drama / Sci-Fi / Adventure,10,,,
2222996,2008,Douban,325695,,,,8.8,步履不停 歩いても 歩いても,"[50.9, 40.0, 8.2, 0.6, 0.2]",Drama / Family,10,,,
26787574,2017,Douban,598700,,,,8.6,奇迹男孩 Wonder,"[42.7, 44.4, 12.1, 0.7, 0.1]",Drama / Family / Children,10,,,
4202982,2013,Douban,821944,,,,8.5,冰雪奇缘 Frozen,"[40.5, 45.3, 13.2, 0.8, 0.2]",Comedy / Animation / Musical / Fantasy,10,,,
1419936,2005,Douban,413669,,,,8.7,战争之王 Lord of War,"[46.7, 42.6, 10.0, 0.6, 0.1]",Drama / Crime,10,,,
26374197,2018,Douban,753490,,,,8.6,蜘蛛侠：平行宇宙 Spider-Man: Into the Spider-Verse,"[44.1, 42.2, 12.5, 0.9, 0.2]",Action / Sci-Fi / Animation / Adventure,10,,,
1291936,1995,Douban,216215,,,,9.0,攻壳机动队 攻殻機動隊,"[60.8, 31.2, 7.1, 0.7, 0.3]",Action / Sci-Fi / Animation,10,,,
1428175,2006,Douban,420264,,,,8.7,血钻 Blood Diamond,"[44.8, 45.1, 9.5, 0.5, 0.1]",Drama / Thriller / Adventure,10,,,
1293964,1940,Douban,309399,,,,8.8,魂断蓝桥 Waterloo Bridge,"[50.6, 39.7, 9.0, 0.6, 0.2]",Drama / Romance / War,10,,,
26615208,2016,Douban,269647,,,,8.9,隐藏人物 Hidden Figures,"[53.2, 38.6, 7.5, 0.5, 0.2]",Drama / Biography / History,10,,,
25977027,2016,Douban,569989,,,,8.5,小姐,"[42.9, 43.1, 12.6, 1.1, 0.3]",Drama / Mystery / Eroticism / Homosexual,10,,,
25724855,2015,Douban,398768,,,,8.7,房间 Room,"[47.2, 43.7, 8.5, 0.4, 0.1]",Drama / Family,10,,,
27113517,2017,Douban,552842,,,,8.6,血观音 血觀音,"[42.5, 45.2, 11.2, 0.9, 0.3]",Drama / Mystery,10,,,
35904206,2024,Douban,1742,,,,4.7,艾曼纽 Emmanuelle,"[4.4, 6.4, 30.3, 38.1, 20.7]",Drama / Romance,10,,,
36522396,2024,Douban,1510,,,,8.0,为爱所困2024,"[37.2, 32.1, 24.5, 4.3, 1.9]",Drama / Homosexual,10,,,
36787730,2024,Douban,5850,,,,9.5,万物生灵：2024圣诞特别集 All Creatures Great and Small: 2024 Christmas Special,"[77.5, 18.9, 3.0, 0.3, 0.3]",Drama,10,,,
36728740,2024,Douban,587,,,,5.7,廉政行动2024 廉政行動2024,"[5.1, 12.4, 52.7, 20.2, 9.6]",Drama / Crime,10,,,
36979516,2024,Douban,951,,,,6.0,神秘博士：普世欢腾 Doctor Who: Joy to the World,"[8.5, 18.2, 46.2, 19.4, 7.6]",Drama / Sci-Fi / Adventure,10,,,
36666748,2023,Douban,6023,,,,8.5,孤独的美食家 2023除夕特别篇 孤独のグルメ 2023大晦日スペシャル,"[40.2, 44.2, 14.6, 0.6, 0.4]",Drama / Comedy,10,,,
1300285,1984,Douban,3730,,,,9.4,别假正经 Stop Making Sense,"[76.3, 20.1, 3.1, 0.2, 0.3]",Documentary / Music,10,,,
35729996,2023,Douban,8108,,,,9.2,万物生灵：2023圣诞特别集 All Creatures Great and Small: On a Wing and a Prayer,"[67.7, 26.0, 5.6, 0.5, 0.3]",Drama / Comedy,10,,,
36587123,2023,Douban,2454,,,,8.3,古宅老友记：2023圣诞特别集 Ghosts: 2023 Christmas Special,"[41.5, 36.9, 18.6, 2.2, 0.8]",Comedy / Fantasy,10,,,
36190874,2023,Douban,1657,,,,6.5,神秘博士：红宝石路教堂 Doctor Who: The Church on Ruby Road,"[11.6, 25.8, 45.6, 12.6, 4.5]",Drama / Sci-Fi / Adventure,10,,,
36085664,2022,Douban,10360,,,,6.8,默杀 默殺：無聲之地,"[8.7, 34.2, 47.2, 8.2, 1.7]",Drama / Mystery / Thriller,10,,,
35580096,2022,Douban,24988,,,,9.4,2022年卡塔尔世界杯 2022 FIFA World Cup,"[83.3, 11.1, 2.8, 0.6, 2.3]",Drama / Sport,10,,,
4088850,2009,Douban,450,,,,3.5,2022大海啸 2022,"[2.0, 0.8, 14.9, 34.1, 48.2]",Sci-Fi / Disaster,10,,,
35730931,2022,Douban,10466,,,,9.3,万物生灵：2022圣诞特别集 All Creatures Great and Small: 2022 Christmas Special,"[71.3, 23.9, 4.4, 0.2, 0.2]",Drama / Comedy,10,,,
35914301,2022,Douban,11814,,,,7.9,世界奇妙物语 2022夏季特别篇 世にも奇妙な物語'22夏の特別編,"[21.6, 53.2, 22.9, 1.8, 0.4]",Drama / Sci-Fi / Horror,10,,,
35890287,2022,Douban,472,,,,4.6,不羁夜2022,"[3.7, 7.8, 27.7, 37.9, 23.0]",Action / Crime,10,,,
36002890,2022,Douban,6599,,,,6.1,神探伽利略 禁断的魔术 ガリレオ 禁断の魔術,"[4.5, 16.6, 61.6, 15.5, 1.9]",Mystery,10,,,
35685660,2021,Douban,9329,,,,7.0,2021去死 Death to 2021,"[10.3, 36.2, 46.2, 5.8, 1.5]",Comedy,10,,,
34982441,2021,Douban,11264,,,,6.2,陀枪师姐2021 陀槍師姐2021,"[11.8, 22.0, 41.1, 16.4, 8.8]",Drama / Crime,10,,,
34965660,2021,Douban,2599,,,,6.6,学校2021  2021,"[14.9, 24.0, 43.6, 13.1, 4.3]",Drama / Romance,10,,,
35253900,2022,Douban,21781,,,,6.1,哆啦A梦：大雄的宇宙小战争2021 ドラえもん のび太の宇宙小戦争リトルスターウォーズ2021,"[4.6, 16.1, 60.4, 17.1, 1.9]",Drama / Sci-Fi / Animation / Adventure,10,,,
35432352,2021,Douban,13965,,,,9.5,万物生灵：2021圣诞特别集 All Creatures Great and Small: Christmas Special,"[76.2, 20.6, 2.9, 0.1, 0.1]",Drama / Comedy,10,,,
35232030,2021,Douban,5945,,,,8.3,城市真英雄2021,"[35.5, 44.8, 17.6, 1.9, 0.3]",Documentary,10,,,
35588323,2021,Douban,998,,,,3.5,美人鱼,"[3.3, 2.2, 14.3, 28.6, 51.6]",Drama / Fantasy,10,,,
35004905,2020,Douban,9835,,,,7.8,二十 二十,"[28.6, 37.7, 27.8, 4.4, 1.4]",Drama / Romance,10,,,
26266893,2019,Douban,2036500,,,,7.9,流浪地球,"[34.5, 36.3, 21.7, 4.9, 2.6]",Sci-Fi / Adventure / Disaster,10,,,
35922206,2023,Douban,160,,,,6.1,MMXX,"[2.1, 34.0, 36.8, 20.8, 6.3]",Drama,10,,,
35275115,2020,Douban,22844,,,,7.3,2020去死 Death to 2020,"[14.1, 41.4, 38.5, 4.8, 1.1]",Comedy,10,,,
1291839,1982,Douban,303822,,,,8.6,银翼杀手 Blade Runner,"[47.0, 38.2, 12.8, 1.6, 0.4]",Sci-Fi / Thriller,10,,,
35134779,2021,Douban,6822,,,,8.3,浮生一日2020 Life in A Day 2020,"[36.7, 45.8, 15.2, 1.8, 0.5]",Drama / Documentary,10,,,
34852126,2020,Douban,9189,,,,6.3,日本沉没2020 日本沈没2020,"[10.4, 23.7, 40.3, 19.6, 6.0]",Animation,10,,,
34793068,2020,Douban,1631,,,,5.3,家有喜事2020 家有囍事2020,"[6.5, 8.9, 39.2, 33.7, 11.8]",Comedy,10,,,
35060066,2020,Douban,201,,,,5.2,枪2020 銃2020,"[5.5, 9.7, 38.6, 33.1, 13.1]",Drama / Mystery,10,,,
34963401,2020,Douban,6645,,,,7.0,东京爱情故事2020 東京ラブストーリー,"[19.0, 33.6, 32.4, 9.8, 5.3]",Romance,10,,,
34880999,2020,Douban,2530,,,,7.4,绝对零度2020 絶対零度未然犯罪潜入捜査（Season4）,"[16.7, 43.8, 34.3, 4.2, 1.0]",Drama / Action / Crime,10,,,
36522610,2023,Douban,1585,,,,5.6,东京爱情动作故事 東京愛情動作故事,"[11.4, 12.7, 35.3, 24.6, 15.9]",Drama / Comedy / Romance / Eroticism / Fantasy,10,,,
23229638,2014,Douban,14413,,,,8.5,上课小动作 となりの関くん,"[44.1, 41.0, 13.5, 1.0, 0.4]",Drama / Animation,10,,,
35999980,2022,Douban,383,,,,5.6,动作巨星 An Action Hero,"[5.7, 13.3, 46.8, 24.3, 9.9]",Comedy / Action / Thriller / Crime,10,,,
36897407,2023,Douban,128,,,,5.6,动作巨星 Die Hart,"[7.5, 7.5, 46.7, 32.7, 5.6]",Comedy / Action,10,,,
36895401,2024,Douban,338,,,,4.6,动作巨星2 Die Hart: Die Harter,"[4.1, 2.4, 31.0, 42.4, 20.0]",Comedy / Action,10,,,
1300343,1993,Douban,9964,,,,7.7,幻影英雄 Last Action Hero,"[20.1, 46.9, 29.7, 2.6, 0.6]",Comedy / Action / Fantasy / Adventure,10,,,
1887184,1990,Douban,204,,,,6.7,金装武术电影大全 The Best of the Martial Arts Films,"[13.3, 22.2, 53.3, 8.9, 2.2]",Action / Documentary,10,,,
1293025,1988,Douban,129,,,,6.3,魔鬼暴警 Action Jackson,"[10.5, 14.0, 60.5, 12.8, 2.3]",Comedy / Action / Thriller / Crime,10,,,
25884820,2014,Douban,1177,,,,8.4,上课小动作特典：林间学校 となりの関くん 林間学校,"[40.5, 40.8, 17.0, 1.0, 0.8]",Animation,10,,,
26979295,2017,Douban,170,,,,6.0,标志动作 Signature Move,"[8.3, 18.2, 43.0, 25.6, 5.0]",Drama / Comedy / Homosexual,10,,,
2160145,2007,Douban,1852,,,,7.6,科幻大师 Masters Of Science Fiction,"[25.3, 37.0, 29.8, 6.4, 1.5]",Drama / Sci-Fi,10,,,
26955451,2018,Douban,11698,,,,9.1,詹姆斯·卡梅隆的科幻故事 Story of Science Fiction,"[65.9, 26.7, 6.1, 0.8, 0.4]",Documentary,10,,,
34825886,2020,Douban,34350,,,,6.2,熊出没·狂野大陆,"[6.5, 19.1, 56.0, 15.9, 2.5]",Comedy / Sci-Fi / Animation,10,,,
1293166,1936,Douban,1130,,,,7.2,笃定发生 Things to Come,"[14.5, 41.7, 36.2, 5.9, 1.7]",Drama / Sci-Fi / War,10,,,
25851561,2014,Douban,348,,,,8.5,科幻真史 The Real History of Science Fiction,"[43.9, 38.5, 15.5, 1.7, 0.4]",Documentary,10,,,
4745581,2009,Douban,430,,,,8.2,科幻科学：不可能的物理学 第一季 Sci Fi Science: Physics of the Impossible Season 1,"[35.6, 42.4, 19.6, 2.0, 0.4]",Documentary,10,,,
10355626,2013,Douban,254,,,,7.4,残废科幻,"[20.0, 44.1, 26.2, 6.2, 3.4]",Sci-Fi / Documentary / Crime,10,,,
10758815,2011,Douban,312,,,,8.7,科幻先知 第一季 Prophets of Science Fiction Season 1,"[48.4, 37.2, 13.5, 0.9, 0.0]",Sci-Fi / Documentary,10,,,
2155719,2004,Douban,221,,,,6.9,科幻豪杰总动员 G.O.R.A.,"[24.3, 22.5, 32.4, 15.3, 5.4]",Comedy / Sci-Fi / Adventure,10,,,
1305261,1986,Douban,98903,,,,9.0,恐怖分子 恐怖份子,"[57.5, 34.8, 6.8, 0.6, 0.3]",Drama / Crime,10,,,
1472532,1997,Douban,30830,,,,7.4,恐怖鸡 恐怖雞,"[14.3, 46.6, 34.6, 3.7, 0.8]",Thriller / Horror / Crime,10,,,
4827453,2010,Douban,359,,,,5.4,恐怖,"[6.9, 11.1, 37.5, 32.2, 12.3]",Horror,10,,,
1299107,1991,Douban,17243,,,,7.4,恐怖角 Cape Fear,"[14.5, 47.0, 34.2, 3.6, 0.8]",Thriller / Crime,10,,,
2160611,2007,Douban,60627,,,,7.4,恐怖星球 Planet Terror,"[19.2, 41.4, 32.6, 5.4, 1.4]",Action / Sci-Fi / Horror,10,,,
1309184,2005,Douban,115777,,,,7.0,恐怖蜡像馆 House of Wax,"[11.9, 36.2, 44.7, 6.4, 0.9]",Thriller / Horror,10,,,
2132486,2008,Douban,31025,,,,6.5,恐怖废墟 The Ruins,"[7.8, 26.9, 52.0, 11.4, 1.9]",Thriller / Horror,10,,,
10810336,2012,Douban,23995,,,,6.9,恐怖故事,"[10.7, 34.5, 44.9, 8.2, 1.6]",Horror,10,,,
1292050,1975,Douban,29069,,,,8.1,洛基恐怖秀 The Rocky Horror Picture Show,"[36.8, 38.6, 19.8, 3.6, 1.3]",Comedy / Musical,10,,,
26741568,2016,Douban,249359,,,,9.0,我的恐怖妻子 僕のヤバイ妻,"[60.6, 31.8, 6.7, 0.6, 0.2]",Drama / Mystery,10,,,
35240920,2022,Douban,68467,,,,6.3,X,"[7.4, 23.1, 50.7, 15.9, 2.9]",Mystery / Thriller / Horror,10,,,
1760775,2005,Douban,20562,,,,7.2,恐怖大师 第一季 Masters of Horror Season 1,"[16.7, 37.8, 36.5, 7.1, 1.9]",Horror,10,,,
10748109,2012,Douban,22272,,,,7.1,东野圭吾 悬疑故事 東野圭吾ミステリーズ,"[12.2, 38.2, 42.9, 5.8, 0.9]",Drama / Mystery,10,,,
26774746,2018,Douban,1478,,,,6.9,夏岛悬疑 ISLAND,"[17.9, 27.6, 38.0, 13.3, 3.2]",Romance / Sci-Fi / Animation,10,,,
36203949,2024,Douban,218,,,,6.1,焦点悬疑 Puntos suspensivos,"[5.4, 19.6, 56.5, 12.5, 6.0]",Thriller / Crime,10,,,
4718368,2010,Douban,1819,,,,7.5,横山秀夫悬疑剧 横山秀夫サスペンス,"[14.2, 50.8, 31.7, 2.8, 0.6]",Mystery,10,,,
35116463,2020,Douban,2508,,,,7.5,未解之谜 第一季 Unsolved Mysteries Season 1,"[18.1, 45.2, 31.7, 4.1, 1.0]",Mystery / Documentary / Crime,10,,,
5121576,1982,Douban,370,,,,7.9,阿加莎·克里斯蒂悬疑剧场 The Agatha Christie Hour,"[24.9, 47.3, 25.3, 1.1, 1.4]",Romance / Mystery,10,,,
6041238,2011,Douban,1257,,,,7.4,横山秀夫悬疑四部作2 横山秀夫サスペンス2,"[13.2, 48.0, 35.2, 2.9, 0.7]",Drama / Mystery,10,,,
3626252,1973,Douban,238,,,,7.4,双重意识 Duvidha,"[14.9, 46.4, 31.5, 6.1, 1.1]",Drama,10,,,
1294517,1995,Douban,488,,,,7.3,黑街追辑令 Clockers,"[18.3, 36.9, 38.6, 4.6, 1.7]",Drama / Mystery / Crime,10,,,
34967983,2020,Douban,1754,,,,6.0,云端 第二季,"[2.4, 17.5, 58.7, 19.0, 2.4]",Drama / Mystery,10,,,
36171759,2022,Douban,721,,,,9.1,阿加莎·克里斯蒂：解密悬疑女王 Agatha Christie: Lucy Worsley on the Mystery Queen,"[63.3, 28.9, 7.0, 0.2, 0.6]",Documentary,10,,,
20496674,2014,Douban,3557,,,,6.8,编剧情缘 The Rewrite,"[9.8, 31.1, 50.4, 7.6, 1.1]",Comedy / Romance,10,,,
1292347,2003,Douban,51966,,,,8.8,黑客帝国动画版 The Animatrix,"[53.5, 34.6, 10.5, 1.1, 0.4]",Drama / Action / Sci-Fi / Animation,10,,,
1307508,1978,Douban,7347,,,,8.7,指环王 The Lord of the Rings,"[50.6, 36.3, 11.7, 1.0, 0.4]",Drama / Animation / Fantasy / Adventure,10,,,
35461314,2022,Douban,2837,,,,6.8,霸权动画！ ハケンアニメ！,"[11.0, 33.2, 43.8, 9.5, 2.5]",Drama,10,,,
35639781,2024,Douban,45577,,,,8.8,剑来 第一季,"[59.4, 27.1, 9.2, 2.5, 1.8]",Animation / Fantasy / Adventure,10,,,
26593597,1994,Douban,9149,,,,9.4,动画城,"[76.0, 18.5, 4.8, 0.4, 0.3]",Animation / Children,10,,,
25933363,2011,Douban,290,,,,6.0,禁断动画 Not Found ネット上から削除された禁断動画,"[8.3, 17.1, 47.4, 22.4, 4.8]",Mystery / Thriller / Horror / Documentary,10,,,
34908091,2020,Douban,124738,,,,8.0,天官赐福,"[34.4, 40.4, 19.9, 3.2, 2.1]",Drama / Animation,10,,,
1293254,1992,Douban,633,,,,7.7,旋律 The Tune,"[23.7, 43.2, 29.7, 1.7, 1.7]",Comedy / Animation / Musical,10,,,
26820850,2014,Douban,630,,,,9.2,花生动画 Peanuts,"[70.8, 20.6, 7.1, 0.8, 0.6]",Comedy / Animation / Family,10,,,
34444648,2022,Douban,162793,,,,3.7,三体,"[4.7, 5.7, 13.0, 24.8, 51.8]",Drama / Sci-Fi / Animation,10,,,
35268248,2020,Douban,13883,,,,8.3,中国 第一季,"[38.5, 43.0, 14.4, 3.3, 0.8]",Documentary,10,,,
35774302,2022,Douban,5195,,,,9.0,中国 第二季,"[57.1, 35.0, 7.4, 0.5, 0.0]",Documentary,10,,,
36576566,2023,Douban,1231,,,,8.7,中国 第三季,"[51.5, 34.1, 12.2, 0.9, 1.3]",Documentary,10,,,
30295905,2019,Douban,771737,,,,6.6,中国机长,"[9.4, 29.4, 44.8, 13.6, 2.9]",Drama / Biography / Disaster,10,,,
11529526,2013,Douban,662618,,,,7.6,中国合伙人,"[18.6, 48.2, 29.5, 3.0, 0.7]",Drama,10,,,
36299879,2026,Douban,9407,,,,8.2,中国奇谭2,"[41.1, 36.1, 17.4, 4.2, 1.2]",Animation / Fantasy,10,,,
25890078,2015,Douban,37658,,,,7.3,中国城,"[15.0, 40.4, 38.8, 4.8, 1.0]",Drama,10,,,
35087699,2021,Douban,260708,,,,6.9,中国医生,"[16.1, 31.4, 36.2, 11.9, 4.4]",Drama / Disaster,10,,,
1296374,1997,Douban,5437,,,,6.9,中国匣 Chinese Box,"[11.9, 32.6, 45.0, 8.7, 1.9]",Drama / Romance,10,,,
1302589,1967,Douban,10442,,,,7.5,中国姑娘 La chinoise,"[19.8, 44.2, 30.5, 4.4, 1.2]",Drama / Comedy,10,,,
1864541,1995,Douban,10931,,,,7.0,中国龙 中國龍,"[12.2, 31.7, 50.0, 5.3, 0.7]",Comedy / Action / Romance / Crime,10,,,
20515991,2013,Douban,19655,,,,9.2,中国通史,"[69.5, 23.9, 4.8, 1.2, 0.6]",Documentary,10,,,
30128916,2020,Douban,465234,,,,7.1,夺冠,"[12.1, 38.9, 41.2, 6.6, 1.1]",Drama / Sport,10,,,
35681146,2023,Douban,5280,,,,7.6,中国女孩 Chinas,"[18.0, 48.7, 28.7, 3.7, 1.0]",Drama,10,,,
36774007,2025,Douban,3568,,,,7.2,韩国制造,"[25.6, 32.9, 25.3, 10.1, 6.1]",Drama / Action / Thriller / Crime,10,,,
25748649,2013,Douban,5619,,,,7.1,韩国小姐,"[17.2, 33.9, 39.1, 8.3, 1.6]",Drama / Romance,10,,,
36043592,2023,Douban,2049,,,,6.4,我讨厌韩国,"[8.0, 25.3, 49.8, 14.4, 2.5]",Drama / Romance / Family,10,,,
26929044,2017,Douban,1117,,,,6.7,韩国佬 Gook,"[8.5, 34.2, 45.1, 9.4, 2.8]",Drama,10,,,
36500468,2025,Douban,658,,,,7.4,爱我,"[26.5, 37.6, 21.3, 9.3, 5.3]",Drama,10,,,
35681325,2024,Douban,27986,,,,6.3,隐藏的面孔,"[7.6, 20.0, 54.6, 15.1, 2.7]",Drama / Mystery,10,,,
35185735,2020,Douban,5559,,,,5.7,韩国都市怪谈,"[6.3, 13.0, 47.2, 26.3, 7.2]",Horror / Fantasy,10,,,
1395458,2003,Douban,3216,,,,6.8,朝鲜男人在韩国,"[9.8, 30.5, 50.6, 7.8, 1.3]",Comedy,10,,,
20391222,2010,Douban,887,,,,9.0,朝鲜战争,"[61.3, 29.6, 7.2, 1.1, 0.9]",Documentary / War,10,,,
37473787,2025,Douban,1865,,,,7.7,韩国大宝荐：神民的名义,"[24.6, 42.3, 29.2, 3.0, 0.9]",Documentary,10,,,
3013046,1971,Douban,15321,,,,7.8,法国贩毒网 The French Connection,"[19.7, 52.5, 24.9, 2.3, 0.5]",Action / Thriller / Crime,10,,,
2040152,1989,Douban,2254,,,,9.0,法国大革命 La révolution franaise,"[62.2, 27.9, 7.6, 1.6, 0.7]",Drama / History / War,10,,,
1301690,1995,Douban,4281,,,,7.4,法国女人 Une Femme Franaise,"[13.3, 47.8, 34.5, 3.5, 0.9]",Drama,10,,,
1293603,1981,Douban,22279,,,,7.9,法国中尉的女人 The French Lieutenant's Woman,"[21.2, 52.6, 24.2, 1.6, 0.3]",Drama / Romance,10,,,
30331451,2019,Douban,62852,,,,9.3,羞耻 法国版 第三季 Skam France Season 3,"[70.6, 23.5, 5.2, 0.5, 0.2]",Drama / Romance / Homosexual,10,,,
20276520,2013,Douban,5718,,,,7.2,法国万岁 Vive La France,"[13.8, 39.1, 39.9, 5.7, 1.4]",Comedy,10,,,
1293074,1955,Douban,1612,,,,7.4,法国康康舞 French Cancan,"[15.2, 46.7, 33.7, 3.7, 0.7]",Drama / Comedy / Romance / Musical,10,,,
26263467,2014,Douban,5526,,,,7.9,《星际穿越》中的科学 The Science of Interstellar,,Documentary,,"['24.6', '46.6', '26.2', '2.1', '0.5']",https://movie.douban.com/subject/26263467/,
33383596,2015,Douban,1922,,,,9.4,走进《星际穿越》 Inside 'Interstellar',,Documentary,,"['77.9', '17.5', '3.6', '0.4', '0.5']",https://movie.douban.com/subject/33383596/,
35267208,2023,Douban,1402939,,,,8.3,流浪地球2,,Sci-Fi / Adventure / Disaster,,"['44.1', '34.4', '16.4', '3.5', '1.6']",https://movie.douban.com/subject/35267208/,
1432146,2008,Douban,657140,,,,8.4,钢铁侠 Iron Man,,Action / Sci-Fi / Thriller / Adventure,,"['38.5', '46.2', '14.3', '0.8', '0.2']",https://movie.douban.com/subject/1432146/,
30198880,2010,Douban,939,,,,8.9,盗梦空间：潜意识的电影 Dreams: Cinema of the Subconscious,,Documentary,,"['60.9', '27.5', '10.4', '0.1', '1.1']",https://movie.douban.com/subject/30198880/,
30198890,2010,Douban,1520,,,,9.2,盗梦空间：行动开始 Inception: Jump Right Into the Action,,Documentary,,"['69.0', '23.9', '6.3', '0.1', '0.7']",https://movie.douban.com/subject/30198890/,
26607693,2017,Douban,779821,,,,8.4,敦刻尔克 Dunkirk,,Drama / History / War,,"['38.4', '45.9', '14.1', '1.2', '0.3']",https://movie.douban.com/subject/26607693/,
30252495,2019,Douban,543654,,,,8.5,1917,,Drama / War,,"['37.3', '50.1', '11.7', '0.8', '0.2']",https://movie.douban.com/subject/30252495/,
26817136,2025,Douban,677541,,,,8.4,疯狂动物城2 Zootopia 2,,Comedy / Animation / Mystery / Crime / Adventure,,"['37.3', '45.1', '16.3', '1.1', '0.2']",https://movie.douban.com/subject/26817136/,
26772467,2016,Douban,884,,,,8.8,构建《疯狂动物城》 Imagining Zootopia,,Documentary,,"['48.9', '41.8', '8.6', '0.4', '0.3']",https://movie.douban.com/subject/26772467/,
26425063,2018,Douban,979668,,,,8.0,无双 無雙,,Drama / Action / Mystery / Crime,,"['25.2', '52.2', '20.3', '1.9', '0.3']",https://movie.douban.com/subject/26425063/,
1301231,1954,Douban,157760,,,,8.9,电话谋杀案 Dial M for Murder,,Mystery / Thriller / Crime,,"['53.7', '39.6', '6.2', '0.3', '0.1']",https://movie.douban.com/subject/1301231/,
1292699,1974,Douban,181535,,,,8.6,东方快车谋杀案 Murder on the Orient Express,,Drama / Mystery / Crime,,"['41.3', '47.5', '10.6', '0.6', '0.1']",https://movie.douban.com/subject/1292699/,
1302100,1978,Douban,191074,,,,8.6,尼罗河上的惨案 Death on the Nile,,Drama / Mystery / Crime,,"['39.5', '49.7', '10.3', '0.4', '0.1']",https://movie.douban.com/subject/1302100/,
26284595,2016,Douban,76673,,,,4.1,大话西游3,,Comedy / Romance / Fantasy,,"['8.8', '5.8', '14.8', '22.9', '47.6']",https://movie.douban.com/subject/26284595/,
1307739,1994,Douban,450551,,,,8.5,国产凌凌漆 國產凌凌漆,,Comedy / Action,,"['40.4', '43.9', '14.5', '1.0', '0.2']",https://movie.douban.com/subject/1307739/,
1293351,1996,Douban,481808,,,,8.2,食神,,Comedy / Action,,"['31.8', '48.3', '18.5', '1.2', '0.2']",https://movie.douban.com/subject/1293351/,
1297223,1992,Douban,377106,,,,8.4,鹿鼎记 鹿鼎記,,Comedy / Action / Chinese swordplay / Costume,,"['36.2', '46.6', '16.0', '1.0', '0.2']",https://movie.douban.com/subject/1297223/,
1309220,2005,Douban,238190,,,,8.5,黑社会 黑社會,,Drama / Thriller / Crime,,"['38.4', '47.3', '13.3', '0.8', '0.2']",https://movie.douban.com/subject/1309220/,
35593344,2023,Douban,815705,,,,8.8,奥本海默 Oppenheimer,,Drama / Biography / History,,"['52.1', '36.4', '10.0', '1.1', '0.4']",https://movie.douban.com/subject/35593344/,
6879185,2013,Douban,270682,,,,8.3,为奴十二年 12 Years a Slave,,Drama / Biography / History,,"['33.2', '50.3', '15.4', '0.9', '0.2']",https://movie.douban.com/subject/6879185/,
35712804,2023,Douban,303893,,,,8.8,首尔之春,,Drama,,"['50.5', '39.3', '9.1', '0.8', '0.4']",https://movie.douban.com/subject/35712804/,
26761416,2017,Douban,447933,,,,8.5,至暗时刻 Darkest Hour,,Drama / Biography / History / War,,"['39.9', '47.5', '11.7', '0.7', '0.2']",https://movie.douban.com/subject/26761416/,
4023638,2010,Douban,640465,,,,8.5,国王的演讲 The King's Speech,,Drama / Biography / History,,"['36.8', '49.8', '12.6', '0.6', '0.1']",https://movie.douban.com/subject/4023638/,
1292288,1941,Douban,132398,,,,8.8,公民凯恩 Citizen Kane,,Drama / Mystery,,"['52.5', '36.7', '9.5', '0.9', '0.3']",https://movie.douban.com/subject/1292288/,
3205624,2010,Douban,499370,,,,8.2,社交网络 The Social Network,,Drama / Biography,,"['30.0', '50.5', '18.0', '1.3', '0.3']",https://movie.douban.com/subject/3205624/,
1433330,2009,Douban,631364,,,,8.4,哈利·波特与混血王子 Harry Potter and the Half-Blood Prince,,Fantasy / Adventure,,"['41.1', '38.5', '18.0', '2.1', '0.4']",https://movie.douban.com/subject/1433330/,
25726614,2016,Douban,671050,,,,7.7,神奇动物在哪里 Fantastic Beasts and Where to Find Them,,Drama / Fantasy / Adventure,,"['23.0', '45.1', '28.2', '3.2', '0.5']",https://movie.douban.com/subject/25726614/,
1966182,2012,Douban,448145,,,,8.5,霍比特人1：意外之旅 The Hobbit: An Unexpected Journey,,Action / Fantasy / Adventure,,"['41.7', '43.1', '13.5', '1.3', '0.4']",https://movie.douban.com/subject/1966182/,
1309101,2005,Douban,578120,,,,8.3,查理和巧克力工厂 Charlie and the Chocolate Factory,,Comedy / Fantasy / Adventure,,"['35.9', '45.8', '16.7', '1.3', '0.2']",https://movie.douban.com/subject/1309101/,
3025375,2016,Douban,621715,,,,7.6,奇异博士 Doctor Strange,,Action / Fantasy / Adventure,,"['18.9', '47.5', '29.9', '3.2', '0.5']",https://movie.douban.com/subject/3025375/,
1309069,2005,Douban,460304,,,,8.6,蝙蝠侠：侠影之谜 Batman Begins,,Drama / Action / Sci-Fi / Thriller / Crime,,"['42.0', '46.3', '11.0', '0.6', '0.1']",https://movie.douban.com/subject/1309069/,
5294383,2008,Douban,168,,,,8.4,黑暗骑士花絮：蝙蝠侠心理分析 Batman Unmasked,,Documentary,,"['40.5', '43.0', '14.0', '0.0', '2.5']",https://movie.douban.com/subject/5294383/,
5383739,2008,Douban,433,,,,8.2,蝙蝠侠科技 Batman Tech,,Documentary,,"['35.5', '45.5', '16.5', '0.6', '1.9']",https://movie.douban.com/subject/5383739/,
27073329,2008,Douban,256,,,,8.9,黑暗骑士花絮：创造一个哥谭市 Gotham Uncovered: Creation of a Scene,,Documentary,,"['58.1', '32.3', '7.6', '0.0', '2.0']",https://movie.douban.com/subject/27073329/,
11524491,2012,Douban,414,,,,8.3,蝙蝠车 The Batmobile,,Documentary,,"['37.7', '42.4', '18.5', '0.7', '0.7']",https://movie.douban.com/subject/11524491/,
27076873,2012,Douban,837,,,,9.2,黑暗骑士的完结 Ending the Knight,,Documentary,,"['70.0', '23.9', '5.0', '0.1', '1.0']",https://movie.douban.com/subject/27076873/,
25926760,2013,Douban,998,,,,8.8,烈焰升腾：黑暗骑士三部曲诞生及影响 The Fire Rises: The Creation and Impact of the Dark Knight Trilogy,,Documentary,,"['52.7', '37.4', '9.3', '0.4', '0.1']",https://movie.douban.com/subject/25926760/,
1866479,2012,Douban,700579,,,,8.3,复仇者联盟 The Avengers,,Action / Sci-Fi / Fantasy / Adventure,,"['35.2', '45.9', '16.8', '1.5', '0.5']",https://movie.douban.com/subject/1866479/,
11606328,2013,Douban,396059,,,,8.5,霍比特人2：史矛革之战 The Hobbit: The Desolation of Smaug,,Action / Fantasy / Adventure,,"['41.9', '43.6', '13.1', '1.1', '0.3']",https://movie.douban.com/subject/11606328/,
25921812,2016,Douban,994786,,,,8.3,驴得水,,Drama / Comedy,,"['38.2', '43.3', '15.0', '2.5', '0.9']",https://movie.douban.com/subject/25921812/,
27110296,2018,Douban,1087432,,,,8.0,无名之辈,,Drama / Comedy,,"['28.4', '47.6', '20.7', '2.7', '0.5']",https://movie.douban.com/subject/27110296/,
1296753,1942,Douban,241427,,,,8.7,卡萨布兰卡 Casablanca,,Drama / Romance / War,,"['47.1', '40.7', '11.3', '0.7', '0.2']",https://movie.douban.com/subject/1296753/,
1291838,1992,Douban,292797,,,,8.6,红猪 紅の豚,,Comedy / Animation / Adventure,,"['44.8', '40.7', '13.2', '1.0', '0.3']",https://movie.douban.com/subject/1291838/,
2997076,2013,Douban,513386,,,,8.1,华尔街之狼 The Wolf of Wall Street,,Drama / Biography / Crime,,"['29.8', '47.7', '20.0', '2.1', '0.5']",https://movie.douban.com/subject/2997076/,
30466931,2020,Douban,383035,,,,8.1,波斯语课 Persischstunden,,Drama,,"['24.6', '58.0', '16.6', '0.8', '0.0']",https://movie.douban.com/subject/30466931/,
1302090,1991,Douban,382659,,,,8.2,逃学威龙 逃學威龍,,Comedy / Action / Romance,,"['31.7', '47.2', '19.9', '1.1', '0.2']",https://movie.douban.com/subject/1302090/,
30166972,2019,Douban,1558030,,,,8.2,少年的你,,Drama / Romance / Crime,,"['33.5', '46.6', '16.4', '2.1', '1.3']",https://movie.douban.com/subject/30166972/,
1291575,1995,Douban,426048,,,,8.6,玩具总动员 Toy Story,,Comedy / Animation / Family,,"['44.0', '44.1', '11.3', '0.5', '0.1']",https://movie.douban.com/subject/1291575/,
34801038,2021,Douban,115171,,,,5.7,黑客帝国：矩阵重启 The Matrix Resurrections,,Action / Sci-Fi,,"['3.8', '14.5', '48.5', '27.5', '5.8']",https://movie.douban.com/subject/34801038/,
5132228,2001,Douban,1506,,,,9.2,黑客帝国：重访矩阵幕后制作纪录 The Matrix Revisited,,Documentary,,"['66.9', '26.3', '5.9', '0.6', '0.4']",https://movie.douban.com/subject/5132228/,
2300586,2007,Douban,403909,,,,8.5,这个男人来自地球 The Man from Earth,,Drama / Sci-Fi,,"['45.5', '38.0', '13.7', '2.0', '0.8']",https://movie.douban.com/subject/2300586/,
1794171,2007,Douban,540488,,,,8.4,变形金刚 Transformers,,Action / Sci-Fi,,"['36.4', '47.4', '14.8', '1.2', '0.3']",https://movie.douban.com/subject/1794171/,
6981153,2019,Douban,284146,,,,8.8,爱尔兰人 The Irishman,,Drama / Biography / Crime,,"['52.2', '37.3', '9.3', '0.9', '0.3']",https://movie.douban.com/subject/6981153/,
1301757,1998,Douban,68382,,,,7.9,狮子王2：辛巴的荣耀 The Lion King II: Simba's Pride,,Comedy / Animation / Adventure,,"['23.5', '48.4', '25.6', '2.1', '0.4']",https://movie.douban.com/subject/1301757/,
1401604,2004,Douban,42693,,,,8.0,狮子王3 The Lion King 1,,Comedy / Animation / Adventure,,"['27.5', '47.2', '22.6', '2.2', '0.5']",https://movie.douban.com/subject/1401604/,
1306939,1991,Douban,165728,,,,8.4,推手,,Drama / Family,,"['33.5', '53.0', '12.8', '0.6', '0.1']",https://movie.douban.com/subject/1306939/,
1291568,1953,Douban,157785,,,,9.1,东京物语 東京物語,,Drama / Family,,"['65.8', '27.3', '5.0', '0.5', '1.4']",https://movie.douban.com/subject/1291568/,
1292214,1995,Douban,288375,,,,8.6,非常嫌疑犯 The Usual Suspects,,Mystery / Thriller / Crime,,"['44.8', '43.0', '11.0', '0.9', '0.3']",https://movie.douban.com/subject/1292214/,
36216440,2023,Douban,275,,,,7.1,阿凡达：深入潘多拉 Avatar: The Deep Dive -- A Special Edition of 20/20,,Documentary,,"['25.7', '23.8', '37.6', '6.2', '6.7']",https://movie.douban.com/subject/36216440/,
37664367,2025,Douban,325,,,,8.3,火与水：阿凡达电影制作特辑 Fire and Water: Making the Avatar Films,,Documentary,,"['39.9', '40.3', '17.4', '1.2', '1.2']",https://movie.douban.com/subject/37664367/,
4811774,2022,Douban,668948,,,,7.8,阿凡达：水之道 Avatar: The Way of Water,,Action / Sci-Fi / Adventure,,"['25.7', '43.7', '25.5', '4.0', '1.0']",https://movie.douban.com/subject/4811774/,
5348089,2025,Douban,234053,,,,7.6,阿凡达：火与烬 Avatar: Fire and Ash,,Action / Sci-Fi / Thriller / Fantasy / Adventure,,"['20.8', '43.0', '30.6', '4.7', '0.9']",https://movie.douban.com/subject/5348089/,
1294638,1982,Douban,352884,,,,8.6,E.T.外星人 E.T. the Extra-Terrestrial,,Drama / Sci-Fi,,"['42.7', '44.6', '11.7', '0.8', '0.2']",https://movie.douban.com/subject/1294638/,
30318116,2019,Douban,884509,,,,8.1,利刃出鞘 Knives Out,,Drama / Comedy / Mystery / Crime,,"['26.1', '54.8', '17.7', '1.1', '0.2']",https://movie.douban.com/subject/30318116/,
30334073,2018,Douban,1007528,,,,8.2,调音师 Andhadhun,,Comedy / Mystery / Thriller / Crime,,"['32.1', '49.1', '16.6', '1.8', '0.3']",https://movie.douban.com/subject/30334073/,
27615441,2018,Douban,562514,,,,8.5,网络谜踪 Searching,,Drama / Mystery / Thriller / Crime,,"['37.7', '50.0', '11.6', '0.6', '0.1']",https://movie.douban.com/subject/27615441/,
1482055,2007,Douban,108300,,,,7.5,少年汉尼拔 Hannibal Rising,,Drama / Thriller / War / Crime / Adventure,,"['19.3', '41.9', '34.1', '4.0', '0.7']",https://movie.douban.com/subject/1482055/,
1292225,1980,Douban,582488,,,,8.3,闪灵 The Shining,,Horror,,"['37.9', '44.1', '15.6', '1.8', '0.6']",https://movie.douban.com/subject/1292225/,
1578509,2006,Douban,74162,,,,6.2,蝴蝶效应2 The Butterfly Effect 2,,Drama / Sci-Fi / Thriller,,"['8.2', '20.5', '49.4', '17.8', '4.1']",https://movie.douban.com/subject/1578509/,
3077413,2009,Douban,71078,,,,6.7,蝴蝶效应3：启示 The Butterfly Effect 3: Revelations,,Drama / Sci-Fi / Thriller / Crime,,"['9.9', '30.0', '49.1', '9.4', '1.7']",https://movie.douban.com/subject/3077413/,
36587974,2024,Douban,417243,,,,8.8,出走的决心,,Drama / Family,,"['53.9', '35.9', '9.0', '0.9', '0.4']",https://movie.douban.com/subject/36587974/,
36154853,2024,Douban,1191584,,,,8.9,好东西,,Drama / Romance,,"['60.4', '28.4', '8.8', '1.4', '0.9']",https://movie.douban.com/subject/36154853/,
35861791,2022,Douban,203908,,,,9.5,初步举证 National Theatre Live: Prima Facie,,Drama,,"['80.0', '15.6', '3.0', '0.6', '0.9']",https://movie.douban.com/subject/35861791/,
35633650,2023,Douban,396268,,,,8.7,坠落的审判 Anatomie d'une chute,,Drama / Family,,"['47.0', '42.9', '9.1', '0.8', '0.2']",https://movie.douban.com/subject/35633650/,
34940879,2023,Douban,221827,,,,8.4,年少日记 年少日記,,Drama,,"['37.3', '46.8', '14.2', '1.3', '0.3']",https://movie.douban.com/subject/34940879/,
36328210,2024,Douban,343074,,,,8.8,姥姥的外孙,,Drama,,"['52.9', '37.8', '8.5', '0.6', '0.2']",https://movie.douban.com/subject/36328210/,
4058939,2023,Douban,778114,,,,8.0,芭比 Barbie,,Comedy / Fantasy / Adventure,,"['33.4', '39.1', '22.2', '4.0', '1.3']",https://movie.douban.com/subject/4058939/,
35876302,2022,Douban,127113,,,,8.2,晒后假日 Aftersun,,Drama,,"['33.1', '46.9', '17.7', '1.9', '0.4']",https://movie.douban.com/subject/35876302/,
1299603,1992,Douban,249870,,,,8.4,落水狗 Reservoir Dogs,,Thriller / Crime,,"['36.9', '48.8', '13.1', '0.9', '0.2']",https://movie.douban.com/subject/1299603/,
25787888,2015,Douban,317128,,,,8.7,八恶人 The Hateful Eight,,Drama / Crime / Western,,"['46.3', '42.5', '10.1', '0.8', '0.3']",https://movie.douban.com/subject/25787888/,
1294194,1989,Douban,139188,,,,9.0,悲情城市,,Drama / History,,"['60.9', '31.5', '6.6', '0.7', '0.3']",https://movie.douban.com/subject/1294194/,
1872133,2006,Douban,178646,,,,8.4,三峡好人,,Drama / Romance,,"['38.5', '46.5', '13.5', '1.1', '0.3']",https://movie.douban.com/subject/1872133/,
1291851,1998,Douban,168293,,,,8.6,小武,,Drama,,"['43.0', '45.2', '10.8', '0.8', '0.3']",https://movie.douban.com/subject/1291851/,
1304476,1994,Douban,80411,,,,8.8,独立时代 獨立時代,,Drama,,"['52.4', '37.5', '9.1', '0.8', '0.3']",https://movie.douban.com/subject/1304476/,
1299680,1991,Douban,327252,,,,8.0,整蛊专家 整蠱專家,,Comedy / Romance,,"['28.8', '45.5', '23.7', '1.7', '0.2']",https://movie.douban.com/subject/1299680/,
1298817,1925,Douban,75140,,,,9.2,淘金记 The Gold Rush,,Comedy / Romance / Western / Adventure,,"['65.0', '30.1', '4.5', '0.3', '0.1']",https://movie.douban.com/subject/1298817/,
1295646,1940,Douban,90815,,,,9.2,大独裁者 The Great Dictator,,Drama / Comedy / War,,"['66.3', '28.0', '5.1', '0.4', '0.2']",https://movie.douban.com/subject/1295646/,
1293270,1921,Douban,50418,,,,9.2,寻子遇仙记 The Kid,,Drama / Comedy / Family,,"['64.5', '30.6', '4.5', '0.3', '0.1']",https://movie.douban.com/subject/1293270/,
1418752,2005,Douban,414990,,,,8.0,万能钥匙 The Skeleton Key,,Drama / Mystery / Horror,,"['28.1', '49.0', '20.6', '1.8', '0.4']",https://movie.douban.com/subject/1418752/,
1401526,1999,Douban,25396,,,,8.8,摄氏零度·春光再现 攝氏零度·春光再現,,Documentary / Homosexual,,"['53.5', '36.3', '9.4', '0.6', '0.3']",https://movie.douban.com/subject/1401526/,
1305690,1990,Douban,562233,,,,8.5,阿飞正传 阿飛正傳,,Drama / Romance / Crime,,"['39.7', '46.4', '12.9', '0.8', '0.2']",https://movie.douban.com/subject/1305690/,
27119586,2018,Douban,438298,,,,8.6,谁先爱上他的 誰先愛上他的,,Drama / Comedy / Homosexual,,"['43.7', '44.3', '10.7', '0.9', '0.4']",https://movie.douban.com/subject/27119586/,
1315574,2006,Douban,468369,,,,8.5,加勒比海盗2：亡灵的宝藏 Pirates of the Caribbean: Dead Man's Chest,,Action / Fantasy / Adventure,,"['38.3', '47.3', '13.5', '0.8', '0.1']",https://movie.douban.com/subject/1315574/,
1418192,2007,Douban,434262,,,,8.4,加勒比海盗3：世界的尽头 Pirates of the Caribbean: At World's End,,Action / Fantasy / Adventure,,"['38.0', '45.5', '15.2', '1.1', '0.2']",https://movie.douban.com/subject/1418192/,
3227410,2011,Douban,400100,,,,7.9,加勒比海盗4：惊涛怪浪 Pirates of the Caribbean: On Stranger Tides,,Action / Fantasy / Adventure,,"['25.3', '45.5', '26.5', '2.4', '0.3']",https://movie.douban.com/subject/3227410/,
6311303,2017,Douban,395435,,,,7.2,加勒比海盗5：死无对证 Pirates of the Caribbean: Dead Men Tell No Tales,,Action / Fantasy / Adventure,,"['14.0', '40.1', '39.2', '5.9', '0.8']",https://movie.douban.com/subject/6311303/,
3443389,2009,Douban,159482,,,,9.1,海洋 Océans,,Documentary,,"['62.5', '29.9', '6.9', '0.5', '0.2']",https://movie.douban.com/subject/3443389/,
3018123,2009,Douban,52435,,,,9.2,家园 Home,,Documentary,,"['67.3', '25.7', '6.1', '0.7', '0.3']",https://movie.douban.com/subject/3018123/,
1300551,1992,Douban,55427,,,,9.1,天地玄黄 Baraka,,Documentary,,"['65.5', '26.6', '6.7', '0.8', '0.4']",https://movie.douban.com/subject/1300551/,
5387041,2011,Douban,105442,,,,8.9,浮生一日 Life in a Day,,Drama / Documentary,,"['54.0', '36.0', '8.9', '0.8', '0.2']",https://movie.douban.com/subject/5387041/,
3564499,2009,Douban,34685,,,,8.5,"食品公司 Food, Inc.",,Documentary,,"['41.9', '44.8', '11.9', '0.9', '0.4']",https://movie.douban.com/subject/3564499/,
6146955,2011,Douban,129699,,,,8.6,寿司之神 Jiro Dreams of Sushi,,Documentary,,"['45.9', '41.1', '11.6', '0.9', '0.4']",https://movie.douban.com/subject/6146955/,
1474405,2006,Douban,30334,,,,8.6,难以忽视的真相 An Inconvenient Truth,,Documentary,,"['48.3', '37.8', '12.1', '1.1', '0.7']",https://movie.douban.com/subject/1474405/,
1292285,1996,Douban,33897,,,,9.1,微观世界 Microcosmos: Le peuple de l'herbe,,Documentary,,"['62.4', '30.8', '6.2', '0.4', '0.1']",https://movie.douban.com/subject/1292285/,
1292268,1990,Douban,138911,,,,8.5,好家伙 GoodFellas,,Drama / Biography / Crime,,"['39.6', '47.7', '11.7', '0.8', '0.2']",https://movie.douban.com/subject/1292268/,
1300741,1999,Douban,261994,,,,8.8,枪火 鎗火,,Drama / Action / Crime,,"['52.5', '37.7', '8.9', '0.7', '0.2']",https://movie.douban.com/subject/1300741/,
6390823,2014,Douban,471108,,,,8.1,美国队长2 Captain America: The Winter Soldier,,Action / Sci-Fi / Thriller / Adventure,,"['28.0', '49.2', '21.0', '1.5', '0.4']",https://movie.douban.com/subject/6390823/,
10485647,2014,Douban,476846,,,,8.2,X战警：逆转未来 X-Men: Days of Future Past,,Drama / Action / Sci-Fi / Adventure,,"['32.4', '48.6', '17.5', '1.2', '0.3']",https://movie.douban.com/subject/10485647/,
3062897,2008,Douban,80001,,,,9.0,葫芦兄弟,,Animation,,"['59.4', '31.8', '7.9', '0.7', '0.3']",https://movie.douban.com/subject/3062897/,
11502154,2012,Douban,39498,,,,8.6,邋遢大王奇遇记,,Animation / Children,,"['43.4', '44.6', '10.9', '0.8', '0.4']",https://movie.douban.com/subject/11502154/,
1307970,1982,Douban,43355,,,,8.5,骆驼祥子,,Drama,,"['39.4', '49.3', '10.5', '0.6', '0.1']",https://movie.douban.com/subject/1307970/,
1298944,1992,Douban,36657,,,,9.2,无言的山丘 無言的山丘,,Drama / History,,"['65.4', '28.3', '5.4', '0.6', '0.3']",https://movie.douban.com/subject/1298944/,
1422020,1950,Douban,19135,,,,8.8,我这一辈子,,Drama / History,,"['52.2', '38.5', '8.2', '0.7', '0.3']",https://movie.douban.com/subject/1422020/,
1294693,1998,Douban,93670,,,,8.2,荆轲刺秦王,,Drama / History / Costume,,"['34.7', '45.2', '17.1', '2.2', '0.8']",https://movie.douban.com/subject/1294693/,
1465450,1956,Douban,21048,,,,8.5,祝福,,Drama,,"['37.3', '49.5', '12.2', '0.8', '0.2']",https://movie.douban.com/subject/1465450/,
1464526,1999,Douban,109089,,,,9.4,横空出世,,Drama / History,,"['75.4', '19.7', '4.1', '0.4', '0.4']",https://movie.douban.com/subject/1464526/,
1306506,1981,Douban,45600,,,,8.8,阿Q正传,,Drama,,"['49.8', '40.9', '8.6', '0.6', '0.2']",https://movie.douban.com/subject/1306506/,
1298112,1995,Douban,226919,,,,8.3,堕落天使 墮落天使,,Drama / Comedy / Romance / Crime,,"['37.3', '44.9', '15.9', '1.5', '0.4']",https://movie.douban.com/subject/1298112/,
35052267,2007,Douban,841,,,,9.4,《未麻的部屋》讲座 パーフェクトブルー講座,,Documentary,,"['75.4', '19.6', '4.3', '0.3', '0.4']",https://movie.douban.com/subject/35052267/,
36090457,2024,Douban,361755,,,,8.4,头脑特工队2 Inside Out 2,,Drama / Comedy / Animation / Fantasy / Adventure,,"['38.4', '44.4', '15.9', '1.2', '0.1']",https://movie.douban.com/subject/36090457/,
36937391,2024,Douban,16354,,,,8.8,梦境制片厂 Dream Productions,,Drama / Comedy / Animation / Fantasy / Adventure,,"['53.3', '36.3', '9.4', '0.8', '0.2']",https://movie.douban.com/subject/36937391/,
1309071,2005,Douban,140749,,,,8.7,天国王朝 Kingdom of Heaven,,Drama / History / War,,"['47.2', '39.9', '11.6', '1.1', '0.3']",https://movie.douban.com/subject/1309071/,
1296629,1990,Douban,214040,,,,8.1,倩女幽魂2：人间道 倩女幽魂II 人間道,,Romance / Fantasy / Chinese swordplay / Costume,,"['30.4', '48.2', '19.7', '1.5', '0.2']",https://movie.douban.com/subject/1296629/,
1298040,1991,Douban,119161,,,,7.7,倩女幽魂3：道道道 倩女幽魂Ⅲ 道道道,,Action / Romance / Fantasy / Costume,,"['21.3', '43.8', '31.7', '2.7', '0.4']",https://movie.douban.com/subject/1298040/,
1299288,1987,Douban,324211,,,,8.5,胭脂扣,,Drama / Romance / Fantasy,,"['38.2', '48.7', '12.4', '0.6', '0.1']",https://movie.douban.com/subject/1299288/,
10571509,2013,Douban,193739,,,,8.7,如父如子 そして父になる,,Drama / Family,,"['45.2', '45.6', '8.7', '0.4', '0.1']",https://movie.douban.com/subject/10571509/,
26694988,2016,Douban,237469,,,,8.7,比海更深 海よりもまだ深く,,Drama / Family,,"['47.1', '43.4', '8.8', '0.5', '0.2']",https://movie.douban.com/subject/26694988/,
4824512,2014,Douban,336031,,,,8.1,驯龙高手2 How to Train Your Dragon 2,,Animation / Fantasy / Adventure,,"['29.3', '49.6', '19.5', '1.3', '0.2']",https://movie.douban.com/subject/4824512/,
19899707,2019,Douban,294865,,,,7.4,驯龙高手3 How to Train Your Dragon: The Hidden World,,Animation / Fantasy / Adventure,,"['15.8', '42.6', '37.3', '3.8', '0.5']",https://movie.douban.com/subject/19899707/,
1827713,2006,Douban,120163,,,,8.1,卑劣的街头,,Action / Thriller / Crime,,"['26.8', '51.0', '20.7', '1.3', '0.2']",https://movie.douban.com/subject/1827713/,
3743114,2010,Douban,263181,,,,8.5,黄海,,Drama / Action / Crime,,"['39.7', '46.5', '12.4', '1.0', '0.3']",https://movie.douban.com/subject/3743114/,
25862354,2015,Douban,133530,,,,8.1,局内人,,Drama / Action / Thriller / Crime,,"['28.3', '50.1', '20.0', '1.4', '0.3']",https://movie.douban.com/subject/25862354/,
35284168,2022,Douban,31238,,,,6.8,光年正传 Lightyear,,Drama / Action / Sci-Fi / Animation / Adventure,,"['10.8', '30.5', '47.6', '9.1', '1.9']",https://movie.douban.com/subject/35284168/,
1291574,1999,Douban,287618,,,,8.5,玩具总动员2 Toy Story 2,,Comedy / Animation / Fantasy / Adventure,,"['40.4', '46.8', '12.2', '0.5', '0.1']",https://movie.douban.com/subject/1291574/,
6850547,2019,Douban,372217,,,,8.5,玩具总动员4 Toy Story 4,,Comedy / Animation / Fantasy,,"['40.0', '44.5', '14.4', '1.0', '0.1']",https://movie.douban.com/subject/6850547/,
1302156,2000,Douban,697,,,,7.6,巴斯光年星河系历险旅程 Buzz Lightyear of Star Command: The Adventure Begins,,Comedy / Sci-Fi / Animation / Family / Adventure,,"['21.6', '44.1', '29.8', '3.5', '0.9']",https://movie.douban.com/subject/1302156/,
1793491,2007,Douban,442988,,,,8.6,美食总动员 Ratatouille,,Comedy / Animation / Fantasy,,"['43.7', '44.1', '11.5', '0.5', '0.1']",https://movie.douban.com/subject/1793491/,
1292528,1996,Douban,436500,,,,8.6,猜火车 Trainspotting,,Drama / Crime,,"['44.9', '40.4', '12.9', '1.3', '0.4']",https://movie.douban.com/subject/1292528/,
3789848,2013,Douban,408833,,,,8.3,怪兽大学 Monsters University,,Comedy / Animation / Adventure,,"['34.6', '48.8', '15.7', '0.9', '0.1']",https://movie.douban.com/subject/3789848/,
1291588,1991,Douban,156209,,,,8.6,岁月的童话 おもひでぽろぽろ,,Drama / Romance / Animation,,"['45.7', '40.7', '12.4', '1.0', '0.2']",https://movie.douban.com/subject/1291588/,
1937946,2006,Douban,429343,,,,8.6,穿越时空的少女 時をかける少女,,Drama / Romance / Sci-Fi / Animation,,"['43.8', '41.5', '13.5', '1.1', '0.2']",https://movie.douban.com/subject/1937946/,
6791750,2013,Douban,281019,,,,8.2,起风了 風立ちぬ,,Drama / Romance / Animation,,"['34.2', '44.0', '19.3', '1.8', '0.6']",https://movie.douban.com/subject/6791750/,
26654498,2018,Douban,236857,,,,8.3,"爱你，西蒙 Love, Simon",,Comedy / Romance / Homosexual,,"['33.9', '47.3', '17.2', '1.3', '0.3']",https://movie.douban.com/subject/26654498/,
30257175,2019,Douban,266226,,,,8.7,燃烧女子的肖像 Portrait de la jeune fille en feu,,Drama / Romance / Homosexual,,"['50.3', '38.2', '10.5', '0.9', '0.2']",https://movie.douban.com/subject/30257175/,
10757577,2015,Douban,310473,,,,8.4,卡罗尔 Carol,,Drama / Romance / Homosexual,,"['39.1', '44.0', '15.6', '1.1', '0.2']",https://movie.douban.com/subject/10757577/,
26746559,2017,Douban,55900,,,,8.3,每分钟120击 120 battements par minute,,Drama / Homosexual,,"['36.1', '46.9', '15.0', '1.5', '0.5']",https://movie.douban.com/subject/26746559/,
1293456,1987,Douban,102284,,,,8.8,莫里斯 Maurice,,Drama / Romance / Homosexual,,"['51.5', '38.5', '9.2', '0.6', '0.2']",https://movie.douban.com/subject/1293456/,
1300498,1995,Douban,339972,,,,7.9,百变星君 百變星君,,Comedy / Sci-Fi / Fantasy,,"['26.8', '44.7', '26.1', '2.2', '0.3']",https://movie.douban.com/subject/1300498/,
1298644,1990,Douban,228280,,,,7.9,赌圣 賭聖,,Comedy / Action,,"['26.4', '46.3', '25.5', '1.7', '0.2']",https://movie.douban.com/subject/1298644/,
30299515,2020,Douban,140869,,,,5.1,釜山行2：半岛 2-,,Action / Thriller / Horror,,"['4.0', '9.2', '39.7', '34.4', '12.8']",https://movie.douban.com/subject/30299515/,
25840396,2016,Douban,27276,,,,5.8,首尔站,,Animation,,"['6.1', '17.6', '45.2', '23.4', '7.6']",https://movie.douban.com/subject/25840396/,
4915857,2013,Douban,473301,,,,8.1,神偷奶爸2 Despicable Me 2,,Comedy / Animation / Adventure,,"['29.8', '49.2', '19.4', '1.4', '0.2']",https://movie.douban.com/subject/4915857/,
25812712,2017,Douban,287740,,,,6.8,神偷奶爸3 Despicable Me 3,,Comedy / Animation / Adventure,,"['10.0', '30.5', '49.2', '9.3', '1.1']",https://movie.douban.com/subject/25812712/,
30170847,2024,Douban,100105,,,,6.1,神偷奶爸4 Despicable Me 4,,Comedy / Animation / Adventure,,"['6.4', '18.6', '52.1', '19.3', '3.6']",https://movie.douban.com/subject/30170847/,
1293847,1952,Douban,54043,,,,9.3,生之欲 生きる,,Drama,,"['69.8', '24.9', '4.5', '0.5', '0.3']",https://movie.douban.com/subject/1293847/,
1296196,1985,Douban,118556,,,,8.9,乱,,Drama / Action,,"['57.0', '34.6', '7.4', '0.7', '0.3']",https://movie.douban.com/subject/1296196/,
1294827,1957,Douban,38347,,,,8.5,蜘蛛巢城 蜘蛛巣城,,Drama / History,,"['38.6', '49.2', '11.2', '0.8', '0.3']",https://movie.douban.com/subject/1294827/,
1300055,1987,Douban,153353,,,,8.6,全金属外壳 Full Metal Jacket,,Drama / War,,"['42.9', '45.3', '10.8', '0.8', '0.2']",https://movie.douban.com/subject/1300055/,
1292969,1957,Douban,63663,,,,9.1,光荣之路 Paths of Glory,,Drama / War,,"['62.5', '31.9', '5.0', '0.4', '0.2']",https://movie.douban.com/subject/1292969/,
1292260,1979,Douban,128234,,,,8.5,现代启示录 Apocalypse Now,,Drama / War,,"['44.4', '40.4', '13.1', '1.6', '0.6']",https://movie.douban.com/subject/1292260/,
1303067,1980,Douban,84229,,,,9.1,影武者,,Drama / History / War,,"['60.7', '32.4', '6.1', '0.6', '0.2']",https://movie.douban.com/subject/1303067/,
24773958,2018,Douban,819517,,,,8.1,复仇者联盟3：无限战争 Avengers: Infinity War,,Action / Sci-Fi / Fantasy / Adventure,,"['33.3', '43.6', '19.9', '2.4', '0.9']",https://movie.douban.com/subject/24773958/,
25820460,2016,Douban,488122,,,,7.9,美国队长3 Captain America: Civil War,,Action / Sci-Fi,,"['27.0', '45.3', '24.0', '2.8', '1.0']",https://movie.douban.com/subject/25820460/,
1293129,1983,Douban,7539,,,,7.8,惊魂记2 Psycho II,,Mystery / Thriller / Horror,,"['22.4', '50.0', '24.7', '2.4', '0.5']",https://movie.douban.com/subject/1293129/,
1296159,1986,Douban,1605,,,,6.5,惊魂记3 Psycho III,,Romance / Mystery / Thriller / Horror,,"['11.1', '20.9', '51.4', '14.6', '2.0']",https://movie.douban.com/subject/1296159/,
1304500,1990,Douban,1045,,,,6.4,惊魂记4 Psycho IV: The Beginning,,Mystery / Thriller / Horror,,"['11.6', '21.0', '49.3', '13.0', '5.1']",https://movie.douban.com/subject/1304500/,
1299080,1954,Douban,232869,,,,8.7,后窗 Rear Window,,Mystery / Thriller,,"['46.8', '43.2', '9.2', '0.6', '0.2']",https://movie.douban.com/subject/1299080/,
1297294,1958,Douban,162160,,,,8.7,迷魂记 Vertigo,,Romance / Mystery / Thriller,,"['47.1', '42.4', '9.6', '0.8', '0.2']",https://movie.douban.com/subject/1297294/,
1295872,1959,Douban,124602,,,,8.3,西北偏北 North by Northwest,,Mystery / Thriller / Adventure,,"['31.5', '52.3', '15.1', '0.9', '0.2']",https://movie.douban.com/subject/1295872/,
1310175,1963,Douban,87947,,,,8.0,群鸟 The Birds,,Mystery / Thriller / Disaster,,"['27.0', '51.0', '19.5', '1.9', '0.5']",https://movie.douban.com/subject/1310175/,
1301230,1948,Douban,76904,,,,8.1,夺魂索 Rope,,Mystery / Thriller / Crime,,"['27.5', '51.7', '19.2', '1.3', '0.3']",https://movie.douban.com/subject/1301230/,
26786669,2019,Douban,252551,,,,7.5,决战中途岛 Midway,,Drama / History / War,,"['15.8', '49.1', '31.5', '3.1', '0.5']",https://movie.douban.com/subject/26786669/,
35284253,2022,Douban,367542,,,,8.0,青春变形记 Turning Red,,Comedy / Animation / Fantasy / Adventure,,"['28.3', '46.8', '22.6', '2.0', '0.4']",https://movie.douban.com/subject/35284253/,
2043546,2007,Douban,616957,,,,8.3,秒速5厘米 秒速5センチメートル,,Drama / Romance / Animation,,"['40.0', '37.9', '19.0', '2.5', '0.6']",https://movie.douban.com/subject/2043546/,
2063528,2007,Douban,205133,,,,8.8,盲山,,Drama / Crime,,"['49.1', '41.7', '8.4', '0.6', '0.2']",https://movie.douban.com/subject/2063528/,
4920528,2011,Douban,935183,,,,8.1,那些年，我们一起追的女孩 那些年，我們一起追的女孩,,Drama / Comedy / Romance,,"['31.2', '45.6', '20.7', '1.9', '0.5']",https://movie.douban.com/subject/4920528/,
3006772,2009,Douban,504242,,,,8.4,第九区 District 9,,Drama / Action / Sci-Fi / Thriller,,"['37.6', '45.3', '15.1', '1.5', '0.4']",https://movie.douban.com/subject/3006772/,
35603727,2024,Douban,167978,,,,8.5,猫猫的奇幻漂流 Straume,,Animation / Fantasy / Adventure,,"['40.0', '45.3', '13.3', '1.2', '0.2']",https://movie.douban.com/subject/35603727/,
36765646,2024,Douban,163377,,,,8.1,蓦然回首 ルックバック,,Drama / Animation,,"['32.1', '44.8', '20.5', '2.3', '0.3']",https://movie.douban.com/subject/36765646/,
34909341,2024,Douban,100481,,,,6.0,小丑2：双重妄想 Joker: Folie à Deux,,Drama / Thriller / Musical / Crime,,"['8.3', '22.0', '39.5', '23.8', '6.4']",https://movie.douban.com/subject/34909341/,
26647117,2017,Douban,541879,,,,8.2,暴裂无声,,Drama / Mystery / Crime,,"['30.9', '50.8', '16.3', '1.7', '0.3']",https://movie.douban.com/subject/26647117/,
1309045,2005,Douban,248791,,,,8.4,电锯惊魂2 Saw II,,Mystery / Thriller / Horror,,"['36.3', '47.2', '15.2', '1.1', '0.3']",https://movie.douban.com/subject/1309045/,
1474189,2006,Douban,195290,,,,8.1,电锯惊魂3 Saw III,,Mystery / Thriller / Horror,,"['31.4', '45.9', '20.4', '1.8', '0.5']",https://movie.douban.com/subject/1474189/,
1922273,2007,Douban,135934,,,,7.8,电锯惊魂4 Saw IV,,Mystery / Thriller / Horror,,"['25.6', '44.0', '27.4', '2.5', '0.4']",https://movie.douban.com/subject/1922273/,
2350904,2008,Douban,122104,,,,7.8,电锯惊魂5 Saw V,,Mystery / Thriller / Horror,,"['25.0', '43.8', '28.1', '2.7', '0.5']",https://movie.douban.com/subject/2350904/,
3075983,2009,Douban,118736,,,,7.9,电锯惊魂6 Saw VI,,Mystery / Thriller / Horror,,"['26.7', '46.2', '24.6', '2.1', '0.4']",https://movie.douban.com/subject/3075983/,
3878157,2010,Douban,114742,,,,7.8,电锯惊魂7 Saw 3D: The Final Chapter,,Mystery / Thriller / Horror,,"['25.7', '42.6', '27.7', '3.3', '0.8']",https://movie.douban.com/subject/3878157/,
25788426,2017,Douban,101850,,,,7.0,电锯惊魂8：竖锯 Jigsaw,,Mystery / Thriller / Horror,,"['14.6', '32.4', '44.3', '7.4', '1.3']",https://movie.douban.com/subject/25788426/,
33450426,2021,Douban,43460,,,,5.3,电锯惊魂9：漩涡 Spiral: From the Book of Saw,,Mystery / Thriller / Horror,,"['5.6', '10.0', '39.7', '33.0', '11.7']",https://movie.douban.com/subject/33450426/,
36116844,2023,Douban,77990,,,,7.4,电锯惊魂10 Saw X,,Mystery / Thriller / Horror,,"['17.6', '43.5', '33.5', '4.5', '1.0']",https://movie.douban.com/subject/36116844/,
1895120,2007,Douban,328989,,,,7.9,死寂 Dead Silence,,Mystery / Horror,,"['25.1', '47.1', '25.2', '2.2', '0.4']",https://movie.douban.com/subject/1895120/,
3804629,2013,Douban,397497,,,,8.1,招魂 The Conjuring,,Mystery / Thriller / Horror,,"['28.5', '48.9', '20.6', '1.6', '0.3']",https://movie.douban.com/subject/3804629/,
3011308,2009,Douban,529704,,,,8.2,孤儿怨 Orphan,,Mystery / Thriller / Horror,,"['30.4', '50.2', '17.4', '1.5', '0.5']",https://movie.douban.com/subject/3011308/,
3001077,2012,Douban,161689,,,,6.8,谍影重重4 The Bourne Legacy,,Action / Mystery / Thriller,,"['10.1', '32.6', '48.0', '8.0', '1.3']",https://movie.douban.com/subject/3001077/,
26266072,2016,Douban,211876,,,,7.5,谍影重重5 Jason Bourne,,Action / Mystery / Thriller,,"['18.8', '45.1', '31.8', '3.5', '0.9']",https://movie.douban.com/subject/26266072/,
1292728,1996,Douban,267550,,,,8.6,勇闯夺命岛 The Rock,,Action / Adventure,,"['44.3', '43.3', '11.4', '0.8', '0.2']",https://movie.douban.com/subject/1292728/,
1292484,1996,Douban,309023,,,,8.3,碟中谍 Mission: Impossible,,Action / Thriller / Adventure,,"['31.0', '53.1', '15.1', '0.7', '0.1']",https://movie.douban.com/subject/1292484/,
2124586,2008,Douban,288876,,,,8.3,飓风营救 Taken,,Drama / Action / Thriller / Crime,,"['32.4', '52.0', '14.7', '0.8', '0.1']",https://movie.douban.com/subject/2124586/,
1292659,1997,Douban,406052,,,,8.5,变脸 Face/Off,,Action / Sci-Fi / Thriller / Crime,,"['40.5', '46.5', '12.2', '0.7', '0.2']",https://movie.douban.com/subject/1292659/,
4286017,2011,Douban,392064,,,,8.5,速度与激情5 Fast Five,,Action / Crime,,"['40.0', '45.0', '13.8', '1.0', '0.3']",https://movie.douban.com/subject/4286017/,
25954475,2015,Douban,278505,,,,8.8,聚焦 Spotlight,,Drama / Biography,,"['50.5', '40.6', '8.3', '0.5', '0.2']",https://movie.douban.com/subject/25954475/,
6803494,2013,Douban,166271,,,,8.7,极速风流 Rush,,Drama / Biography / Sport,,"['48.1', '41.6', '9.5', '0.6', '0.2']",https://movie.douban.com/subject/6803494/,
1298898,1999,Douban,277979,,,,8.6,暗战 暗戰,,Drama / Action / Crime,,"['42.3', '45.9', '11.1', '0.6', '0.1']",https://movie.douban.com/subject/1298898/,
1890784,2007,Douban,359089,,,,8.1,门徒 門徒,,Drama / Thriller / Crime,,"['27.5', '51.7', '19.6', '1.1', '0.2']",https://movie.douban.com/subject/1890784/,
1292233,1971,Douban,410300,,,,8.6,发条橙 A Clockwork Orange,,Drama / Sci-Fi / Crime,,"['48.0', '38.3', '11.6', '1.5', '0.7']",https://movie.douban.com/subject/1292233/,
1292222,1976,Douban,251937,,,,8.6,出租车司机 Taxi Driver,,Drama / Crime,,"['43.5', '42.6', '12.4', '1.1', '0.3']",https://movie.douban.com/subject/1292222/,
1424552,1991,Douban,40372,,,,9.2,大决战之辽沈战役,,Drama / History / War,,"['70.0', '22.8', '6.1', '0.6', '0.6']",https://movie.douban.com/subject/1424552/,
1907464,2007,Douban,288069,,,,8.2,集结号,,Drama / Biography / History / War,,"['31.9', '49.3', '16.6', '1.4', '0.8']",https://movie.douban.com/subject/1907464/,
1307201,1986,Douban,20723,,,,8.8,血战台儿庄,,History / War,,"['53.4', '35.9', '9.6', '0.8', '0.3']",https://movie.douban.com/subject/1307201/,
3042261,2022,Douban,202456,,,,8.5,西线无战事 Im Westen nichts Neues,,Drama / Action / War,,"['41.8', '44.1', '12.6', '1.2', '0.3']",https://movie.douban.com/subject/3042261/,
1980790,1991,Douban,15787,,,,9.1,决战之后,,Drama / War,,"['65.4', '27.3', '6.3', '0.7', '0.4']",https://movie.douban.com/subject/1980790/,
1309115,2004,Douban,132327,,,,8.9,帝国的毁灭 Der Untergang,,Drama / Biography / History / War,,"['54.4', '38.1', '7.0', '0.4', '0.1']",https://movie.douban.com/subject/1309115/,
24298954,2020,Douban,291205,,,,7.7,疯狂原始人2 The Croods: A New Age,,Comedy / Animation / Adventure,,"['20.6', '46.1', '30.0', '3.0', '0.3']",https://movie.douban.com/subject/24298954/,
2124703,2009,Douban,443054,,,,8.4,疯狂的赛车,,Comedy / Action / Adventure,,"['39.8', '44.2', '14.6', '1.2', '0.2']",https://movie.douban.com/subject/2124703/,
4237879,2010,Douban,715186,,,,7.9,人在囧途,,Comedy,,"['24.2', '49.3', '23.9', '2.1', '0.5']",https://movie.douban.com/subject/4237879/,
4832288,2011,Douban,84891,,,,8.8,奇迹 奇跡,,Drama / Family,,"['49.2', '41.9', '8.3', '0.5', '0.1']",https://movie.douban.com/subject/4832288/,
1293572,1984,Douban,18997,,,,8.0,2010,,Sci-Fi / Mystery / Thriller / Adventure,,"['27.9', '48.1', '21.0', '2.5', '0.6']",https://movie.douban.com/subject/1293572/,
1298107,1927,Douban,60385,,,,9.0,大都会 Metropolis,,Drama / Sci-Fi,,"['61.4', '30.6', '6.9', '0.8', '0.3']",https://movie.douban.com/subject/1298107/,
1295647,1997,Douban,129806,,,,8.4,超时空接触 Contact,,Drama / Sci-Fi / Mystery / Thriller,,"['39.4', '43.8', '15.0', '1.4', '0.4']",https://movie.douban.com/subject/1295647/,
1300555,1985,Douban,247729,,,,8.8,回到未来 Back to the Future,,Comedy / Sci-Fi / Adventure,,"['49.6', '40.9', '8.9', '0.5', '0.1']",https://movie.douban.com/subject/1300555/,
3073124,2009,Douban,293846,,,,8.5,月球 Moon,,Drama / Sci-Fi / Mystery,,"['39.8', '47.0', '12.1', '0.8', '0.2']",https://movie.douban.com/subject/3073124/,
1300977,1972,Douban,46064,,,,8.6,飞向太空 Солярис,,Drama / Sci-Fi / Mystery,,"['48.8', '37.2', '11.6', '1.7', '0.6']",https://movie.douban.com/subject/1300977/,
1303907,1994,Douban,105301,,,,8.6,百变狸猫 平成狸合戦ぽんぽこ,,Drama / Comedy / Animation / Fantasy,,"['45.4', '41.5', '12.2', '0.8', '0.1']",https://movie.douban.com/subject/1303907/,
24719063,2015,Douban,764911,,,,8.3,烈日灼心,,Drama / Mystery / Crime,,"['34.8', '49.3', '14.2', '1.3', '0.3']",https://movie.douban.com/subject/24719063/,
1297862,1987,Douban,203162,,,,8.4,英雄本色2,,Drama / Action / Crime,,"['39.4', '45.4', '13.7', '1.3', '0.2']",https://movie.douban.com/subject/1297862/,
1293759,1989,Douban,65668,,,,7.5,英雄本色3：夕阳之歌 英雄本色III夕陽之歌,,Action / War,,"['21.2', '40.3', '33.7', '4.1', '0.7']",https://movie.douban.com/subject/1293759/,
1397546,1998,Douban,202439,,,,8.9,追随 Following,,Mystery / Thriller / Crime,,"['54.7', '37.6', '7.1', '0.5', '0.2']",https://movie.douban.com/subject/1397546/,
1300883,1989,Douban,299539,,,,8.5,赌神 賭神,,Drama / Comedy,,"['39.6', '47.4', '12.3', '0.6', '0.1']",https://movie.douban.com/subject/1300883/,
20438964,2018,Douban,417786,,,,8.0,无敌破坏王2：大闹互联网 Ralph Breaks the Internet,,Comedy / Animation / Fantasy / Adventure,,"['28.5', '46.4', '22.7', '2.2', '0.3']",https://movie.douban.com/subject/20438964/,
1307897,1995,Douban,76253,,,,8.9,回忆三部曲 Memories,,Sci-Fi / Animation / Thriller / Fantasy,,"['53.0', '37.9', '8.3', '0.7', '0.2']",https://movie.douban.com/subject/1307897/,
1477916,2004,Douban,49822,,,,8.8,心理游戏 マインドゲーム,,Comedy / Animation / Mystery / Adventure,,"['55.6', '32.0', '9.8', '1.8', '0.8']",https://movie.douban.com/subject/1477916/,
1300056,1959,Douban,142868,,,,8.9,四百击 Les quatre cents coups,,Drama / Crime,,"['53.0', '38.6', '7.6', '0.6', '0.2']",https://movie.douban.com/subject/1300056/,
1297418,1996,Douban,67626,,,,8.7,麻将 麻將,,Drama / Comedy,,"['45.5', '43.3', '9.9', '0.9', '0.3']",https://movie.douban.com/subject/1297418/,
1299436,1983,Douban,62458,,,,8.4,风柜来的人 風櫃來的人,,Drama,,"['35.1', '52.2', '11.9', '0.6', '0.2']",https://movie.douban.com/subject/1299436/,
1300572,1985,Douban,78945,,,,8.9,童年往事,,Drama / Family / Biography,,"['53.7', '37.5', '7.9', '0.7', '0.2']",https://movie.douban.com/subject/1300572/,
35284564,2022,Douban,4424,,,,5.7,冰川时代：巴克·怀尔德的冒险之旅 The Ice Age Adventures of Buck Wild,,Comedy / Animation / Family / Adventure,,"['8.0', '13.8', '43.0', '26.4', '8.8']",https://movie.douban.com/subject/35284564/,
1437342,2006,Douban,262201,,,,8.2,冰川时代2 Ice Age: The Meltdown,,Comedy / Animation / Adventure,,"['29.5', '52.8', '16.7', '0.9', '0.1']",https://movie.douban.com/subject/1437342/,
2357162,2009,Douban,255960,,,,8.3,冰川时代3 Ice Age: Dawn of the Dinosaurs,,Comedy / Animation / Adventure,,"['33.2', '50.8', '15.1', '0.7', '0.1']",https://movie.douban.com/subject/2357162/,
4914468,2012,Douban,240315,,,,8.1,冰川时代4 Ice Age: Continental Drift,,Comedy / Animation / Adventure,,"['28.7', '51.5', '18.5', '1.1', '0.2']",https://movie.douban.com/subject/4914468/,
25797778,2016,Douban,102198,,,,7.3,冰川时代5：星际碰撞 Ice Age: Collision Course,,Comedy / Animation / Adventure,,"['18.0', '36.1', '38.2', '6.6', '1.2']",https://movie.douban.com/subject/25797778/,
1783457,2008,Douban,638296,,,,8.3,功夫熊猫 Kung Fu Panda,,Comedy / Action / Animation / Adventure,,"['32.2', '50.0', '16.6', '0.9', '0.2']",https://movie.douban.com/subject/1783457/,
1299365,1990,Douban,136016,,,,8.2,菊豆,,Drama,,"['29.2', '54.6', '15.1', '0.9', '0.3']",https://movie.douban.com/subject/1299365/,
1308038,1982,Douban,110602,,,,9.1,牧马人,,Drama / Romance,,"['64.7', '28.5', '5.9', '0.5', '0.3']",https://movie.douban.com/subject/1308038/,
1306505,1988,Douban,304652,,,,8.5,红高粱,,Drama / Romance / History / War,,"['38.0', '49.3', '11.7', '0.7', '0.3']",https://movie.douban.com/subject/1306505/,
34902639,2020,Douban,134177,,,,7.9,同学麦娜丝 同學麥娜絲,,Drama / Comedy,,"['24.3', '50.6', '22.6', '2.0', '0.5']",https://movie.douban.com/subject/34902639/,
35376457,2021,Douban,865018,,,,8.1,爱情神话,,Drama / Comedy / Romance,,"['28.1', '51.4', '18.0', '2.0', '0.5']",https://movie.douban.com/subject/35376457/,
34996127,2024,Douban,152233,,,,7.4,疯狂的麦克斯：狂暴女神 Furiosa: A Mad Max Saga,,Action / Sci-Fi / Thriller / Adventure,,"['15.5', '44.1', '35.4', '4.3', '0.7']",https://movie.douban.com/subject/34996127/,
1295670,1979,Douban,31093,,,,6.4,疯狂的麦克斯 Mad Max,,Action / Sci-Fi / Thriller / Adventure,,"['8.4', '20.9', '53.5', '14.3', '2.9']",https://movie.douban.com/subject/1295670/,
1292453,1981,Douban,27232,,,,7.3,疯狂的麦克斯2 Mad Max 2,,Action / Sci-Fi / Thriller / Adventure,,"['14.0', '41.9', '38.6', '4.6', '0.9']",https://movie.douban.com/subject/1292453/,
1294383,1985,Douban,21522,,,,6.7,疯狂的麦克斯3 Mad Max Beyond Thunderdome,,Action / Sci-Fi / Thriller / Adventure,,"['10.7', '27.6', '49.6', '10.2', '1.9']",https://movie.douban.com/subject/1294383/,
4746257,2014,Douban,521222,,,,8.2,明日边缘 Edge of Tomorrow,,Action / Sci-Fi,,"['29.9', '51.0', '17.7', '1.2', '0.2']",https://movie.douban.com/subject/4746257/,
3804891,2013,Douban,585237,,,,8.4,无人区,,Drama / Crime / Western,,"['35.2', '50.0', '13.5', '1.0', '0.3']",https://movie.douban.com/subject/3804891/,
1299628,1928,Douban,28075,,,,9.2,马戏团 The Circus,,Comedy / Romance,,"['65.9', '29.6', '4.2', '0.2', '0.1']",https://movie.douban.com/subject/1299628/,
6538866,2019,Douban,275303,,,,8.5,极速车王 Ford v Ferrari,,Drama / Biography / Sport,,"['36.8', '51.8', '10.8', '0.6', '0.1']",https://movie.douban.com/subject/6538866/,
3914513,2017,Douban,253465,,,,7.7,马戏之王 The Greatest Showman,,Drama / Musical / Biography,,"['22.4', '45.7', '28.4', '2.9', '0.5']",https://movie.douban.com/subject/3914513/,
34961898,2020,Douban,95340,,,,9.5,汉密尔顿 Hamilton,,Musical / History,,"['82.5', '13.8', '2.8', '0.5', '0.4']",https://movie.douban.com/subject/34961898/,
3726072,2008,Douban,223804,,,,8.8,东邪西毒：终极版 東邪西毒終極版,,Drama / Action / Romance,,"['52.4', '36.5', '9.6', '1.0', '0.5']",https://movie.douban.com/subject/3726072/,
6874403,2013,Douban,463043,,,,8.6,再次出发之纽约遇见你 Begin Again,,Comedy / Romance / Music,,"['43.8', '42.7', '12.4', '0.9', '0.2']",https://movie.douban.com/subject/6874403/,
1300656,1984,Douban,231120,,,,8.2,终结者 The Terminator,,Action / Sci-Fi / Thriller,,"['30.8', '51.6', '16.6', '0.9', '0.2']",https://movie.douban.com/subject/1300656/,
1410556,2009,Douban,104863,,,,6.7,终结者2018 Terminator Salvation,,Action / Sci-Fi / Thriller / Adventure,,"['8.8', '30.3', '51.4', '8.2', '1.2']",https://movie.douban.com/subject/1410556/,
3338862,2015,Douban,159788,,,,6.9,终结者：创世纪 Terminator Genisys,,Action / Sci-Fi / Adventure,,"['11.4', '33.7', '47.0', '6.9', '1.1']",https://movie.douban.com/subject/3338862/,
27109633,2019,Douban,177183,,,,6.8,终结者：黑暗命运 Terminator: Dark Fate,,Action / Sci-Fi / Adventure,,"['7.7', '33.9', '48.6', '8.8', '1.0']",https://movie.douban.com/subject/27109633/,
1820156,2007,Douban,439737,,,,8.2,我是传奇 I Am Legend,,Drama / Action / Thriller / Adventure,,"['30.5', '48.9', '18.8', '1.5', '0.3']",https://movie.douban.com/subject/1820156/,
1760622,2006,Douban,581103,,,,8.5,香水 Perfume: The Story of a Murderer,,Drama / Crime / Fantasy,,"['41.9', '43.0', '13.0', '1.5', '0.7']",https://movie.douban.com/subject/1760622/,
1300108,1992,Douban,118528,,,,8.2,秋菊打官司,,Drama,,"['29.9', '53.7', '15.4', '0.8', '0.2']",https://movie.douban.com/subject/1300108/,
1294417,1992,Douban,235317,,,,8.5,笑傲江湖2：东方不败 笑傲江湖II東方不敗,,Drama / Romance / Chinese swordplay / Costume,,"['40.7', '45.8', '12.5', '0.8', '0.2']",https://movie.douban.com/subject/1294417/,
37000403,2024,Douban,3578,,,,8.3,隐者山河,,Documentary / Music,,"['42.6', '38.1', '14.9', '3.0', '1.4']",https://movie.douban.com/subject/37000403/,
35700339,2025,Douban,21273,,,,7.2,飞行家,,Drama / Comedy,,"['16.2', '39.2', '36.4', '6.4', '1.7']",https://movie.douban.com/subject/35700339/,
35416504,2024,Douban,15792,,,,6.8,我的朋友安德烈,,Drama,,"['12.9', '31.9', '38.6', '13.3', '3.3']",https://movie.douban.com/subject/35416504/,
35358792,2025,Douban,9295,,,,7.0,马腾你别走,,Drama / Comedy,,"['20.0', '30.3', '34.2', '11.8', '3.7']",https://movie.douban.com/subject/35358792/,
35346268,2025,Douban,4644,,,,7.7,时空奇旅 Arco,,Sci-Fi / Animation,,"['26.6', '37.3', '30.4', '4.5', '1.2']",https://movie.douban.com/subject/35346268/,
37351985,2025,Douban,14312,,,,4.7,情圣3,,Comedy / Romance,,"['6.4', '9.4', '26.5', '29.1', '28.7']",https://movie.douban.com/subject/37351985/,
35461578,2025,Douban,54839,,,,7.4,用武之地,,Drama / Action / War,,"['18.7', '43.5', '28.9', '7.1', '1.8']",https://movie.douban.com/subject/35461578/,
36073533,2025,Douban,44214,,,,6.0,匿杀,,Mystery / Crime,,"['13.9', '18.9', '33.8', '22.2', '11.2']",https://movie.douban.com/subject/36073533/,
34850525,2025,Douban,12092,,,,6.9,96分钟：列车爆炸案 96分鐘,,Drama / Action / Crime,,"['16.1', '28.0', '42.9', '9.5', '3.6']",https://movie.douban.com/subject/34850525/,
36790513,2026,Douban,16576,,,,6.6,过家家,,Drama,,"['13.8', '24.9', '41.2', '15.7', '4.3']",https://movie.douban.com/subject/36790513/,
37193378,2026,Douban,4125,,,,6.0,不过是上班,,Comedy,,"['10.9', '17.9', '42.1', '20.0', '9.1']",https://movie.douban.com/subject/37193378/,
37066724,2025,Douban,4266,,,,7.5,他年她日,,Romance / Fantasy,,"['33.1', '40.8', '4.1', '10.1', '11.8']",https://movie.douban.com/subject/37066724/,
37014022,2025,Douban,4564,,,,5.6,新狂蟒之灾 Anaconda,,Comedy / Action / Adventure,,"['5.3', '16.5', '40.4', '26.9', '11.0']",https://movie.douban.com/subject/37014022/,
26671336,2025,Douban,269761,,,,6.9,得闲谨制,,Drama / War,,"['20.5', '30.7', '31.2', '9.8', '7.7']",https://movie.douban.com/subject/26671336/,
36389635,2025,Douban,3418,,,,6.8,海绵宝宝：深海大冒险 The SpongeBob Movie: Search for SquarePants,,Comedy / Animation / Fantasy / Adventure,,"['14.2', '27.9', '44.7', '11.6', '1.6']",https://movie.douban.com/subject/36389635/,
36175206,2025,Douban,14795,,,,5.7,魔法坏女巫2 Wicked: For Good,,Drama / Romance / Musical / Family / Fantasy,,"['5.6', '17.2', '40.9', '29.3', '7.0']",https://movie.douban.com/subject/36175206/,
33404512,2021,Douban,34681,,,,7.8,东京贵族女子 あのこは貴族,,Drama / Family,,"['20.3', '51.1', '26.5', '1.8', '0.3']",https://movie.douban.com/subject/33404512/,
36697078,2025,Douban,3899,,,,7.8,密探 O Agente Secreto,,Drama / Mystery / Thriller / Crime,,"['25.2', '46.7', '23.4', '3.9', '0.8']",https://movie.douban.com/subject/36697078/,
36860441,2025,Douban,1367,,,,8.2,妥瑞氏与我 I Swear,,Drama / Biography / History,,"['32.3', '47.5', '18.3', '1.4', '0.5']",https://movie.douban.com/subject/36860441/,
37153703,2025,Douban,1678,,,,8.8,距安德烈夫卡2000米 2000 Meters to Andriivka,,Documentary,,"['51.5', '38.0', '8.9', '0.9', '0.6']",https://movie.douban.com/subject/37153703/,
36907263,2025,Douban,10835,,,,7.9,百米。 ひゃくえむ。,,Drama / Animation / Sport,,"['27.5', '45.4', '23.6', '2.7', '0.8']",https://movie.douban.com/subject/36907263/,
36493869,2025,Douban,5117,,,,7.7,天空的另一面 O último Azul,,Drama / Sci-Fi / Fantasy / Adventure,,"['20.0', '48.5', '27.5', '3.5', '0.5']",https://movie.douban.com/subject/36493869/,
36650662,2025,Douban,3239,,,,7.3,临租家庭 Rental Family,,Drama / Comedy,,"['17.3', '40.1', '34.5', '6.6', '1.5']",https://movie.douban.com/subject/36650662/,
36416363,2025,Douban,744,,,,7.2,最后的维京人 Den sidste viking,,Drama / Comedy,,"['18.4', '37.6', '34.0', '7.1', '2.8']",https://movie.douban.com/subject/36416363/,
37445715,2025,Douban,726,,,,6.9,欣德·拉贾布之声,,Drama,,"['17.5', '33.6', '32.2', '10.2', '6.6']",https://movie.douban.com/subject/37445715/,
36191140,2025,Douban,482,,,,6.9,正面还是反面 Testa o Croce,,Drama / Western,,"['7.2', '40.1', '44.4', '6.2', '2.0']",https://movie.douban.com/subject/36191140/,
35740377,2025,Douban,567,,,,7.1,弗兰茨 Franz,,Drama / Biography / History,,"['12.5', '38.9', '39.7', '6.9', '1.9']",https://movie.douban.com/subject/35740377/,
36185502,2025,Douban,459958,,,,7.5,长安的荔枝,,Drama / Comedy / Costume,,"['17.4', '46.5', '31.3', '4.1', '0.8']",https://movie.douban.com/subject/36185502/,
3318306,2013,Douban,20382,,,,6.5,电影43 Movie 43,,Comedy,,"['14.0', '24.4', '40.5', '14.7', '6.4']",https://movie.douban.com/subject/3318306/,
1306605,2001,Douban,23448,,,,8.2,电影人生 The Majestic,,Drama / Romance,,"['31.2', '47.9', '18.7', '1.9', '0.3']",https://movie.douban.com/subject/1306605/,
3406467,2008,Douban,19672,,,,7.5,电影就是电影,,Drama / Action,,"['16.3', '45.0', '34.5', '3.6', '0.6']",https://movie.douban.com/subject/3406467/,
6902735,2012,Douban,2070,,,,7.9,坏电影 Bad Film,,Drama / Comedy / Action,,"['34.1', '35.6', '24.0', '4.9', '1.4']",https://movie.douban.com/subject/6902735/,
1466290,1974,Douban,5409,,,,7.1,甜蜜电影 Sweet Movie,,Drama / Comedy / Eroticism,,"['19.7', '34.3', '32.4', '9.5', '4.2']",https://movie.douban.com/subject/1466290/,
1459368,2005,Douban,65251,,,,7.7,悲伤电影,,Drama / Romance,,"['21.4', '46.1', '29.5', '2.7', '0.3']",https://movie.douban.com/subject/1459368/,
3003137,2008,Douban,56313,,,,7.6,洋葱电影 The Onion Movie,,Comedy,,"['21.5', '44.5', '28.9', '4.2', '1.0']",https://movie.douban.com/subject/3003137/,
35801819,2022,Douban,120807,,,,7.6,珀尔 Pearl,,Horror,,"['20.3', '45.5', '30.0', '3.4', '0.8']",https://movie.douban.com/subject/35801819/,
1940867,2006,Douban,37480,,,,5.6,大电影,,Comedy / Action,,"['3.6', '13.6', '48.3', '25.7', '8.7']",https://movie.douban.com/subject/1940867/,
26354587,2016,Douban,15630,,,,7.9,寻：电影版 Looking: The Movie,,Drama / Romance / Homosexual,,"['29.4', '42.9', '23.5', '3.2', '1.1']",https://movie.douban.com/subject/26354587/,
35743103,2022,Douban,25406,,,,7.5,小说家的电影,,Drama,,"['17.9', '45.0', '31.4', '4.5', '1.3']",https://movie.douban.com/subject/35743103/,
35912078,2022,Douban,66167,,,,8.8,经典杯子蛋糕 オールドファッションカップケーキ,,Drama / Romance / Homosexual,,"['55.5', '32.1', '10.8', '1.2', '0.4']",https://movie.douban.com/subject/35912078/,
3026357,2008,Douban,107281,,,,8.6,老爷车 Gran Torino,,Drama,,"['42.3', '44.9', '11.5', '1.0', '0.3']",https://movie.douban.com/subject/3026357/,
1768647,2005,Douban,1398,,,,8.9,尖叫的经典 Gargandi snilld,,Documentary / Music,,"['56.1', '33.4', '8.7', '1.1', '0.7']",https://movie.douban.com/subject/1768647/,
30470561,2003,Douban,2112,,,,9.7,梅艳芳经典金曲演唱会,,Documentary / Music / Musical,,"['89.8', '7.1', '1.2', '0.5', '1.3']",https://movie.douban.com/subject/30470561/,
20285266,2002,Douban,223,,,,8.0,中国传世经典名剧,,Drama / Romance / Fantasy / Costume,,"['39.6', '30.5', '23.4', '3.9', '2.6']",https://movie.douban.com/subject/20285266/,
35185494,2021,Douban,1837,,,,4.8,一个经典的恐怖故事 A Classic Horror Story,,Drama / Mystery / Thriller / Horror,,"['2.9', '7.8', '32.6', '39.6', '17.0']",https://movie.douban.com/subject/35185494/,
34858060,2019,Douban,109,,,,8.1,韩国经典电影100年  100,,Documentary,,"['37.5', '33.3', '25.0', '2.8', '1.4']",https://movie.douban.com/subject/34858060/,
25798217,2018,Douban,12867,,,,9.1,高分少女 ハイスコアガール,,Comedy / Romance / Animation,,"['67.4', '23.9', '6.9', '1.1', '0.7']",https://movie.douban.com/subject/25798217/,
33218376,2019,Douban,7746,,,,9.3,高分少女 第二季 ハイスコアガールⅡ,,Comedy / Romance / Animation,,"['73.5', '20.3', '5.1', '0.6', '0.5']",https://movie.douban.com/subject/33218376/,
30345039,2019,Douban,3834,,,,9.3,高分少女 EXTRA STAGE ハイスコアガール EXTRA STAGE,,Comedy / Animation,,"['72.9', '21.8', '4.4', '0.3', '0.6']",https://movie.douban.com/subject/30345039/,
35162178,2020,Douban,3269,,,,8.7,剑指高分 High Score,,Documentary,,"['48.1', '41.6', '9.0', '0.8', '0.5']",https://movie.douban.com/subject/35162178/,
10485526,2013,Douban,141027,,,,8.2,潜伏2 Insidious: Chapter 2,,Thriller / Horror,,"['32.5', '48.6', '17.3', '1.3', '0.3']",https://movie.douban.com/subject/10485526/,
30384019,2018,Douban,76113,,,,7.3,死无对证 Il testimone invisibile,,Drama / Mystery / Thriller / Crime,,"['18.3', '39.2', '34.3', '5.2', '3.0']",https://movie.douban.com/subject/30384019/,
26692442,2018,Douban,12286,,,,9.1,文明 Civilisations,,Documentary,,"['66.1', '26.4', '6.3', '0.6', '0.5']",https://movie.douban.com/subject/26692442/,
26702284,2016,Douban,52932,,,,7.2,云画的月光,,Drama / Romance / Costume,,"['18.3', '33.2', '40.0', '6.4', '2.0']",https://movie.douban.com/subject/26702284/,
27043642,2018,Douban,20931,,,,7.8,面具,,Drama / History,,"['25.5', '44.3', '25.5', '4.1', '0.6']",https://movie.douban.com/subject/27043642/,
34989151,2022,Douban,25064,,,,4.3,一起同过窗 第三季,,Drama / Romance,,"['7.5', '11.4', '18.9', '13.6', '48.6']",https://movie.douban.com/subject/34989151/,
30279957,2019,Douban,2165,,,,7.7,大热门,,Drama,,"['25.7', '42.3', '25.4', '4.6', '2.0']",https://movie.douban.com/subject/30279957/,
2046839,2009,Douban,50023,,,,7.8,有关时间旅行的热门问题 Frequently Asked Questions About Time Travel,,Comedy / Sci-Fi,,"['22.1', '48.7', '25.6', '3.0', '0.5']",https://movie.douban.com/subject/2046839/,
3113809,1996,Douban,1063,,,,8.8,热斗小马 みどりのマキバオー,,Animation / Sport,,"['53.2', '34.3', '11.0', '1.1', '0.5']",https://movie.douban.com/subject/3113809/,
3230864,2008,Douban,65,,,,7.8,热门制造商·阿久悠物语 ヒットメーカー阿久悠物語,,Biography,,"['39.0', '26.8', '26.8', '0.0', '7.3']",https://movie.douban.com/subject/3230864/,
5341816,2009,Douban,237,,,,7.7,女和男—最新科学解读的性 女と男～最新科学が読み解く性～,,Documentary,,"['18.9', '48.4', '30.8', '1.9', '0.0']",https://movie.douban.com/subject/5341816/,
26577915,2016,Douban,253,,,,7.7,庞贝：最新解密 Pompeii: New Secrets Revealed with Mary Beard,,Documentary / History,,"['23.2', '40.7', '32.8', '3.4', '0.0']",https://movie.douban.com/subject/26577915/,
2282135,2008,Douban,85,,,,6.0,最新协议 Le nouveau protocole,,Drama / Mystery,,"['3.7', '13.0', '64.8', '14.8', '3.7']",https://movie.douban.com/subject/2282135/,
26811730,2016,Douban,82,,,,7.7,来自宇宙的最新消息 Dernières nouvelles du cosmos,,Documentary,,"['21.9', '42.2', '32.8', '3.1', '0.0']",https://movie.douban.com/subject/26811730/,
34852971,2019,Douban,455,,,,9.3,原初真相：迈克尔杰克逊1993年案件最新证据浮现 Square One,,Documentary,,"['77.3', '13.4', '6.5', '0.6', '2.2']",https://movie.douban.com/subject/34852971/,
,2025,,35240,,,,5.9,7天,,Drama / Romance,,,,
,2024,,178791,,,,6.4,“骗骗”喜欢你,,Comedy / Romance,,,,
,2019,,338,,,,7.3,丁托列托：威尼斯的反叛者 Tintoretto. A Rebel in Venice,,Documentary,,,,
,2022,,514103,,,,7.2,万里归途,,Drama / War,,,,
,2025,,18621,,,,6.3,三滴血,,Drama / Crime,,,,
,2025,,19925,,,,6.9,下一个台风,,Drama,,,,
,2024,,600,,,,5.1,不要错过你 命中註定那頭鵝,,Drama / Romance,,,,
,2024,,5265,,,,8.2,与世界的最后一眼相遇 Blink,,Documentary,,,,
,2025,,730,,,,5.6,为你遗憾 Regretting You,,Drama,,,,
,2023,,55363,,,,8.1,乘船而去,,Drama / Family,,,,
,2024,,336738,,,,7.2,九龙城寨之围城 九龍城寨·圍城,,Action / Crime,,,,
,2025,,4157,,,,4.8,人生会议,,Drama / Comedy / Fantasy,,,,
,2025,,66087,,,,6.1,人生开门红,,Drama / Comedy,,,,
,2023,,8701,,,,7.4,但愿人长久,,Drama,,,,
,2025,,2319,,,,8.0,你好，爱美丽 Amélie et la métaphysique des tubes,,Animation / Family,,,,
,2024,,13507,,,,6.5,假如，我是这世上最爱你的人,,Drama / Comedy,,,,
,2025,,33113,,,,5.3,假爸爸,,Drama / Comedy,,,,
,2020,,881993,,,,7.5,八佰,,Drama / History / War,,,,
,2025,,58313,,,,8.1,关于约会的一切 Follemente,,Comedy / Romance,,,,
,2025,,11655,,,,6.3,内幕,,Drama / Action / Crime,,,,
,2020,,8954,,,,7.1,冰下的鱼,,Drama,,,,
,2024,,15883,,,,6.2,出入平安,,Drama / Family / Disaster,,,,
,2025,,41565,,,,8.0,初吻 ファーストキス,,Romance / Fantasy,,,,
,2025,,108879,,,,5.8,刺杀小说家2,,Action / Fantasy,,,,
,2015,,2752,,,,3.4,半夜叫你别回头,,Thriller / Horror,,,,
,2025,,531511,,,,8.8,南京照相馆,,Drama / History / War,,,,
,2024,,77010,,,,5.5,危机航线,,Action / Crime / Disaster,,,,
,2025,,17710,,,,5.0,即兴谋杀,,Mystery / Thriller / Crime,,,,
,2024,,195919,,,,6.5,哥斯拉大战金刚2：帝国崛起 Godzilla x Kong: The New Empire,,Action / Sci-Fi / Adventure,,,,
,2025,,1505326,,,,8.4,哪吒之魔童闹海,,Drama / Comedy / Animation / Fantasy,,,,
,1965,,73984,,,,8.4,地道战,,War,,,,
,2025,,1777,,,,3.9,大红包2：龙凤呈祥,,Comedy,,,,
,2000,,245689,,,,7.9,大逃杀 バトルロワイアル,,Drama / Thriller,,,,
,2025,,90003,,,,6.7,大风杀,,Drama / Mystery / Crime,,,,
,2024,,1394,,,,6.4,奇迹女孩 La plus précieuse des marchandises,,Drama / Animation,,,,
,2025,,75516,,,,6.9,奇遇,,Comedy,,,,
,2024,,20401,,,,8.4,女人世界,,Documentary,,,,
,2025,,23702,,,,7.2,女孩,,Drama,,,,
,2025,,4370,,,,6.2,好运 Good Fortune,,Comedy / Action / Romance / Fantasy,,,,
,2024,,15694,,,,3.3,好运来,,Comedy,,,,
,2019,,3536,,,,8.7,宇宙护卫队2,,Animation / Family / Children / Adventure,,,,
,2023,,881,,,,7.0,宇宙护卫队：风暴力量,,Animation / Fantasy,,,,
,2006,,318260,,,,7.7,寂静岭 Silent Hill,,Mystery / Horror,,,,
,2012,,78359,,,,5.8,寂静岭2 Silent Hill: Revelation,,Drama / Mystery / Thriller / Horror,,,,
,2000,,38096,,,,7.4,小宝与康熙 小寶與康熙,,Drama / Comedy / Romance / Costume,,,,
,2025,,4062,,,,4.1,小鹿斑比：清算 Bambi: The Reckoning,,Thriller / Horror,,,,
,2021,,5707,,,,7.0,川流不“熄”,,Drama / Family,,,,
,2000,,76493,,,,9.2,布莱克书店 第一季 Black Books Season 1,,Comedy,,,,
,2021,,33371,,,,5.2,平原上的火焰,,Mystery / Crime,,,,
,2025,,3672,,,,6.8,年轻母亲之家 Jeunes mères,,Drama,,,,
,2007,,188,,,,4.8,幸福成本,,nan,,,,
,2025,,1431,,,,6.1,影星杰·凯利 Jay Kelly,,Drama / Comedy,,,,
,2025,,694,,,,6.3,德古拉 Dracula,,Comedy / Horror / Musical,,,,
,2025,,70737,,,,7.1,志愿军：浴血和平,,Drama / History / War,,,,
,2016,,177977,,,,6.0,情圣,,Comedy,,,,
,2025,,13492,,,,7.6,情感价值 Affeksjonsverdi,,Drama / Comedy,,,,
,2025,,107469,,,,5.7,惊天魔盗团3 Now You See Me: Now You Don't,,Drama / Action / Crime,,,,
,1995,,141,,,,8.8,惊雷 De oogst van de stilte,,Documentary,,,,
,2025,,297535,,,,7.9,戏台,,Drama / Comedy,,,,
,2000,,67679,,,,9.3,成龙历险记 第一季 Jackie Chan Adventures Season 1,,Comedy / Action / Animation / Family / Fantasy / Adventure,,,,
,2025,,154,,,,7.5,我家的事,,Drama,,,,
,2021,,2770,,,,5.3,我最特别的朋友,,Drama / Comedy / Crime,,,,
,2024,,22099,,,,7.2,我谈的那场恋爱 我談的那場戀愛,,Drama / Comedy / Romance,,,,
,2024,,14427,,,,6.6,捉刀人,,Action / Chinese swordplay / Costume,,,,
,2025,,501946,,,,8.1,捕风追影,,Drama / Action / Crime,,,,
,2022,,141001,,,,6.1,明日战记 明日戰記,,Action / Sci-Fi,,,,
,2025,,9453,,,,6.4,有朵云像你,,Drama / Romance / Fantasy,,,,
,2025,,1133,,,,7.0,朝圣 Romería,,Drama / Romance / Biography,,,,
,2025,,134351,,,,7.2,毕正明的证明,,Drama / Crime,,,,
,2025,,16942,,,,7.2,永恒站 Eternity,,Drama / Comedy / Romance / Fantasy,,,,
,2024,,3723,,,,8.3,永无止境,,Documentary / Sport,,,,
,2025,,13018,,,,8.8,汉斯·季默与朋友们：沙漠之钻 Hans Zimmer & Friends: Diamonds in the Desert,,Documentary / Music,,,,
,2024,,537618,,,,8.1,沙丘2 Dune: Part Two,,Drama / Action / Sci-Fi / Adventure,,,,
,2021,,1808,,,,6.1,没问题,,Drama / Comedy / Family,,,,
,2022,,7602,,,,8.0,"波提切利，佛罗伦萨和美第奇家族 Botticelli, Florence And The Medici",,Drama / Documentary / History,,,,
,2025,,59919,,,,6.1,浪浪人生,,Drama / Comedy / Family,,,,
,2025,,611084,,,,8.5,浪浪山小妖怪,,Drama / Comedy / Animation / Fantasy,,,,
,2015,,53562,,,,7.7,海绵宝宝 The SpongeBob Movie: Sponge Out of Water,,Comedy / Animation / Adventure,,,,
,2004,,55032,,,,8.5,海绵宝宝历险记 The SpongeBob SquarePants Movie,,Comedy / Animation / Family / Fantasy / Adventure,,,,
,2024,,5849,,,,5.9,海绵宝宝：拯救比奇堡 Saving Bikini Bottom: The Sandy Cheeks Movie,,Comedy / Animation / Fantasy / Adventure,,,,
,2025,,2991,,,,5.8,海绵宝宝：皮老板大电影 Plankton: The Movie,,Comedy / Animation / Musical / Family / Fantasy / Adventure,,,,
,2020,,17029,,,,6.1,海绵宝宝：营救大冒险 The SpongeBob Movie: Sponge on the Run,,Comedy / Animation / Adventure,,,,
,2023,,1837,,,,6.6,火之鸟 伊甸之花 火の鳥 エデンの花,,Drama / Sci-Fi / Animation / Fantasy / Adventure,,,,
,2025,,68832,,,,6.3,火锅艺术家,,Comedy,,,,
,2025,,204,,,,7.7,灵雀密语 Le secret des mésanges,,Animation,,,,
,2025,,2596,,,,4.5,点到为止,,Comedy / Action,,,,
,2025,,24866,,,,6.0,物质主义者 Materialists,,Comedy / Romance,,,,
,2000,,38420,,,,7.0,特工佳丽 Miss Congeniality,,Comedy / Action / Crime,,,,
,2022,,397362,,,,7.7,狙击手,,Drama / History / War,,,,
,2025,,24740,,,,6.7,独一无二,,Drama,,,,
,2025,,16864,,,,5.8,猎杀游戏 The Running Man,,Action / Sci-Fi / Thriller / Adventure,,,,
,2025,,62906,,,,5.3,猎金·游戏,,Drama / Crime,,,,
,2023,,17833,,,,8.0,琳达想吃鸡肉！ Linda veut du poulet !,,Comedy / Animation / Family,,,,
,2025,,18714,,,,3.7,白雪公主 Snow White,,Drama / Romance / Musical / Fantasy / Adventure,,,,
,2022,,1904,,,,6.9,百川东到海,,Drama / Family / Children,,,,
,2022,,5837,,,,5.8,盛极一时的爱情,,Drama / Romance,,,,
,2025,,260969,,,,7.6,碟中谍8：最终清算 Mission: Impossible - The Final Reckoning,,Action / Thriller / Adventure,,,,
,2024,,29332,,,,4.7,窗前明月，咣！,,Comedy,,,,
,2018,,1101171,,,,8.2,红海行动,,Action / War,,,,
,2024,,23601,,,,5.3,绑架游戏,,Drama / Mystery / Crime,,,,
,2025,,3069,,,,5.6,绮梦之旅 A Big Bold Beautiful Journey,,Drama / Romance / Fantasy / Adventure,,,,
,2024,,2727,,,,8.0,胡阿姨的花园,,Documentary,,,,
,2019,,1748,,,,8.4,舒克贝塔,,Animation,,,,
,2023,,2276,,,,6.1,舒克贝塔·五角飞碟,,Comedy / Sci-Fi / Animation / Adventure,,,,
,2025,,29198,,,,4.9,苍茫的天涯是我的爱,,Drama / Comedy,,,,
,2025,,688,,,,6.4,英雄百夜 100 Nights of Hero,,Romance / Homosexual / Fantasy,,,,
,2018,,2834,,,,7.7,莫奈的睡莲：水波与光影的魔力 Water Lilies of Monet - The magic of water and light,,Documentary,,,,
,2024,,3241,,,,7.6,虎毒不,,Drama,,,,
,2025,,132498,,,,6.2,蛟龙行动,,Drama / Action / War,,,,
,2024,,26712,,,,8.4,蜗牛回忆录 Memoir of a Snail,,Drama / Animation,,,,
,2023,,503645,,,,8.5,蜘蛛侠：纵横宇宙 Spider-Man: Across the Spider-Verse,,Comedy / Action / Sci-Fi / Animation / Fantasy / Adventure,,,,
,2025,,725,,,,7.3,蜡笔小新：灼热的春日部舞者们 映画クレヨンしんちゃん 超華麗！灼熱のカスカベダンサーズ,,Comedy / Animation / Music / Family,,,,
,2024,,109077,,,,6.9,误判 誤判,,Drama / Action / Crime,,,,
,2024,,91400,,,,6.7,负负得正,,Drama / Romance,,,,
,2000,,41269,,,,8.9,贫嘴张大民的幸福生活,,Drama / Comedy / Romance / Family,,,,
,2000,,121492,,,,8.8,跳出我天地 Billy Elliot,,Drama / Musical / Family / Children,,,,
,2025,,29055,,,,6.2,轻于鸿毛,,Drama,,,,
,2024,,198861,,,,5.6,酱园弄·悬案,,Drama / Crime,,,,
,2000,,51899,,,,7.8,金装四大才子 金裝四大才子,,Drama / Comedy / Romance / Costume,,,,
,2025,,77735,,,,7.4,铁血战士：杀戮之地 Predator: Badlands,,Action / Sci-Fi / Thriller / Adventure,,,,
,2023,,577197,,,,8.3,银河护卫队3 Guardians of the Galaxy Vol. 3,,Comedy / Action / Sci-Fi / Thriller / Adventure,,,,
,2023,,247460,,,,7.6,闪电侠 The Flash,,Action / Sci-Fi / Fantasy / Adventure,,,,
,2024,,10058,,,,6.3,阴阳师0 陰陽師0,,Drama / Fantasy,,,,
,2000,,97386,,,,7.0,霹雳娇娃 Charlie's Angels,,Action / Adventure,,,,
,2023,,1012,,,,8.0,靠近维米尔 Close to Vermeer,,Documentary,,,,
,2025,,62588,,,,6.4,风林火山 風林火山,,Drama / Crime,,,,
,2025,,193183,,,,8.6,鬼灭之刃：无限城篇 第一章 猗窝座再袭 劇場版「鬼滅の刃」無限城編 第一章 猗窩座再来,,Action / Animation / Fantasy / Adventure,,,,
,2024,,61303,,,,6.9,魔法坏女巫 Wicked,,Romance / Musical / Fantasy,,,,
,2025,,236,,,,8.6,魔法坏女巫：奇幻之夜 Wicked: One Wonderful Night,,Music / Musical,,,,
,2024,,194,,,,7.8,魔法坏女巫：幕后故事 Defying Gravity: The Curtain Rises on Wicked,,Documentary,,,,
,2025,,2319,,,,6.0,魔法蓝精灵 Smurfs,,Comedy / Animation / Fantasy / Adventure,,,,
,2024,,30190,,,,5.5,黄雀在后！,,Drama / Mystery / Crime,,,,
,2024,,290709,,,,5.9,默杀,,Drama / Mystery / Crime,,,,
35270213,2020,Douban,19141,,,,8.9,万物生灵：2020圣诞特别集 All Creatures Great and Small: Christmas Special,,Drama / Comedy / Romance,,,https://movie.douban.com/subject/35270213/,英国 / 剧情 / 喜剧 / 爱情 / 万物既伟大又渺小：2020圣诞特别集 / 60分钟
35026069,2020,Douban,3539,,,,6.7,东京白日梦女2020 東京タラレバ娘2020,,Drama / Romance,,,https://movie.douban.com/subject/35026069/,日本 / 剧情 / 爱情 / 东京白日梦女 SP
34906689,2020,Douban,12987,,,,8.9,昨日的美食 2020新年特别篇 きのう何食べた正月スペシャル2020,,Drama / Homosexual / Family,,,https://movie.douban.com/subject/34906689/,日本 / 剧情 / 同性 / 家庭 / 77分钟
35083566,2020,Douban,634,,,,8.1,泷泽歌舞伎 ZERO 2020 滝沢歌舞伎 ZERO 2020 The Movie,,Drama / Action,,,https://movie.douban.com/subject/35083566/,日本 / 剧情 / 动作
35190755,2020,Douban,274,,,,5.7,日本沉没2020 剧场剪辑版 -不沉的希望- 日本沈没2020 劇場編集版 -シズマヌキボウ-,,Drama / Animation / Disaster,,,https://movie.douban.com/subject/35190755/,日本 / 剧情 / 动画 / 灾难 / Japan Sinks: 2020 Theatrical Edition / 151分钟
35263475,2020,Douban,7060,,,,9.1,古宅老友记：2020圣诞特别集 Ghosts: Christmas Special,,Comedy / Fantasy,,,https://movie.douban.com/subject/35263475/,英国 / 喜剧 / 奇幻 / 鬼屋欢乐送：圣诞特集 / 同一屋檐吓：圣诞特集 / 30分钟
35141052,2020,Douban,6932,,,,6.8,世界奇妙物语 2020秋季特别篇 世にも奇妙な物語 '20秋の特別編,,Drama / Mystery / Thriller / Horror,,,https://movie.douban.com/subject/35141052/,日本 / 剧情 / 悬疑 / 惊悚 / 恐怖 / 世界奇妙物语 2020年秋季特别篇 / 106分钟
35129862,2020,Douban,7587,,,,6.6,世界奇妙物语 2020夏季特别篇 世にも奇妙な物語 '20夏の特別編,,Drama / Mystery / Horror,,,https://movie.douban.com/subject/35129862/,日本 / 剧情 / 悬疑 / 恐怖 / 世界奇妙物语 2020夏之特别篇 / 世界奇妙物语 20夏特别篇 / 120分钟
35267221,2020,Douban,7729,,,,9.0,孤独的美食家 2020除夕特别篇 孤独のグルメ 2020 大晦日スペシャル,,Drama,,,https://movie.douban.com/subject/35267221/,日本 / 剧情 / 孤独のグルメ 2020大晦日スペシャル ?俺の食事に密はない、孤独の花火大作戦！? / 73分钟
35019811,2020,Douban,977,,,,8.8,纸钞屋：全球热潮 Money Heist: The Phenomenon,,Documentary,,,https://movie.douban.com/subject/35019811/,西班牙 / 纪录片 / A nagy pénzrablás - A sorozat népszer?ségének titka (2020) (TV) / 纸房子：全球热潮 / 57分钟
35209682,2020,Douban,1303,,,,5.9,毛骨悚然撞鬼经 2020特别篇 ほんとにあった怖い話 2020特別編,,Drama / Thriller / Horror,,,https://movie.douban.com/subject/35209682/,日本 / 剧情 / 惊悚 / 恐怖 / 106分钟
35479220,2021,Douban,330,,,,7.2,2020年北京部分地区部分青年生活状况观察报告,,,,,https://movie.douban.com/subject/35479220/,中国大陆 / The Summer of The Epidemic / 330分钟
35500142,2020,Douban,215,,,,8.3,开放的美国学府 2020剧本圆桌会 Fast Times at Ridgemont High Table Read,,Comedy / Romance,,,https://movie.douban.com/subject/35500142/,美国 / 喜剧 / 爱情 / 60分钟
35561096,2021,Douban,1547,,,,8.0,双面奥运,,Documentary,,,https://movie.douban.com/subject/35561096/,中国大陆 / 纪录片 / 双面奥运·东京2020的60天记录 / 79分钟
35514781,2021,Douban,477,,,,5.9,二〇二〇年的一场雨,,Documentary,,,https://movie.douban.com/subject/35514781/,中国台湾 / 缅甸 / 纪录片 / Rain in 2020 / 79分钟
34936385,2020,Douban,127,,,,4.8,财神2020,,Comedy,,,https://movie.douban.com/subject/34936385/,中国香港 / 马来西亚 / 喜剧 / Good Wealth 2020 / 90分钟
34943015,2020,Douban,15596,,,,6.6,宝可梦：皮卡丘和可可的冒险 劇場版 ポケットモンスター ココ,,Drama / Animation / Adventure,,,https://movie.douban.com/subject/34943015/,日本 / 剧情 / 动画 / 冒险 / 精灵宝可梦：可可 / 剧场版 精灵宝可梦 2020 / 98分钟
34453221,2019,Douban,3390,,,,7.4,假面骑士令和初代 仮面ライダー 令和 ザファーストジェネレーション,,Drama / Fantasy,,,https://movie.douban.com/subject/34453221/,日本 / 剧情 / 奇幻 / 假面骑士：令和第一世代 / 假面骑士 令和 The First Generation / 98分钟
34845462,2019,Douban,184,,,,6.2,通灵少年2020  2020,,Drama / Action / Fantasy,,,https://movie.douban.com/subject/34845462/,泰国 / 剧情 / 动作 / 奇幻 / Necromancer 2020 / 114分钟
35271931,2020,Douban,179,,,,6.2,告别2020年 Yearly Departed,,Comedy,,,https://movie.douban.com/subject/35271931/,美国 / 喜剧 / 欢乐送终趴(港/台) / 年度告别会 / 44分钟
35235443,2020,Douban,724,,,,9.5,TME Live 孙燕姿2020线上音乐会2.0,,Documentary / Music,,,https://movie.douban.com/subject/35235443/,中国大陆 / 新加坡 / 纪录片 / 音乐 / Sun Yanzi TME Live 2020 / 55分钟
30345494,2019,Douban,559,,,,5.3,麻雀放浪记2020 麻雀放浪記2020,,Drama / Sci-Fi,,,https://movie.douban.com/subject/30345494/,日本 / 剧情 / 科幻 / Mānhan?r?ki2020 / 117分钟
34902583,2020,Douban,3614,,,,7.2,继母与女儿的蓝调 SP 義母と娘のブルース 2020年謹賀新年スペシャル,,Drama / Family,,,https://movie.douban.com/subject/34902583/,日本 / 剧情 / 家庭 / Gibo to Musume no Blues / 119分钟
34938158,2020,Douban,433,,,,9.2,2020年维也纳新年音乐会 Neujahrskonzert der Wiener Philharmoniker 2020,,Documentary,,,https://movie.douban.com/subject/34938158/,奥地利 / 纪录片 / Neujahrskonzert der Wiener Philharmoniker 2020 / 150分钟
35306009,2020,Douban,517,,,,9.0,新贵2020圣诞特辑 Upstart Crow: A Lockdown Christmas 1603,,Comedy,,,https://movie.douban.com/subject/35306009/,英国 / 喜剧 / Lockdown Christmas 1603 / Tomorrow & Tomorrow & Tomorrow: Lockdown Christmas 1603 / 29分钟
35084407,2020,Douban,412,,,,7.0,刑事zero 特别篇2020 刑事ゼロ スペシャル2020,,Drama / Crime / Mystery,,,https://movie.douban.com/subject/35084407/,日本 / 剧情 / 犯罪 / 悬疑 / 京都连环杀人事件 / Detective Zero Special / 120分钟
35202354,2020,Douban,748,,,,8.0,2020年央视中秋晚会 2020年中央广播电视总台中秋晚会,,Music / Musical,,,https://movie.douban.com/subject/35202354/,中国大陆 / 音乐 / 歌舞 / 2020年央视中秋晚会 / 120分钟
35296150,2020,Douban,109,,,,7.6,M-1 大奖赛 2020 M-1 グランプリ 2020,,Comedy,,,https://movie.douban.com/subject/35296150/,日本 / 喜剧
35275012,2020,Douban,277,,,,4.9,特种人员,,Action,,,https://movie.douban.com/subject/35275012/,韩国 / 动作 / 特工2020 / 特务 / 94分钟
35242823,2020,Douban,852,,,,9.4,岚ARAFES2020at国立竞技场 ARASHI ARAFES 2020 at National stadium,,Music / Musical,,,https://movie.douban.com/subject/35242823/,日本 / 音乐 / 歌舞 / 毕业了
35432810,2021,Douban,691,,,,8.7,武林往事——1920-2020百年武打影史,,Documentary,,,https://movie.douban.com/subject/35432810/,中国大陆 / 纪录片 / 98分钟
26838236,2021,Douban,17916,,,,6.2,超能敢死队 Ghostbusters: Afterlife,,Comedy / Fantasy / Adventure,,,https://movie.douban.com/subject/26838236/,加拿大 / 美国 / 喜剧 / 奇幻 / 冒险 / 捉鬼敢死队：魅来世界(港) / 魔鬼克星 未来世(台) / 124分钟
35307545,2020,Douban,699,,,,7.9,德云社郭德纲跨年相声专场北展站 2020,,Comedy / Drama,,,https://movie.douban.com/subject/35307545/,中国大陆 / 喜剧 / 戏曲 / 275分钟
26363254,2017,Douban,948084,,,,7.1,战狼2,,Action / War,,,https://movie.douban.com/subject/26363254/,中国大陆 / 动作 / 战争 / 新战狼 / 新战死沙场 / 123分钟
6011805,2012,Douban,374740,,,,8.2,一九四二,,Drama / History / War / Disaster,,,https://movie.douban.com/subject/6011805/,中国大陆 / 剧情 / 历史 / 战争 / 灾难 / 温故1942 / 1942 / 146分钟
10512661,2017,Douban,568200,,,,8.3,银翼杀手2049 Blade Runner 2049,,Drama / Action / Sci-Fi / Mystery / Thriller,,,https://movie.douban.com/subject/10512661/,美国 / 英国 / 加拿大 / 西班牙 / 剧情 / 动作 / 科幻 / 悬疑 / 惊悚 / 银翼杀手2 / Blade Runner 2 / 163分钟
26430107,2015,Douban,309488,,,,8.7,二十二,,Documentary,,,https://movie.douban.com/subject/26430107/,中国大陆 / 纪录片 / Twenty Two / 22 / 99分钟
36448279,2025,Douban,293470,,,,8.7,罗小黑战记2,,Animation / Fantasy / Adventure,,,https://movie.douban.com/subject/36448279/,中国大陆 / 动画 / 奇幻 / 冒险 / The Legend of Hei 2 / 119分钟
26588308,2018,Douban,471810,,,,7.3,死侍2：我爱我家 Deadpool 2,,Comedy / Action / Sci-Fi / Adventure,,,https://movie.douban.com/subject/26588308/,美国 / 喜剧 / 动作 / 科幻 / 冒险 / 死侍2 / 死侍往事 / 119分钟
35068653,2021,Douban,408313,,,,5.7,误杀2,,Drama / Crime,,,https://movie.douban.com/subject/35068653/,中国大陆 / 剧情 / 犯罪 / Fireflies in the Sun / 迫在眉睫 中国版 / 118分钟
20505982,2016,Douban,281356,,,,7.2,寒战2 寒戰II,,Drama / Action / Crime,,,https://movie.douban.com/subject/20505982/,中国大陆 / 中国香港 / 剧情 / 动作 / 犯罪 / 寒战II / Cold War Ⅱ / 110分钟
34939037,2022,Douban,163750,,,,6.6,利刃出鞘2 Glass Onion: A Knives Out Mystery,,Drama / Comedy / Crime / Mystery / Thriller,,,https://movie.douban.com/subject/34939037/,美国 / 剧情 / 喜剧 / 犯罪 / 悬疑 / 惊悚 / 利刃出鞘2：抽丝剥茧 / 玻璃洋葱：利刃出鞘疑案 / 140分钟
35231165,2020,Douban,324,,,,4.3,电影版 毛骨悚然撞鬼经 被诅咒的家 劇場版 ほんとうにあった怖い話2020～呪われた家～,,Drama / Thriller / Horror,,,https://movie.douban.com/subject/35231165/,日本 / 剧情 / 惊悚 / 恐怖 / 66分钟
24860563,2016,Douban,223775,,,,7.9,招魂2 The Conjuring 2,,Drama / Mystery / Horror,,,https://movie.douban.com/subject/24860563/,加拿大 / 美国 / 英国 / 剧情 / 悬疑 / 恐怖 / 诡屋惊凶实录2(港) / 厉阴宅2(台) / 134分钟
36829507,2025,Douban,70856,,,,7.6,坏蛋联盟2 The Bad Guys 2,,Comedy / Action / Crime / Animation / Mystery / Adventure,,,https://movie.douban.com/subject/36829507/,美国 / 喜剧 / 动作 / 犯罪 / 动画 / 悬疑 / 冒险 / 大坏蛋2 / 坏家伙2 / 104分钟
36340655,2024,Douban,14607,,,,7.1,二号陪审员 Juror #2,,Drama / Crime / Mystery / Thriller,,,https://movie.douban.com/subject/36340655/,美国 / 剧情 / 犯罪 / 悬疑 / 惊悚 / 114分钟
1293792,1986,Douban,196727,,,,8.1,异形2 Aliens,,Action / Sci-Fi / Thriller / Adventure,,,https://movie.douban.com/subject/1293792/,美国 / 动作 / 科幻 / 惊悚 / 冒险 / 异形Ⅱ / 异形续集 / 137分钟
36727829,2024,Douban,45476,,,,7.1,危笑2 Smile 2,,Mystery / Thriller / Horror,,,https://movie.douban.com/subject/36727829/,美国 / 加拿大 / 悬疑 / 惊悚 / 恐怖 / 夺命微笑2 / 微笑2(台) / 127分钟
1292506,1994,Douban,152610,,,,8.1,赌神2 賭神2,,Action / Comedy,,,https://movie.douban.com/subject/1292506/,中国香港 / 动作 / 喜剧 / God of Gamblers Return / God of Gamblers 2 / 126分钟
3066739,2010,Douban,454213,,,,7.7,钢铁侠2 Iron Man 2,,Action / Adventure / Sci-Fi,,,https://movie.douban.com/subject/3066739/,美国 / 动作 / 冒险 / 科幻 / 铁甲奇侠2(港) / 钢铁人2(台) / 124分钟
35883131,2024,Douban,210913,,,,8.5,雄狮少年2,,Comedy / Action / Animation,,,https://movie.douban.com/subject/35883131/,中国大陆 / 喜剧 / 动作 / 动画 / I Am What I Am 2 / 133分钟
26698897,2018,Douban,970746,,,,6.6,唐人街探案2,,Comedy / Action / Mystery,,,https://movie.douban.com/subject/26698897/,中国大陆 / 喜剧 / 动作 / 悬疑 / 唐探2 / Detective Chinatown Vol 2 / 121分钟
34795100,2023,Douban,149199,,,,7.9,网络谜踪2 Missing,,Drama / Thriller,,,https://movie.douban.com/subject/34795100/,美国 / 剧情 / 惊悚 / 人肉搜索2：失踪搜救(台) / 人肉搜寻2(港) / 111分钟
26340419,2017,Douban,292434,,,,8.0,帕丁顿熊2 Paddington 2,,Comedy / Animation / Family,,,https://movie.douban.com/subject/26340419/,英国 / 法国 / 美国 / 喜剧 / 动画 / 家庭 / 柏灵顿2(港) / 柏灵顿熊熊出任务(台) / 103分钟
30167997,2022,Douban,150383,,,,5.4,黑豹2 Black Panther: Wakanda Forever,,Drama / Action / Sci-Fi / Fantasy / Thriller / Adventure,,,https://movie.douban.com/subject/30167997/,美国 / 剧情 / 动作 / 科幻 / 奇幻 / 惊悚 / 冒险 / 黑豹：瓦坎达万岁 / 黑豹2：瓦干达万岁(港/台) / 161分钟
4218768,2012,Douban,284898,,,,6.1,画皮2 畫皮Ⅱ,,Drama / Romance / Fantasy / Thriller,,,https://movie.douban.com/subject/4218768/,中国大陆 / 剧情 / 爱情 / 奇幻 / 惊悚 / 转生术(台) / 画皮II / 135分钟
1307442,2003,Douban,168664,,,,7.5,速度与激情2 2 Fast 2 Furious,,Action / Crime,,,https://movie.douban.com/subject/1307442/,美国 / 德国 / 动作 / 犯罪 / 狂野极速(港) / 玩命关头2：飙风再起(台) / 107分钟
27133569,2019,Douban,85750,,,,6.5,小丑回魂2 It: Chapter Two,,Drama / Fantasy / Horror,,,https://movie.douban.com/subject/27133569/,加拿大 / 美国 / 剧情 / 奇幻 / 恐怖 / 它：第二章(台) / It 2 / 169分钟
1484760,2006,Douban,184798,,,,8.4,黑社会2：以和为贵 黑社會以和為貴,,Crime / Drama / Thriller,,,https://movie.douban.com/subject/1484760/,中国香港 / 犯罪 / 剧情 / 惊悚 / 黑社会2 / Election 2 / 92分钟
30382416,2021,Douban,209320,,,,5.1,毒液2 Venom: Let There Be Carnage,,Action / Sci-Fi / Thriller,,,https://movie.douban.com/subject/30382416/,美国 / 中国大陆 / 动作 / 科幻 / 惊悚 / 毒魔：血战大屠杀(港) / 猛毒2：血蜘蛛(台) / 97分钟
34832354,2022,Douban,56873,,,,6.2,魔女2  Part2. The Other One,,Action / Mystery,,,https://movie.douban.com/subject/34832354/,韩国 / 动作 / 悬疑 / 魔女二部曲：另一个她(台) / The Witch: Part 2 / 137分钟
35056376,2023,Douban,72124,,,,7.4,惊天营救2 Extraction 2,,Action / Thriller,,,https://movie.douban.com/subject/35056376/,美国 / 动作 / 惊悚 / 极限营救2 / 122分钟
1306951,1992,Douban,256067,,,,8.2,鹿鼎记2 鹿鼎記II 神龍教,,Comedy / Action / Chinese swordplay / Costume,,,https://movie.douban.com/subject/1306951/,中国香港 / 喜剧 / 动作 / 武侠 / 古装 / 鹿鼎记II：神龙教 / 鹿鼎记2：神龙教 / 98分钟
26575103,2018,Douban,389785,,,,4.9,捉妖记2,,Comedy / Action / Fantasy / Costume,,,https://movie.douban.com/subject/26575103/,中国大陆 / 中国香港 / 喜剧 / 动作 / 奇幻 / 古装 / Monster Hunt 2 / 110分钟
3718424,2013,Douban,219343,,,,6.7,金刚狼2 The Wolverine,,Action / Sci-Fi,,,https://movie.douban.com/subject/3718424/,美国 / 英国 / 动作 / 科幻 / 狼人：武士激战(港) / 金钢狼：武士之战(台) / 126分钟
1308570,2004,Douban,310963,,,,7.9,蜘蛛侠2 Spider-Man 2,,Action / Sci-Fi / Adventure,,,https://movie.douban.com/subject/1308570/,美国 / 动作 / 科幻 / 冒险 / 蜘蛛人2(台) / 127分钟
36056562,2022,Douban,32499,,,,7.5,误杀瞒天记2 Drishyam 2,,Drama / Crime / Mystery / Thriller,,,https://movie.douban.com/subject/36056562/,印度 / 剧情 / 犯罪 / 悬疑 / 惊悚 / 视觉2 / 140分钟
35813934,2023,Douban,55525,,,,7.2,东北警察故事2,,Drama / Action / Crime,,,https://movie.douban.com/subject/35813934/,中国大陆 / 剧情 / 动作 / 犯罪 / Fight Against Evil 2 / 90分钟
25887288,2019,Douban,418730,,,,7.0,冰雪奇缘2 Frozen II,,Comedy / Animation / Adventure / Musical,,,https://movie.douban.com/subject/25887288/,美国 / 喜剧 / 动画 / 冒险 / 歌舞 / 魔雪奇缘2(港) / Frozen 2 / 103分钟
36176467,2025,Douban,24407,,,,6.2,小人物2 Nobody 2,,Comedy / Action / Crime / Thriller,,,https://movie.douban.com/subject/36176467/,美国 / 加拿大 / 喜剧 / 动作 / 犯罪 / 惊悚 / 杀神Nobody2(港) / 无名弑2(台) / 89分钟
23788440,2015,Douban,202466,,,,7.5,杀破狼2 殺破狼2,,Drama / Action / Crime,,,https://movie.douban.com/subject/23788440/,中国香港 / 中国大陆 / 剧情 / 动作 / 犯罪 / 杀破狼2之杀无赦 / SPL 2: A Time For Consequences / 120分钟
25849049,2018,Douban,284788,,,,7.8,超人总动员2 Incredibles 2,,Comedy / Action / Animation / Adventure,,,https://movie.douban.com/subject/25849049/,美国 / 喜剧 / 动作 / 动画 / 冒险 / 超人特攻队2(台) / 超人特工队2(港) / 118分钟
36212386,2024,Douban,56715,,,,7.3,目中无人2,,Action / Chinese swordplay / Costume,,,https://movie.douban.com/subject/36212386/,中国大陆 / 动作 / 武侠 / 古装 / 目中无人：以眼还眼 / Eye for an Eye 2 / 90分钟
25662337,2016,Douban,357975,,,,7.0,惊天魔盗团2 Now You See Me 2,,Drama / Crime / Mystery,,,https://movie.douban.com/subject/25662337/,美国 / 剧情 / 犯罪 / 悬疑 / 非常盗2(港) / 出神入化2(台) / 130分钟
1307319,1994,Douban,91927,,,,8.1,醉拳2 醉拳Ⅱ,,Action / Comedy,,,https://movie.douban.com/subject/1307319/,中国香港 / 动作 / 喜剧 / 大醉拳 / Drunken Master II / 102分钟
36850049,2025,Douban,4903,,,,6.6,永生战士2 Sisu 2,,Action / War,,,https://movie.douban.com/subject/36850049/,芬兰 / 英国 / 动作 / 战争 / Immortal 2 / Si2u / 89分钟
3233635,2011,Douban,483811,,,,8.1,功夫熊猫2 Kung Fu Panda 2,,Comedy / Action / Animation / Adventure,,,https://movie.douban.com/subject/3233635/,美国 / 喜剧 / 动作 / 动画 / 冒险 / 熊猫阿宝2 / 阿宝正传2 / 90分钟
30171424,2020,Douban,591689,,,,7.4,拆弹专家2,,Action / Crime,,,https://movie.douban.com/subject/30171424/,中国大陆 / 中国香港 / 动作 / 犯罪 / Shock Wave 2 / 121分钟
25937854,2017,Douban,501634,,,,8.0,银河护卫队2 Guardians of the Galaxy Vol. 2,,Action / Sci-Fi / Adventure,,,https://movie.douban.com/subject/25937854/,美国 / 动作 / 科幻 / 冒险 / 星际异攻队2(台) / 银河守护队2(港) / 136分钟
22263645,2017,Douban,92547,,,,8.0,猜火车2 T2 Trainspotting,,Drama / Crime,,,https://movie.douban.com/subject/22263645/,英国 / 剧情 / 犯罪 / 迷幻列车2(港) / T2:Trainspotting / 117分钟
2146991,2009,Douban,396809,,,,7.8,变形金刚2 Transformers: Revenge of the Fallen,,Action / Sci-Fi / Adventure,,,https://movie.douban.com/subject/2146991/,美国 / 动作 / 科幻 / 冒险 / 变形金刚2：堕落者的复仇 / 变形金刚狂派再起(港) / 150分钟
1293353,1992,Douban,204501,,,,8.2,小鬼当家2 Home Alone 2: Lost in New York,,Comedy / Crime / Family,,,https://movie.douban.com/subject/1293353/,美国 / 喜剧 / 犯罪 / 家庭 / 宝贝智多星续集：玩转纽约(港) / 小鬼当家2：迷失纽约 / 120分钟
26333560,2017,Douban,201385,,,,7.9,疾速追杀2 John Wick: Chapter 2,,Action / Crime / Thriller,,,https://movie.douban.com/subject/26333560/,美国 / 中国香港 / 动作 / 犯罪 / 惊悚 / 杀神John Wick 2(港) / 捍卫任务2：杀神回归(台) / 122分钟
30368790,2024,Douban,47115,,,,6.3,角斗士2 Gladiator II,,Drama / Action / Adventure,,,https://movie.douban.com/subject/30368790/,英国 / 美国 / 剧情 / 动作 / 冒险 / 神鬼战士II(台) / 帝国骄雄II(港) / 148分钟
1418270,2006,Douban,23895,,,,5.7,本能2 Basic Instinct 2,,Crime / Mystery / Thriller / Eroticism,,,https://movie.douban.com/subject/1418270/,美国 / 德国 / 英国 / 西班牙 / 犯罪 / 悬疑 / 惊悚 / 情色 / 第六感追緝令2(台) / 本能2:致命诱惑 / 114分钟
6082518,2014,Douban,321307,,,,7.8,超凡蜘蛛侠2 The Amazing Spider-Man 2,,Action / Sci-Fi / Fantasy / Adventure,,,https://movie.douban.com/subject/6082518/,美国 / 动作 / 科幻 / 奇幻 / 冒险 / 蜘蛛侠2 : 决战电魔(港) / 蜘蛛人惊奇再起2：电光之战(台) / 142分钟
27077476,2025,Douban,23176,,,,6.0,会计刺客2 The Accountant 2,,Drama / Action / Crime / Mystery / Thriller,,,https://movie.douban.com/subject/27077476/,美国 / 剧情 / 动作 / 犯罪 / 悬疑 / 惊悚 / 暗中算计2 / 暗算2(港) / 132分钟
36768946,2024,Douban,39099,,,,6.6,海洋奇缘2 Moana 2,,Comedy / Animation / Fantasy / Adventure / Musical,,,https://movie.douban.com/subject/36768946/,美国 / 加拿大 / 喜剧 / 动画 / 奇幻 / 冒险 / 歌舞 / 魔海奇缘2(港) / 莫阿娜2 / 100分钟
35461749,2022,Douban,33153,,,,6.6,福尔摩斯小姐：伦敦厄运 Enola Holmes 2,,Drama / Action / Crime / Mystery / Adventure,,,https://movie.douban.com/subject/35461749/,英国 / 美国 / 剧情 / 动作 / 犯罪 / 悬疑 / 冒险 / 福尔摩斯小姐2 / 天才少女福尔摩斯2 / 129分钟
35008440,2022,Douban,56583,,,,8.2,唐顿庄园2 Downton Abbey: A New Era,,Drama / Romance,,,https://movie.douban.com/subject/35008440/,英国 / 美国 / 剧情 / 爱情 / 唐顿庄园电影版2 / 唐顿庄园：全新世代(港/台) / 124分钟
19957083,2015,Douban,111593,,,,6.8,泰迪熊2 Ted 2,,Comedy,,,https://movie.douban.com/subject/19957083/,美国 / 喜剧 / 熊麻吉2(台) / 贱熊2(港) / 115分钟
3578981,2010,Douban,276482,,,,7.4,叶问2：宗师传奇 葉問2,,Action / Biography / History,,,https://movie.douban.com/subject/3578981/,中国大陆 / 中国香港 / 动作 / 传记 / 历史 / 叶问2 / Ip Man 2 / 108分钟
33441821,2019,Douban,11912,,,,8.4,二毛,,Documentary,,,https://movie.douban.com/subject/33441821/,中国大陆 / 纪录片 / 李二毛的双重人生 / The Two Lives of Li Ermao / 90分钟
26416062,2018,Douban,403593,,,,6.6,侏罗纪世界2 Jurassic World: Fallen Kingdom,,Action / Sci-Fi / Adventure,,,https://movie.douban.com/subject/26416062/,美国 / 动作 / 科幻 / 冒险 / 侏罗纪世界：迷失国度(港) / 侏罗纪世界：殒落国度(台) / 128分钟
3036478,2011,Douban,119535,,,,7.8,赛车总动员2 Cars 2,,Comedy / Animation / Adventure,,,https://movie.douban.com/subject/3036478/,美国 / 喜剧 / 动画 / 冒险 / 3D反斗车王2(港) / Cars2：世界大赛(台) / 106分钟
1296201,1992,Douban,228514,,,,7.9,逃学威龙2 逃學威龍2,,Comedy,,,https://movie.douban.com/subject/1296201/,中国香港 / 喜剧 / Fight Back to School II / 97分钟
30206311,2021,Douban,181192,,,,6.4,寂静之地2 A Quiet Place: Part II,,Sci-Fi / Thriller / Horror,,,https://movie.douban.com/subject/30206311/,美国 / 科幻 / 惊悚 / 恐怖 / 无声绝境II(港) / 噤界II(台) / 97分钟
36850893,2026,Douban,933,,,,7.2,惊变28年2：白骨圣殿 28 Years Later: The Bone Temple,,Thriller / Horror,,,https://movie.douban.com/subject/36850893/,美国 / 英国 / 惊悚 / 恐怖 / 28年后：人骨圣殿(港) / 28年毁灭倒数：人骨圣殿(台) / 109分钟
3606971,2012,Douban,123737,,,,6.9,飓风营救2 Taken 2,,Drama / Action / Crime,,,https://movie.douban.com/subject/3606971/,法国 / 美国 / 剧情 / 动作 / 犯罪 / 救参96小时2(港) / 即刻救援2(台) / 91分钟
26725678,2018,Douban,230494,,,,7.9,解除好友2：暗网 Unfriended: Dark Web,,Crime / Horror,,,https://movie.douban.com/subject/26725678/,美国 / 犯罪 / 恐怖 / 弑讯2：暗网(台) / 解除好友2 / 92分钟
26356631,2018,Douban,74720,,,,7.3,伸冤人2 The Equalizer 2,,Action / Crime / Thriller,,,https://movie.douban.com/subject/26356631/,美国 / 动作 / 犯罪 / 惊悚 / 制裁特攻 / 私刑教育2(台) / 121分钟
30181250,2025,Douban,410730,,,,5.8,封神第二部：战火西岐,,Action / War / Fantasy / Costume,,,https://movie.douban.com/subject/30181250/,中国大陆 / 动作 / 战争 / 奇幻 / 古装 / 封神第二部 / 封神三部曲之魔道争锋 / 144分钟
34880018,2023,Douban,154559,,,,7.3,茶啊二中,,Comedy / Animation / Fantasy,,,https://movie.douban.com/subject/34880018/,中国大陆 / 喜剧 / 动画 / 奇幻 / 这班挺有闹 / 茶啊二中大电影 / 91分钟
30175306,2019,Douban,155264,,,,5.4,追龙Ⅱ 追龍2：賊王,,Drama / Action / Crime,,,https://movie.douban.com/subject/30175306/,中国香港 / 中国大陆 / 剧情 / 动作 / 犯罪 / 追龙2 / 追龙2：追缉大富豪 / 103分钟
1401330,1991,Douban,4294,,,,7.4,梦二 夢二,,Drama / Biography / History / Romance / Fantasy / Eroticism,,,https://movie.douban.com/subject/1401330/,日本 / 剧情 / 传记 / 历史 / 爱情 / 奇幻 / 情色 / Yumeji / 梦二 / 128分钟
10604486,2013,Douban,167261,,,,4.8,不二神探,,Comedy / Action / Crime,,,https://movie.douban.com/subject/10604486/,中国大陆 / 喜剧 / 动作 / 犯罪 / Badges of Fury / 98分钟
1298241,1961,Douban,25938,,,,8.8,"玉女风流 One, Two, Three",,Comedy,,,https://movie.douban.com/subject/1298241/,美国 / 喜剧 / 一、二、三 / 115分钟
30469922,2021,Douban,101807,,,,6.2,密室逃生2 Escape Room 2,,Mystery / Thriller,,,https://movie.douban.com/subject/30469922/,美国 / 南非 / 匈牙利 / 加拿大 / 悬疑 / 惊悚 / 密室逃杀2 / 密室逃杀: 幸存者游戏(港) / 88分钟
1295899,1995,Douban,26610,,,,7.8,二见钟情 While You Were Sleeping,,Comedy / Romance,,,https://movie.douban.com/subject/1295899/,美国 / 喜剧 / 爱情 / 暗恋你暗恋你(港) / 再见钟情 / 103分钟
6893932,2022,Douban,193549,,,,8.0,壮志凌云2：独行侠 Top Gun: Maverick,,Action,,,https://movie.douban.com/subject/6893932/,美国 / 中国大陆 / 动作 / 捍卫战士：独行侠(台) / 壮志凌云独行侠 / 130分钟
6560058,2013,Douban,355348,,,,7.4,雷神2：黑暗世界 Thor: The Dark World,,Action / Fantasy / Adventure,,,https://movie.douban.com/subject/6560058/,美国 / 动作 / 奇幻 / 冒险 / 雷神奇侠2：黑暗世界(港) / 雷神索尔2：黑暗世界(台) / 112分钟
34678231,2023,Douban,85301,,,,5.0,惊奇队长2 The Marvels,,Action / Fantasy / Adventure,,,https://movie.douban.com/subject/34678231/,美国 / 动作 / 奇幻 / 冒险 / 惊奇联盟 / 漫威队长2 / 105分钟
21327493,2015,Douban,213542,,,,7.9,精灵旅社2 Hotel Transylvania 2,,Comedy / Animation / Fantasy,,,https://movie.douban.com/subject/21327493/,美国 / 加拿大 / 喜剧 / 动画 / 奇幻 / 尖叫旅社2(台) / 鬼灵精怪大酒店2(港) / 89分钟
30267287,2022,Douban,104340,,,,7.5,犯罪都市2 2,,Action / Crime,,,https://movie.douban.com/subject/30267287/,韩国 / 动作 / 犯罪 / 犯罪都市：极拳执法(港) / The Roundup / 106分钟
3148027,2009,Douban,311763,,,,6.9,暮光之城2：新月 The Twilight Saga: New Moon,,Drama / Romance / Thriller / Fantasy,,,https://movie.douban.com/subject/3148027/,美国 / 剧情 / 爱情 / 惊悚 / 奇幻 / 暮色2：新月 / 吸血新世纪2：新月传奇(港) / 130分钟
26426056,2019,Douban,196934,,,,5.9,沉睡魔咒2 Maleficent: Mistress of Evil,,Fantasy / Adventure,,,https://movie.douban.com/subject/26426056/,美国 / 英国 / 奇幻 / 冒险 / 沉睡魔咒2：恶魔夫人 / 黑魔后2(港) / 119分钟
25801066,2017,Douban,368779,,,,5.5,西游伏妖篇,,Comedy / Action / Fantasy / Costume,,,https://movie.douban.com/subject/25801066/,中国大陆 / 中国香港 / 喜剧 / 动作 / 奇幻 / 古装 / 西游2：伏妖篇 / 西游降魔篇2 / 108分钟
1299092,1989,Douban,131658,,,,8.5,回到未来2 Back to the Future Part II,,Comedy / Sci-Fi / Adventure,,,https://movie.douban.com/subject/1299092/,美国 / 喜剧 / 科幻 / 冒险 / 回到未来第二集 / 108分钟
10535562,2014,Douban,77346,,,,8.1,突袭2：暴徒 The Raid 2: Berandal,,Drama / Action / Crime,,,https://movie.douban.com/subject/10535562/,印度尼西亚 / 美国 / 剧情 / 动作 / 犯罪 / 全面突袭2 / 全面突袭2：拳力进击(台) / 150分钟
5422105,2011,Douban,259122,,,,7.6,窃听风云2,,Drama / Action / Crime / Mystery,,,https://movie.douban.com/subject/5422105/,中国香港 / 中国大陆 / 剧情 / 动作 / 犯罪 / 悬疑 / 操盘风云2 / Overheard 2 / 117分钟
35125443,2021,Douban,182551,,,,6.7,1921,,Drama / History,,,https://movie.douban.com/subject/35125443/,中国大陆 / 剧情 / 历史 / 一九二一 / 137分钟
26962981,2021,Douban,48443,,,,7.0,欢乐好声音2 Sing 2,,Comedy / Animation / Adventure / Musical,,,https://movie.douban.com/subject/26962981/,美国 / 喜剧 / 动画 / 冒险 / 歌舞 / 星梦动物园2(港) / 110分钟
1294506,1999,Douban,25801,,,,6.7,午夜凶铃2：贞子缠身 リング2,,Horror,,,https://movie.douban.com/subject/1294506/,日本 / 恐怖 / 七夜怪谈2：贞子谜咒 / 午夜凶灵2 / 95分钟
1419974,2005,Douban,97689,,,,7.4,玩命快递2 Transporter 2,,Action / Crime,,,https://movie.douban.com/subject/1419974/,法国 / 美国 / 德国 / 动作 / 犯罪 / 非常人贩2 / 玩命速递2 / 88分钟
4271894,2010,Douban,346256,,,,6.6,非诚勿扰2,,Comedy / Romance,,,https://movie.douban.com/subject/4271894/,中国大陆 / 喜剧 / 爱情 / 不省心 / If You Are The One 2 / 122分钟
1302718,1990,Douban,20141,,,,6.6,铁血战士2 Predator 2,,Action / Sci-Fi / Horror,,,https://movie.douban.com/subject/1302718/,美国 / 动作 / 科幻 / 恐怖 / 铁血战士2 / 108分钟
37227650,2025,Douban,1812,,,,7.4,旅途中的日子 旅と日々,,Drama,,,https://movie.douban.com/subject/37227650/,"日本 / 剧情 / 旅行的意义(港) / Two Seasons, Two Strangers / 89分钟"
11443314,2014,Douban,142307,,,,7.7,里约大冒险2 Rio 2,,Comedy / Animation / Adventure,,,https://movie.douban.com/subject/11443314/,美国 / 喜剧 / 动画 / 冒险 / 奇鹦嘉年华2(港) / 101分钟
7916027,2013,Douban,84768,,,,7.3,赤焰战场2 Red 2,,Comedy / Action / Crime,,,https://movie.douban.com/subject/7916027/,美国 / 法国 / 加拿大 / 喜剧 / 动作 / 犯罪 / 猛火爆2(港) / 超危险特工2：狠战(台) / 116分钟
26636712,2018,Douban,461309,,,,7.2,蚁人2：黄蜂女现身 Ant-Man and the Wasp,,Action / Sci-Fi / Adventure,,,https://movie.douban.com/subject/26636712/,美国 / 动作 / 科幻 / 冒险 / 蚁侠2：黄蜂女现身(港) / 蚁人2 / 118分钟
20435622,2018,Douban,259765,,,,5.4,环太平洋：雷霆再起 Pacific Rim: Uprising,,Action / Sci-Fi / Adventure,,,https://movie.douban.com/subject/20435622/,英国 / 中国大陆 / 日本 / 美国 / 墨西哥 / 动作 / 科幻 / 冒险 / 环太平洋2 / 环太平洋2：雷霆再起 / 111分钟
26915921,2021,Douban,30226,,,,6.5,屏住呼吸2 Don't Breathe 2,,Thriller / Horror,,,https://movie.douban.com/subject/26915921/,美国 / 塞尔维亚 / 惊悚 / 恐怖 / 禁室杀戮2(港) / 暂时停止呼吸2(台) / 98分钟
35242824,2023,Douban,109230,,,,6.5,二手杰作,,Drama / Comedy,,,https://movie.douban.com/subject/35242824/,中国大陆 / 剧情 / 喜剧 / 中国版世界上最伟大的父亲 / World's Greatest Dad / 114分钟
2570425,1987,Douban,1055,,,,6.4,美丽小蜜桃2 Pretty Peaches 2,,Eroticism,,,https://movie.douban.com/subject/2570425/,美国 / 情色 / 漂亮的桃子2 / 82分钟
25868125,2022,Douban,122900,,,,8.1,穿靴子的猫2 Puss in Boots: The Last Wish,,Comedy / Romance / Animation / Mystery / Fantasy / Adventure / Musical,,,https://movie.douban.com/subject/25868125/,美国 / 喜剧 / 爱情 / 动画 / 悬疑 / 奇幻 / 冒险 / 歌舞 / 无敌猫剑侠2 / 鞋猫剑客2(台) / 102分钟
6040982,2012,Douban,156932,,,,7.0,敢死队2 The Expendables 2,,Action / Adventure,,,https://movie.douban.com/subject/6040982/,美国 / 德国 / 保加利亚 / 中国大陆 / 动作 / 冒险 / 浴血任务2(台) / 轰天猛将2(港) / 103分钟
1793571,2007,Douban,43492,,,,6.9,人皮客栈2 Hostel: Part II,,Horror / Thriller,,,https://movie.douban.com/subject/1793571/,美国 / 恐怖 / 惊悚 / 恐怖旅舍第二站(台) / 恐怖旅舍2 / 94分钟
26614645,2016,Douban,16698,,,,4.7,鸭王2 鴨王2,,Drama / Eroticism,,,https://movie.douban.com/subject/26614645/,中国香港 / 剧情 / 情色 / 鸭王2：鸡同鸭恋 / The Gigolo 2 / 96分钟
1302977,1991,Douban,151440,,,,7.8,赌侠2：上海滩赌圣 賭俠II上海灘賭聖,,Comedy / Fantasy,,,https://movie.douban.com/subject/1302977/,中国香港 / 喜剧 / 奇幻 / 赌侠2之上海滩赌圣 / God of Gamblers Part III: Back to Shanghai / 116分钟
10792650,2013,Douban,88825,,,,7.9,女性瘾者：第二部 Nymphomaniac: Volume II,,Drama / Eroticism,,,https://movie.douban.com/subject/10792650/,丹麦 / 德国 / 比利时 / 英国 / 法国 / 瑞典 / 剧情 / 情色 / 性上瘾：后篇(港) / 性爱成瘾的女人(台) / 123分钟
27132510,2019,Douban,69648,,,,8.6,教宗的承继 The Two Popes,,Drama / Biography,,,https://movie.douban.com/subject/27132510/,英国 / 意大利 / 阿根廷 / 美国 / 剧情 / 传记 / 教廷白烟(港) / 两个教皇 / 125分钟
3074408,2009,Douban,108843,,,,8.2,热血高校2 クローズZERO II,,Action,,,https://movie.douban.com/subject/3074408/,日本 / 动作 / 乌鸦高校2 / Crows Zero 2 / 133分钟
36621696,2025,Douban,5811,,,,6.1,黑色电话2 Black Phone 2,,Horror,,,https://movie.douban.com/subject/36621696/,美国 / 加拿大 / 恐怖 / 接驳灵声2(港) / 暗黑电话2(台) / 114分钟
1291873,1986,Douban,35014,,,,7.4,爱你九周半 Nine 1/2 Weeks,,Drama / Romance / Eroticism,,,https://movie.douban.com/subject/1291873/,美国 / 剧情 / 爱情 / 情色 / 9 ? Weeks / Nine ? Weeks / 117分钟
25858785,2015,Douban,182145,,,,5.6,澳门风云2 賭城風雲II,,Comedy / Action,,,https://movie.douban.com/subject/25858785/,中国香港 / 中国大陆 / 喜剧 / 动作 / The Man From Macau 2 / From Vegas to Macau 2 / 110分钟
30304994,2022,Douban,274966,,,,6.3,奇异博士2：疯狂多元宇宙 Doctor Strange in the Multiverse of Madness,,Action / Sci-Fi / Fantasy / Adventure / Horror,,,https://movie.douban.com/subject/30304994/,美国 / 动作 / 科幻 / 奇幻 / 冒险 / 恐怖 / 奇异博士2 / 斯特兰奇博士2 / 126分钟
4840388,2019,Douban,419887,,,,5.7,新喜剧之王,,Drama / Comedy,,,https://movie.douban.com/subject/4840388/,中国大陆 / 中国香港 / 剧情 / 喜剧 / 喜剧之王2 / D计划 / 91分钟
30401849,2020,Douban,124805,,,,7.5,1/2的魔法 Onward,,Comedy / Animation / Fantasy / Adventure,,,https://movie.douban.com/subject/30401849/,美国 / 喜剧 / 动画 / 奇幻 / 冒险 / 二分之一的魔法 / 魔法环游记 / 102分钟
35310153,2021,Douban,21124,,,,7.7,较量2  2,,Drama / Crime / Thriller,,,https://movie.douban.com/subject/35310153/,印度 / 剧情 / 犯罪 / 惊悚 / 误杀瞒天记2 / Drishyam 2 / 152分钟
26425068,2017,Douban,374482,,,,7.2,追龙 追龍,,Action / Crime,,,https://movie.douban.com/subject/26425068/,中国香港 / 中国大陆 / 动作 / 犯罪 / 卧虎2 / 跛豪 / 128分钟
30423193,2019,Douban,195635,,,,6.2,使徒行者2：谍影行动,,Drama / Action / Crime,,,https://movie.douban.com/subject/30423193/,中国大陆 / 中国香港 / 剧情 / 动作 / 犯罪 / Line Walker 2 / 98分钟
1428055,2014,Douban,54389,,,,6.9,罪恶之城2 Sin City: A Dame to Kill For,,Action / Thriller / Crime,,,https://movie.douban.com/subject/1428055/,美国 / 动作 / 惊悚 / 犯罪 / 罪恶之城2：蛇蝎美人 / 万恶城市：红颜夺命(台) / 102分钟
27085337,2024,Douban,9448,,,,5.9,老手2 2,,Action / Crime,,,https://movie.douban.com/subject/27085337/,韩国 / 动作 / 犯罪 / 躁底师兄2 行刑师(港) / 辣手警探2(台) / 118分钟
4135439,2020,Douban,22234,,,,7.2,波拉特2 Borat Subsequent Moviefilm: Delivery of Prodigious Bribe to American Regime for Make Benefit Once Glorious Nation of Kazakhstan,,Comedy,,,https://movie.douban.com/subject/4135439/,英国 / 美国 / 喜剧 / 波拉特：为了近期式微的哈萨克斯坦的利益送给副总统迈克儿·彭斯的色情猴子礼物 / 波拉特2：为建设伟大祖国哈萨克斯坦而贿赂美国政权 / 95分钟
30435124,2021,Douban,421466,,,,6.8,白蛇2：青蛇劫起,,Animation / Fantasy / Adventure,,,https://movie.douban.com/subject/30435124/,中国大陆 / 动画 / 奇幻 / 冒险 / 白蛇2 / Green Snake / 131分钟
1303053,1986,Douban,46406,,,,8.1,巴黎野玫瑰 37°2 le matin,,Drama / Romance / Eroticism,,,https://movie.douban.com/subject/1303053/,法国 / 剧情 / 爱情 / 情色 / 37度2 / 早晨三十七点二度C / 120分钟
34882958,2023,Douban,150814,,,,5.0,巨齿鲨2：深渊 Meg 2: The Trench,,Action / Sci-Fi / Adventure,,,https://movie.douban.com/subject/34882958/,美国 / 中国大陆 / 动作 / 科幻 / 冒险 / 极悍巨鲨2：深沟(港) / 巨齿鲨2：海沟深渊(台) / 119分钟
3654340,2011,Douban,121561,,,,6.9,宿醉2 The Hangover Part II,,Comedy,,,https://movie.douban.com/subject/3654340/,美国 / 喜剧 / 醉后大丈夫2：醉加一等(台) / 醉爆伴郎团2(港) / 102分钟
4304402,2010,Douban,93781,,,,8.7,精英部队2：大敌当前 Tropa de Elite 2 - O Inimigo Agora é Outro,,Drama / Action / Crime / Thriller,,,https://movie.douban.com/subject/4304402/,巴西 / 剧情 / 动作 / 犯罪 / 惊悚 / 精英部队2 / 精锐部队2 / 115分钟
6878446,2012,Douban,136411,,,,6.1,二次曝光,,Drama / Romance / Mystery,,,https://movie.douban.com/subject/6878446/,中国大陆 / 剧情 / 爱情 / 悬疑 / 2次曝光 / Double Xposure / 106分钟
27199577,2018,Douban,43748,,,,7.2,银魂2 銀魂2 掟は破るためにこそある,,Comedy / Action / Adventure,,,https://movie.douban.com/subject/27199577/,日本 / 喜剧 / 动作 / 冒险 / 银魂2：规则是用来打破的 / 规定就是为了被打破而存在的 / 135分钟
10741834,2015,Douban,536057,,,,7.5,复仇者联盟2：奥创纪元 Avengers: Age of Ultron,,Action / Sci-Fi / Fantasy / Adventure,,,https://movie.douban.com/subject/10741834/,美国 / 动作 / 科幻 / 奇幻 / 冒险 / 复仇者联盟2 / 复仇者联盟：奥创时代 / 142分钟
4830478,2013,Douban,74275,,,,6.4,海扁王2 Kick-Ass 2,,Comedy / Action / Crime,,,https://movie.douban.com/subject/4830478/,美国 / 喜剧 / 动作 / 犯罪 / 劲揪侠2(港) / 特攻联盟2(台) / 103分钟
33406478,2023,Douban,19506,,,,5.8,修女2 The Nun II,,Mystery / Thriller / Horror,,,https://movie.douban.com/subject/33406478/,美国 / 悬疑 / 惊悚 / 恐怖 / 鬼修女Ⅱ(台) / 诡修女Ⅱ(港) / 109分钟
25995508,2015,Douban,132781,,,,6.1,移动迷宫2 Maze Runner: The Scorch Trials,,Action / Sci-Fi / Adventure,,,https://movie.douban.com/subject/25995508/,美国 / 动作 / 科幻 / 冒险 / 移动迷宫2：烧痕审判 / 移动迷宫：焦土试炼(台/港) / 131分钟
34816877,2022,Douban,18783,,,,5.9,断魂小丑2 Terrifier 2,,Horror,,,https://movie.douban.com/subject/34816877/,美国 / 恐怖 / 刽乐小丑2 / 138分钟
36296618,2024,Douban,158173,,,,6.7,志愿军：存亡之战,,Drama / History / War,,,https://movie.douban.com/subject/36296618/,中国大陆 / 剧情 / 历史 / 战争 / 志愿军：第二部 / 志愿军：雄兵出击2 / 144分钟
2032339,2007,Douban,34315,,,,6.7,致命弯道2 Wrong Turn 2: Dead End,,Horror,,,https://movie.douban.com/subject/2032339/,美国 / 德国 / 加拿大 / 恐怖 / 肢解狂魔2死路 / 肢解狂魔2 / 93分钟
21359619,2014,Douban,112158,,,,5.6,单身男女2 單身男女II,,Comedy / Romance,,,https://movie.douban.com/subject/21359619/,中国香港 / 中国大陆 / 喜剧 / 爱情 / Don't Go Breaking My Heart 2 / 113分钟
3008892,2007,Douban,37037,,,,6.5,色即是空2  2,,Comedy / Eroticism,,,https://movie.douban.com/subject/3008892/,韩国 / 喜剧 / 情色 / 我班Friend好搞嘢2(港) / Sex Is Zero 2 / 115分钟
1442853,1989,Douban,4185,,,,7.1,二二六 226,,Action / Drama / War,,,https://movie.douban.com/subject/1442853/,日本 / 动作 / 剧情 / 战争 / Four Days of Snow and Blood / Lumen ja veren p?iv?t / 114分钟
1305257,2003,Douban,24750,,,,7.3,金鸡2,,Comedy / Drama,,,https://movie.douban.com/subject/1305257/,中国香港 / 喜剧 / 剧情 / Golden Chicken 2 / 104分钟
25825412,2016,Douban,113375,,,,5.7,机械师2：复活 Mechanic: Resurrection,,Action / Crime,,,https://movie.douban.com/subject/25825412/,美国 / 法国 / 保加利亚 / 德国 / 动作 / 犯罪 / 秒速杀机2(港) / 极速秒杀2(台) / 98分钟
26741632,2021,Douban,308509,,,,8.0,X特遣队：全员集结 The Suicide Squad,,Comedy / Action / Sci-Fi / Adventure,,,https://movie.douban.com/subject/26741632/,美国 / 加拿大 / 英国 / 喜剧 / 动作 / 科幻 / 冒险 / 新自杀小队 / 自杀特攻(港) / 132分钟
3066083,2009,Douban,51387,,,,6.8,黑暗侵袭2 The Descent: Part 2,,Adventure / Horror / Thriller,,,https://movie.douban.com/subject/3066083/,英国 / 冒险 / 恐怖 / 惊悚 / 暗袭2 / 深入绝地2 / 94分钟
1301434,1984,Douban,70434,,,,7.8,夺宝奇兵2 Indiana Jones and the Temple of Doom,,Action / Adventure,,,https://movie.douban.com/subject/1301434/,美国 / 动作 / 冒险 / 印地安纳·琼斯和魔域奇兵 / 夺宝奇兵2：魔域奇兵 / 118分钟
36406672,2024,Douban,29939,,,,5.6,饥饿站台2 El hoyo 2,,Sci-Fi / Thriller / Horror,,,https://movie.douban.com/subject/36406672/,西班牙 / 科幻 / 惊悚 / 恐怖 / The Platform 2 / 99分钟
1300613,1993,Douban,252306,,,,8.6,土拨鼠之日 Groundhog Day,,Drama / Comedy / Romance / Fantasy,,,https://movie.douban.com/subject/1300613/,美国 / 剧情 / 喜剧 / 爱情 / 奇幻 / 今天暂时停止(台) / 偷天情缘 / 101分钟
26931786,2019,Douban,624543,,,,7.6,蜘蛛侠：英雄远征 Spider-Man: Far from Home,,Action / Sci-Fi / Adventure,,,https://movie.douban.com/subject/26931786/,美国 / 动作 / 科幻 / 冒险 / 蜘蛛侠：决战千里(港) / 蜘蛛人：离家日(台) / 129分钟
22299426,2014,Douban,18862,,,,7.3,二重身 バイロケーション,,Mystery / Thriller,,,https://movie.douban.com/subject/22299426/,日本 / 悬疑 / 惊悚 / 双生灵(港) / Bilocation / 132分钟
25890017,2019,Douban,291779,,,,6.2,哥斯拉2：怪兽之王 Godzilla: King of the Monsters,,Action / Sci-Fi / Adventure / Disaster,,,https://movie.douban.com/subject/25890017/,美国 / 日本 / 中国大陆 / 动作 / 科幻 / 冒险 / 灾难 / 哥斯拉：怪兽之王 / 哥斯拉II: 王者巨兽(港) / 132分钟
6753589,2012,Douban,17315,,,,8.7,理查二世 Richard II,,Drama / History,,,https://movie.douban.com/subject/6753589/,英国 / 剧情 / 历史 / 空王冠1 / 虚妄之冠：理查二世 / 140分钟
1307181,2003,Douban,89031,,,,6.7,"律政俏佳人2 Legally Blonde 2: Red, White & Blonde",,Comedy,,,https://movie.douban.com/subject/1307181/,美国 / 喜剧 / 金法尤物2：白宫粉紧张 / 律政可人儿2：金法踩过界 / 95分钟
26378579,2017,Douban,360684,,,,6.8,王牌特工2：黄金圈 Kingsman: The Golden Circle,,Comedy / Action / Adventure,,,https://movie.douban.com/subject/26378579/,英国 / 美国 / 喜剧 / 动作 / 冒险 / 王牌特工2 / 皇家特工：金圈子(港) / 141分钟
27126394,2017,Douban,1494,,,,4.8,聚会的目的2   2,,Drama / Romance / Eroticism,,,https://movie.douban.com/subject/27126394/,韩国 / 剧情 / 爱情 / 情色 / 同学会的目的 2 / 92分钟
3011574,2009,Douban,68473,,,,7.1,怒火攻心2：高压电 Crank 2: High Voltage,,Action / Crime / Thriller,,,https://movie.douban.com/subject/3011574/,美国 / 动作 / 犯罪 / 惊悚 / 怒火攻心2 / 快客杀手2：极速电击 / 96分钟
1361276,1963,Douban,75743,,,,8.6,八部半 8,,Drama,,,https://movie.douban.com/subject/1361276/,意大利 / 法国 / 剧情 / 八又二分之一 / Eight and a Half / 138分钟
26848167,2019,Douban,147053,,,,6.8,爱宠大机密2 The Secret Life of Pets 2,,Comedy / Animation / Adventure,,,https://movie.douban.com/subject/26848167/,美国 / 喜剧 / 动画 / 冒险 / Pet Pet当家2(港) / 宠物当家2(台) / 86分钟
1308784,2004,Douban,33556,,,,6.5,狂蟒之灾2 Anacondas: The Hunt for the Blood Orchid,,Action / Thriller / Adventure / Horror,,,https://movie.douban.com/subject/1308784/,美国 / 澳大利亚 / 动作 / 惊悚 / 冒险 / 恐怖 / 大蟒蛇：血兰花 / 狂蟒之灾2：搜寻血兰 / 97分钟
10745412,2013,Douban,10528,,,,6.6,狼溪2 Wolf Creek 2,,Thriller,,,https://movie.douban.com/subject/10745412/,澳大利亚 / 惊悚 / 106分钟
30209818,2019,Douban,107462,,,,6.6,忌日快乐2 Happy Death Day 2U,,Mystery / Thriller / Horror,,,https://movie.douban.com/subject/30209818/,美国 / 悬疑 / 惊悚 / 恐怖 / 死亡无限2次LOOP(港) / 祝你忌日快乐(台) / 100分钟
4767216,2011,Douban,91763,,,,7.3,憨豆特工2 Johnny English Reborn,,Comedy,,,https://movie.douban.com/subject/4767216/,美国 / 法国 / 英国 / 喜剧 / 憨豆特派员2 / 特务戆J之救国大业(港) / 100分钟
30444942,2023,Douban,210647,,,,6.2,海王2：失落的王国 Aquaman and the Lost Kingdom,,Action / Sci-Fi / Fantasy / Adventure,,,https://movie.douban.com/subject/30444942/,美国 / 动作 / 科幻 / 奇幻 / 冒险 / 海王与失落的王国 / 水行侠 失落王国(台) / 124分钟
1300361,1985,Douban,56416,,,,7.8,第一滴血2 Rambo: First Blood Part II,,Action / Adventure / Thriller,,,https://movie.douban.com/subject/1300361/,美国 / 动作 / 冒险 / 惊悚 / 兰博2 / 第一滴血2 / 96分钟
10877413,2014,Douban,59414,,,,7.3,老千2：神之手  :,,Drama / Crime,,,https://movie.douban.com/subject/10877413/,韩国 / 剧情 / 犯罪 / 千术之神(港) / 千王新世纪(台) / 147分钟
6021917,2012,Douban,35443,,,,7.1,藏品 The Collection,,Action / Thriller / Horror,,,https://movie.douban.com/subject/6021917/,美国 / 动作 / 惊悚 / 恐怖 / 收藏家2：屠杀 / 夜魔2 / 82分钟
30171425,2019,Douban,262348,,,,5.9,扫毒2：天地对决 掃毒2：天地對決,,Drama / Action / Crime / Mystery,,,https://movie.douban.com/subject/30171425/,中国大陆 / 中国香港 / 剧情 / 动作 / 犯罪 / 悬疑 / 扫毒2天地对决 / The White Storm 2: Drug Lords / 99分钟
4185834,2019,Douban,56389,,,,6.9,丧尸乐园2 Zombieland: Double Tap,,Comedy / Action / Horror,,,https://movie.douban.com/subject/4185834/,美国 / 加拿大 / 喜剧 / 动作 / 恐怖 / 丧尸乐园：连环尸杀(港) / 尸乐园：脏比双拼(台) / 99分钟
1299495,1997,Douban,24998,,,,6.4,惊声尖叫2 Scream 2,,Thriller / Horror,,,https://movie.douban.com/subject/1299495/,美国 / 惊悚 / 恐怖 / 夺命狂呼2(港) / 尖叫2 / 120分钟
10733357,2012,Douban,21502,,,,6.8,两个月亮,,Mystery / Horror,,,https://movie.douban.com/subject/10733357/,韩国 / 悬疑 / 恐怖 / Two Moons / The Sleepless / 86分钟
3147941,2010,Douban,55993,,,,6.9,欲望都市2 Sex and the City 2,,Comedy / Drama / Romance,,,https://movie.douban.com/subject/3147941/,美国 / 喜剧 / 剧情 / 爱情 / 色欲都市2(港) / 欲望城市2(台) / 146分钟
2267697,1982,Douban,1632,,,,7.1,禁忌2 Taboo II,,Eroticism,,,https://movie.douban.com/subject/2267697/,美国 / 情色 / Taboo II... The Story Continues! / 97分钟
1293448,1987,Douban,14161,,,,7.3,鬼玩人2 Evil Dead II,,Comedy / Horror,,,https://movie.douban.com/subject/1293448/,美国 / 喜剧 / 恐怖 / 尸变 2 / 鬼玩人2 / 84分钟
35840171,2023,Douban,7226,,,,4.9,毒战2 2,,Action / Crime,,,https://movie.douban.com/subject/35840171/,韩国 / 动作 / 犯罪 / 信徒2 / 114分钟
1994876,2008,Douban,135187,,,,7.8,马达加斯加2：逃往非洲 Madagascar: Escape 2 Africa,,Animation / Action / Adventure / Comedy / Family,,,https://movie.douban.com/subject/1994876/,美国 / 动画 / 动作 / 冒险 / 喜剧 / 家庭 / 荒失失奇兵2(港) / 马达加斯加2(台) / 89分钟
35240874,2022,Douban,38617,,,,7.1,共助2：国际 2:,,Action,,,https://movie.douban.com/subject/35240874/,韩国 / 动作 / 机密同盟2(台) / 共助2：国际化 / 128分钟
1296519,1989,Douban,96805,,,,8.5,喋血双雄 喋血雙雄,,Action / Crime / Drama / Thriller,,,https://movie.douban.com/subject/1296519/,中国香港 / 动作 / 犯罪 / 剧情 / 惊悚 / The Killer / Bloodshed of Two Heroes / 111分钟
24721493,2013,Douban,273205,,,,5.1,小时代2：青木时代,,Drama / Comedy / Romance,,,https://movie.douban.com/subject/24721493/,中国大陆 / 中国台湾 / 剧情 / 喜剧 / 爱情 / 小时代2 / Tiny Times 2.0 / 116分钟
37149566,2025,Douban,2402,,,,5.7,家庭计划2 The Family Plan 2,,Comedy / Action / Family,,,https://movie.douban.com/subject/37149566/,美国 / 英国 / 喜剧 / 动作 / 家庭 / 106分钟
1401269,1963,Douban,16232,,,,8.2,早春二月,,Drama / Romance,,,https://movie.douban.com/subject/1401269/,中国大陆 / 剧情 / 爱情 / Early spring / 108分钟
1584750,2007,Douban,107503,,,,6.5,神奇四侠2 Fantastic 4: Rise of the Silver Surfer,,Action / Sci-Fi / Adventure,,,https://movie.douban.com/subject/1584750/,美国 / 德国 / 英国 / 动作 / 科幻 / 冒险 / 神奇4侠：银魔现身(港) / 惊奇4超人：银色冲浪手现身(台) / 92分钟
10574622,2012,Douban,828349,,,,7.5,人再囧途之泰囧,,Comedy,,,https://movie.douban.com/subject/10574622/,中国大陆 / 喜剧 / 泰囧 / 人在囧途2 / 105分钟
1839857,2007,Douban,27374,,,,6.4,隔山有眼2 The Hills Have Eyes II,,Horror / Thriller,,,https://movie.douban.com/subject/1839857/,美国 / 恐怖 / 惊悚 / 深山大屠杀2 / 魔山2: 隔山有眼 / 89分钟
1300537,1990,Douban,55144,,,,7.8,虎胆龙威2 Die Hard 2,,Action / Crime / Thriller,,,https://movie.douban.com/subject/1300537/,美国 / 动作 / 犯罪 / 惊悚 / 终极警探2(台) / 终极警探续集 / 124分钟
6874456,2013,Douban,288257,,,,7.4,饥饿游戏2：星火燎原 The Hunger Games: Catching Fire,,Action / Sci-Fi / Adventure,,,https://movie.douban.com/subject/6874456/,美国 / 动作 / 科幻 / 冒险 / 饥饿游戏 第二部 / 燃烧的女孩 / 146分钟
1308927,1994,Douban,76296,,,,7.9,笑林小子2：新乌龙院 笑林小子2：新烏龍院,,Comedy / Action,,,https://movie.douban.com/subject/1308927/,中国香港 / 中国台湾 / 喜剧 / 动作 / 笑林小子II之新乌龙院 / Shaolin Popey 2: Messy Temple / 90分钟
1308191,2003,Douban,21192,,,,8.5,二手狮王 Secondhand Lions,,Comedy / Drama / Family,,,https://movie.douban.com/subject/1308191/,美国 / 英国 / 斯洛伐克 / 喜剧 / 剧情 / 家庭 / 爱上这个家 / 盛夏狮王 / 111分钟
10604892,2013,Douban,82998,,,,5.4,四大名捕2,,Action / Mystery / Fantasy / Chinese swordplay / Costume,,,https://movie.douban.com/subject/10604892/,中国大陆 / 中国香港 / 动作 / 悬疑 / 奇幻 / 武侠 / 古装 / The Four 2 / 118分钟
36770063,2025,Douban,4573,,,,6.0,天国与地狱 Highest 2 Lowest,,Drama / Crime / Mystery / Thriller,,,https://movie.douban.com/subject/36770063/,美国 / 日本 / 剧情 / 犯罪 / 悬疑 / 惊悚 / 上流x下流 / 天国与地狱(美版) / 133分钟
1307657,2003,Douban,65744,,,,6.6,古墓丽影2 Lara Croft Tomb Raider: The Cradle of Life,,Action / Adventure,,,https://movie.douban.com/subject/1307657/,美国 / 德国 / 日本 / 英国 / 中国香港 / 动作 / 冒险 / 盗墓者罗拉：生命之匙(港) / 古墓奇兵：风起云涌(台) / 117分钟
37170426,2025,Douban,1940,,,,6.8,二〇二五年的欧陆 Kontinental '25,,Drama / Comedy,,,https://movie.douban.com/subject/37170426/,罗马尼亚 / 剧情 / 喜剧 / 欧陆疯情画2025(港) / 二零二五年的欧陆 / 109分钟
26994321,2018,Douban,15924,,,,6.7,角头2：王者再起 角頭2：王者再起,,Drama / Action / Crime,,,https://movie.douban.com/subject/26994321/,中国台湾 / 剧情 / 动作 / 犯罪 / Gatao 2: Rise of the King / 127分钟
1294490,1989,Douban,60876,,,,8.8,上帝也疯狂2 The Gods Must Be Crazy II,,Comedy,,,https://movie.douban.com/subject/1294490/,南非 / 博茨瓦纳 / 喜剧 / 上帝也疯狂续集 / 上帝一定发疯了 (下) / 98分钟
10047547,2015,Douban,162878,,,,6.6,饥饿游戏3：嘲笑鸟(下) The Hunger Games: Mockingjay - Part 2,,Action / Sci-Fi / Adventure,,,https://movie.douban.com/subject/10047547/,美国 / 动作 / 科幻 / 冒险 / 饥饿游戏：自由幻梦最终章(台) / 饥饿游戏终极篇：自由幻梦2(港) / 137分钟
33402300,2023,Douban,66461,,,,5.3,雷霆沙赞！众神之怒 Shazam! Fury of the Gods,,Comedy / Action / Fantasy / Adventure,,,https://movie.douban.com/subject/33402300/,美国 / 喜剧 / 动作 / 奇幻 / 冒险 / 雷霆沙赞2 / 沙赞2 / 130分钟
27074316,2019,Douban,141738,,,,6.9,一条狗的使命2 A Dog's Journey,,Drama / Comedy / Family,,,https://movie.douban.com/subject/27074316/,中国大陆 / 印度 / 中国香港 / 美国 / 剧情 / 喜剧 / 家庭 / 再见亦是狗朋友2(港) / 狗狗的旅程(台) / 108分钟
3170961,2013,Douban,18504,,,,6.6,双龙出手 2 Guns,,Drama / Action / Crime,,,https://movie.douban.com/subject/3170961/,美国 / 剧情 / 动作 / 犯罪 / 2枪毙命(台) / 孖GUN双雄(港) / 109分钟
4005190,2010,Douban,18841,,,,6.4,死亡飞车2 Death Race 2,,Action / Sci-Fi / Thriller,,,https://movie.douban.com/subject/4005190/,南非 / 德国 / 动作 / 科幻 / 惊悚 / 死亡飞车2 / 100分钟
4099277,2011,Douban,30923,,,,5.8,人体蜈蚣2 The Human Centipede II (Full Sequence),,Horror,,,https://movie.douban.com/subject/4099277/,英国 / 美国 / 荷兰 / 恐怖 / 人形蜈蚣2(港/台) / The Human Millipede / 88分钟
37646394,2026,Douban,277,,,,4.1,杀人鲸 Killer Whale,,Action / Sci-Fi / Mystery / Thriller / Horror,,,https://movie.douban.com/subject/37646394/,澳大利亚 / 动作 / 科幻 / 悬疑 / 惊悚 / 恐怖 / 坠落2：鲨鱼 / 89分钟
1295204,1998,Douban,9666,,,,6.0,异种2 Species II,,Action / Horror / Sci-Fi,,,https://movie.douban.com/subject/1295204/,美国 / 动作 / 恐怖 / 科幻 / 异种2 / 93分钟
1298728,2002,Douban,28050,,,,6.9,贴身情人 Two Weeks Notice,,Comedy / Romance,,,https://movie.douban.com/subject/1298728/,美国 / 澳大利亚 / 喜剧 / 爱情 / 贴身情人 / 两周情人 / 101分钟
26662798,2017,Douban,30379,,,,3.7,京城81号2 京城81号Ⅱ,,Drama / Mystery / Thriller,,,https://movie.douban.com/subject/26662798/,中国大陆 / 剧情 / 悬疑 / 惊悚 / 京城81号2 / The House That Never Dies Ⅱ / 98分钟
3105162,2009,Douban,35194,,,,6.9,死亡录像2 [Rec] 2,,Mystery / Thriller / Horror,,,https://movie.douban.com/subject/3105162/,西班牙 / 悬疑 / 惊悚 / 恐怖 / 80分钟死亡续播(港) / 尸控(台) / 85分钟
27073752,2020,Douban,264708,,,,6.1,神奇女侠1984 Wonder Woman 1984,,Action / Fantasy / Adventure,,,https://movie.douban.com/subject/27073752/,美国 / 英国 / 西班牙 / 动作 / 奇幻 / 冒险 / 神力女超人1984(台) / 神奇女侠2 / 151分钟
1308207,2001,Douban,44399,,,,6.7,惊声尖笑2 Scary Movie 2,,Comedy,,,https://movie.douban.com/subject/1308207/,美国 / 加拿大 / 喜剧 / 恐怖电影2 / 搞乜鬼夺命杂作2 / 83分钟
25785807,2014,Douban,22735,,,,7.1,死亡之雪2 Dd Sn 2,,Comedy / Horror,,,https://movie.douban.com/subject/25785807/,挪威 / 冰岛 / 喜剧 / 恐怖 / Dead Snow; Red vs. Dead / 冰血奇緣(台) / 100分钟
2255476,2008,Douban,10077,,,,7.0,两个情人 Two Lovers,,Drama / Romance,,,https://movie.douban.com/subject/2255476/,美国 / 法国 / 剧情 / 爱情 / 纽约爱情故事(台) / 劈腿情缘 / 110分钟
26147417,2018,Douban,511055,,,,7.0,神奇动物：格林德沃之罪 Fantastic Beasts: The Crimes of Grindelwald,,Fantasy / Adventure,,,https://movie.douban.com/subject/26147417/,美国 / 英国 / 奇幻 / 冒险 / 神奇动物在哪里2：格林德沃之罪 / 怪兽与葛林戴华德之罪(港) / 134分钟
1760104,2006,Douban,94634,,,,7.6,加菲猫2 Garfield: A Tail of Two Kitties,,Comedy / Family,,,https://movie.douban.com/subject/1760104/,英国 / 美国 / 喜剧 / 家庭 / 加菲猫2·双猫记 / 加菲猫2之双猫记 / 78分钟
30444938,2021,Douban,15275,,,,6.7,恐惧街2 Fear Street 2,,Mystery / Horror,,,https://movie.douban.com/subject/30444938/,美国 / 悬疑 / 恐怖 / 恐惧大街2：1978 / 恐惧街2：1978 / 110分钟
1303408,1924,Douban,34087,,,,9.4,福尔摩斯二世 Sherlock Jr.,,Comedy / Action / Romance,,,https://movie.douban.com/subject/1303408/,美国 / 喜剧 / 动作 / 爱情 / 小私家侦探 / 45分钟
25856453,2018,Douban,26113,,,,2.7,闺蜜2,,Comedy / Romance,,,https://movie.douban.com/subject/25856453/,中国香港 / 中国大陆 / 喜剧 / 爱情 / 闺蜜2：无二不作 / 闺蜜2：单挑越南黑帮 / 109分钟
4133814,2010,Douban,154460,,,,7.4,线人 綫人,,Action / Drama / Thriller,,,https://movie.douban.com/subject/4133814/,中国香港 / 中国大陆 / 动作 / 剧情 / 惊悚 / 证人2之线人 / Beast Stalker 2: Informant / 113分钟
26420932,2017,Douban,56597,,,,7.0,巴霍巴利王2：终结 Baahubali 2: The Conclusion,,Drama / Action / Fantasy,,,https://movie.douban.com/subject/26420932/,印度 / 剧情 / 动作 / 奇幻 / 巴霍巴利王(下) / 巴霍巴利王(下)：终结 / 167分钟
26352445,2016,Douban,76276,,,,6.0,反贪风暴2 S風暴,,Drama / Crime,,,https://movie.douban.com/subject/26352445/,中国大陆 / 中国香港 / 剧情 / 犯罪 / Z风暴2 / S Storm / 95分钟
1781126,2007,Douban,223244,,,,7.5,十二宫 Zodiac,,Drama / Biography / Crime / Mystery / Thriller,,,https://movie.douban.com/subject/1781126/,美国 / 剧情 / 传记 / 犯罪 / 悬疑 / 惊悚 / 索命黄道带(台) / 杀谜藏(港) / 157分钟
1859053,2006,Douban,4563,,,,7.6,2:37,,Drama,,,https://movie.douban.com/subject/1859053/,澳大利亚 / 剧情 / 2h37 / Two Thirty 7 / 99分钟
1298744,1995,Douban,255831,,,,8.2,十二猴子 Twelve Monkeys,,Sci-Fi / Mystery / Thriller,,,https://movie.douban.com/subject/1298744/,美国 / 科幻 / 悬疑 / 惊悚 / 未来总动员(台) / 12猴子 / 129分钟
10567361,1994,Douban,13655,,,,7.1,灭门惨案2：借种 滅門慘案II借種,,Crime / Thriller / Eroticism,,,https://movie.douban.com/subject/10567361/,中国香港 / 犯罪 / 惊悚 / 情色 / 灭门惨案II之借种 / Daughter of Darkness 2 / 97分钟
36125249,2023,Douban,4356,,,,7.4,借口公司2 Alibi.com 2,,Comedy,,,https://movie.douban.com/subject/36125249/,法国 / 喜剧 / 伪证公司2 / 88分钟
1417847,1994,Douban,6304,,,,8.2,二嫫,,Drama,,,https://movie.douban.com/subject/1417847/,中国大陆 / 中国香港 / 剧情 / Ermo / 98分钟
30196805,2019,Douban,106985,,,,5.8,两只老虎,,Drama / Comedy,,,https://movie.douban.com/subject/30196805/,中国大陆 / 剧情 / 喜剧 / Two Tigers / 96分钟
4889554,2012,Douban,206773,,,,7.3,暮光之城4：破晓(下) The Twilight Saga: Breaking Dawn - Part 2,,Drama / Romance / Thriller / Fantasy / Adventure,,,https://movie.douban.com/subject/4889554/,美国 / 剧情 / 爱情 / 惊悚 / 奇幻 / 冒险 / 暮色4：破晓(下) / 吸血新世纪4：破晓传奇下集(港) / 115分钟
2257732,2009,Douban,191654,,,,7.2,博物馆奇妙夜2 Night at the Museum: Battle of the Smithsonian,,Comedy / Action / Fantasy / Adventure,,,https://movie.douban.com/subject/2257732/,美国 / 加拿大 / 喜剧 / 动作 / 奇幻 / 冒险 / 翻生侏罗馆2(港) / 博物馆惊魂夜2(台) / 105分钟
1294495,1988,Douban,3139,,,,6.4,偷月情 Two Moon Junction,,Drama / Romance,,,https://movie.douban.com/subject/1294495/,美国 / 剧情 / 爱情 / 激情交叉点 / 104分钟
20451118,2013,Douban,16115,,,,7.1,致命录像带2 V/H/S/2,,Thriller / Horror,,,https://movie.douban.com/subject/20451118/,美国 / 加拿大 / 印度尼西亚 / 惊悚 / 恐怖 / 恐怖录像带2 / S-VHS / 96分钟
25778483,2015,Douban,34366,,,,5.0,消失的凶手,,Action / Crime / Mystery,,,https://movie.douban.com/subject/25778483/,中国大陆 / 中国香港 / 动作 / 犯罪 / 悬疑 / 消失的子弹2 / The Vanished Murderer / 120分钟
35311473,2021,Douban,7596,,,,6.8,孤狼之血2 孤狼の血 LEVEL2,,Drama / Crime,,,https://movie.douban.com/subject/35311473/,日本 / 剧情 / 犯罪 / 凶犬之眼 / 139分钟
36403252,2025,Douban,4150,,,,6.8,辣妈辣妹2 Freakier Friday,,Comedy / Fantasy / Family,,,https://movie.douban.com/subject/36403252/,美国 / 喜剧 / 奇幻 / 家庭 / 衰鬼妈咪2(港) / Freaky Friday 2 / 110分钟
1986338,2007,Douban,89606,,,,7.3,歌舞青春2 High School Musical 2,,Drama / Comedy / Family,,,https://movie.douban.com/subject/1986338/,美国 / 剧情 / 喜剧 / 家庭 / 高校音乐剧2 / High School Musical 2: Sing It All or Nothing! / 104分钟
1298574,1990,Douban,15422,,,,7.1,机器战警2 Robocop 2,,Action / Crime / Sci-Fi / Thriller,,,https://movie.douban.com/subject/1298574/,美国 / 动作 / 犯罪 / 科幻 / 惊悚 / 机械战警2 / 铁甲威龙2 / 82分钟
1302054,1996,Douban,54746,,,,8.0,金枝玉叶2 金枝玉葉2,,Comedy / Homosexual,,,https://movie.douban.com/subject/1302054/,"中国香港 / 喜剧 / 同性 / Who's the Woman, Who's the Man / 110分钟"
36207284,2024,Douban,35188,,,,4.3,传说,,Drama / Action / Fantasy / Adventure,,,https://movie.douban.com/subject/36207284/,中国大陆 / 中国香港 / 剧情 / 动作 / 奇幻 / 冒险 / 神话2 / A Legend / 129分钟
1297003,2003,Douban,50425,,,,6.7,霹雳娇娃2 Charlie's Angels: Full Throttle,,Action / Adventure,,,https://movie.douban.com/subject/1297003/,美国 / 动作 / 冒险 / 霹雳娇娃：全速进攻 / 神探俏娇娃2：指环密令 / 106分钟
1292864,1982,Douban,34691,,,,7.7,初吻2 La boum 2,,Comedy / Romance,,,https://movie.douban.com/subject/1292864/,法国 / 喜剧 / 爱情 / 第二次接触 / Ready for Love II / 109分钟
2997134,2010,Douban,118312,,,,6.8,创：战纪 Tron: Legacy,,Action / Sci-Fi / Adventure,,,https://movie.douban.com/subject/2997134/,美国 / 印度 / 英国 / 墨西哥 / 日本 / 加拿大 / 动作 / 科幻 / 冒险 / 创：光速战记(台) / 电子世界争霸战2 / 125分钟
1482102,2006,Douban,18723,,,,6.4,咒怨2(美版) The Grudge 2,,Mystery / Horror,,,https://movie.douban.com/subject/1482102/,美国 / 悬疑 / 恐怖 / 咒怨2 / 不死咒怨2 / 102分钟
5286821,2012,Douban,47012,,,,7.8,极恶非道2 アウトレイジ ビヨンド,,Action / Crime,,,https://movie.douban.com/subject/5286821/,日本 / 动作 / 犯罪 / 全员恶人完结(港) / アウトレイジ 2 / 112分钟
26627736,2018,Douban,47855,,,,6.6,边境杀手2：边境战士 Sicario: Day of the Soldado,,Drama / Action / Crime,,,https://movie.douban.com/subject/26627736/,美国 / 意大利 / 剧情 / 动作 / 犯罪 / 怒火边界2：毒刑者(台) / 毒裁者2：无法无天(港) / 122分钟
36208094,2024,Douban,796691,,,,7.5,第二十条,,Drama / Comedy / Family,,,https://movie.douban.com/subject/36208094/,中国大陆 / 剧情 / 喜剧 / 家庭 / 正当防卫 / Article 20 / 141分钟
34913671,2020,Douban,99429,,,,7.1,哆啦A梦：伴我同行2 STAND BY ME ドラえもん2,,Drama / Animation,,,https://movie.douban.com/subject/34913671/,日本 / 剧情 / 动画 / 与我同行的哆啦A梦2 / 机器猫：伴我同行2 / 96分钟
1915393,2006,Douban,32226,,,,6.4,娜娜2 NANA 2,,Drama / Romance,,,https://movie.douban.com/subject/1915393/,日本 / 剧情 / 爱情 / 娜娜Nana 2：与你有约 / 娜娜2 / 130分钟
1293878,1980,Douban,11948,,,,7.0,超人2 Superman II,,Action / Sci-Fi,,,https://movie.douban.com/subject/1293878/,美国 / 英国 / 动作 / 科幻 / 超人续集 / 超人2 / 127分钟
26863060,2019,Douban,49596,,,,6.9,愤怒的小鸟2 The Angry Birds Movie 2,,Comedy / Animation / Adventure,,,https://movie.douban.com/subject/26863060/,芬兰 / 美国 / 喜剧 / 动画 / 冒险 / 愤怒鸟大电影2(港) / 愤怒鸟玩电影2(台) / 96分钟
3642843,2013,Douban,224695,,,,8.0,星际迷航2：暗黑无界 Star Trek Into Darkness,,Action / Sci-Fi / Adventure,,,https://movie.douban.com/subject/3642843/,美国 / 动作 / 科幻 / 冒险 / 星际迷航12：驶入黑暗 / 星际旅行12：进入黑暗 / 132分钟
26905469,2018,Douban,46682,,,,3.2,金蝉脱壳2：冥府 Escape Plan 2: Hades,,Action / Thriller,,,https://movie.douban.com/subject/26905469/,美国 / 中国大陆 / 动作 / 惊悚 / 逃亡大計2(港) / 钢铁坟墓2(台) / 93分钟
1866475,2008,Douban,251402,,,,7.1,无敌浩克 The Incredible Hulk,,Action / Sci-Fi / Thriller,,,https://movie.douban.com/subject/1866475/,美国 / 动作 / 科幻 / 惊悚 / 新变形侠医(港) / 神奇绿巨人 / 112分钟
4798707,2012,Douban,99273,,,,8.6,爱 Amour,,Drama / Romance,,,https://movie.douban.com/subject/4798707/,法国 / 德国 / 奥地利 / 剧情 / 爱情 / 爱?慕(台) / 他们俩 / 127分钟
35240117,2023,Douban,93353,,,,6.0,草木人间,,Drama,,,https://movie.douban.com/subject/35240117/,中国大陆 / 剧情 / 钱塘茶人 / 卷二钱塘 / 118分钟
26322792,2016,Douban,260583,,,,6.4,北京遇上西雅图之不二情书,,Comedy / Romance,,,https://movie.douban.com/subject/26322792/,中国大陆 / 中国香港 / 喜剧 / 爱情 / 北京遇上西雅图2 / Finding Mr. Right 2 / 131分钟
26798437,2016,Douban,52048,,,,8.0,深夜食堂2 続深夜食堂,,Drama,,,https://movie.douban.com/subject/26798437/,日本 / 剧情 / 深夜食堂电影版2 / Midnight Diner 2 / 108分钟
24875534,2014,Douban,404711,,,,8.4,十二公民,,Drama,,,https://movie.douban.com/subject/24875534/,中国大陆 / 剧情 / 12公民 / 十二个中国人 / 106分钟
1873750,2008,Douban,65565,,,,6.9,地狱男爵2：黄金军团 Hellboy 2: The Golden Army,,Action / Adventure / Fantasy,,,https://movie.douban.com/subject/1873750/,美国 / 动作 / 冒险 / 奇幻 / 烈焰奇侠：黄金军团 / 地狱怪客2：金甲军团(台) / 120分钟
35660191,2022,Douban,7438,,,,5.7,坏种2 The Bad Seed Returns,,Drama / Thriller / Horror,,,https://movie.douban.com/subject/35660191/,美国 / 加拿大 / 剧情 / 惊悚 / 恐怖 / 坏种2：回归 / 88分钟
36245685,2024,Douban,42202,,,,6.9,错过你的那些年 青春18×2 君へと続く道,,Drama / Romance,,,https://movie.douban.com/subject/36245685/,中国台湾 / 日本 / 剧情 / 爱情 / 青春18×2 通往有你的旅程 / 青春18×2 日本慢车流浪记 / 124分钟
33454900,2020,Douban,15829,,,,6.0,之后2 After We Collided,,Romance,,,https://movie.douban.com/subject/33454900/,美国 / 爱情 / After 2 / 105分钟
1299120,1987,Douban,84153,,,,7.9,A计划续集 A計劃續集,,Action / Comedy / Crime,,,https://movie.douban.com/subject/1299120/,中国香港 / 动作 / 喜剧 / 犯罪 / Project A II / Project A 2 / 106分钟
30172442,2018,Douban,1035,,,,5.8,出轨的女人2  2,,Drama / Eroticism,,,https://movie.douban.com/subject/30172442/,韩国 / 剧情 / 情色 / 放荡的女人2 / 71分钟
35902364,2022,Douban,903,,,,8.7,马里乌波尔 - Ⅱ Mariupolis 2,,Documentary,,,https://movie.douban.com/subject/35902364/,德国 / 法国 / 立陶宛 / 纪录片 / 战火浮城Ⅱ / 112分钟
2078989,2007,Douban,49202,,,,8.4,"四月三周两天 4 luni, 3 sptmani i 2 zile",,Drama,,,https://movie.douban.com/subject/2078989/,罗马尼亚 / 剧情 / 4月3周2日：堕胎日记(港) / 4月3周又2天(台) / 113分钟
27050259,2018,Douban,29156,,,,6.9,妈妈咪呀2 Mamma Mia! Here We Go Again,,Comedy / Romance / Musical,,,https://movie.douban.com/subject/27050259/,英国 / 美国 / 喜剧 / 爱情 / 歌舞 / 妈妈咪呀！2 / 妈妈咪呀！回来了(台) / 114分钟
1308232,2003,Douban,60109,,,,6.5,新扎师妹2 新紮師妹2,,Comedy,,,https://movie.douban.com/subject/1308232/,中国香港 / 喜剧 / 新扎师妹2美丽任务 / Love Undercover 2: Love Mission / 100分钟
22266750,2015,Douban,7114,,,,5.9,险恶2 Sinister 2,,Horror,,,https://movie.douban.com/subject/22266750/,美国 / 恐怖 / 邪灵2(港) / 凶兆2：双疯(台) / 97分钟
25774362,2024,Douban,12825,,,,6.5,怪奇大法师 Beetlejuice Beetlejuice,,Comedy / Fantasy / Horror,,,https://movie.douban.com/subject/25774362/,美国 / 法国 / 喜剧 / 奇幻 / 恐怖 / 阴间大法师2 / 哗鬼家族Beetlejuice(港) / 105分钟
1422204,1991,Douban,9575,,,,6.3,困惑的浪漫2 Nekromantik 2,,Horror,,,https://movie.douban.com/subject/1422204/,德国 / 恐怖 / 残酷的浪漫2 / 104分钟
14321432,2012,Douban,9674,,,,6.1,墓地邂逅2 Grave Encounters 2,,Horror,,,https://movie.douban.com/subject/14321432/,加拿大 / 美国 / 恐怖 / 遇见亡灵2 / 100分钟
7046723,2014,Douban,328758,,,,7.7,猩球崛起2：黎明之战 Dawn of the Planet of the Apes,,Drama / Action / Sci-Fi,,,https://movie.douban.com/subject/7046723/,美国 / 剧情 / 动作 / 科幻 / 猿人争霸战：猩凶崛起(港) / 猩球崛起：黎明的进击(台) / 130分钟
27003543,2018,Douban,128452,,,,7.6,与神同行2：因与缘 -,,Action / Fantasy,,,https://movie.douban.com/subject/27003543/,韩国 / 动作 / 奇幻 / 与神同行：终极审判(港) / 与神同行：最终审判(台) / 142分钟
26287884,2016,Douban,81302,,,,7.4,魔弦传说 Kubo and the Two Strings,,Animation / Fantasy / Adventure,,,https://movie.douban.com/subject/26287884/,美国 / 动画 / 奇幻 / 冒险 / 久保与二弦琴 / 酷宝：魔弦传说(台) / 102分钟
26644205,2017,Douban,59241,,,,6.9,安娜贝尔2：诞生 Annabelle: Creation,,Mystery / Thriller / Horror,,,https://movie.douban.com/subject/26644205/,美国 / 悬疑 / 惊悚 / 恐怖 / 安娜贝尔：造孽(台) / 诡娃安娜贝尔：造孽(港) / 109分钟
26928198,2017,Douban,21157,,,,6.5,红衣小女孩2 紅衣小女孩2,,Thriller / Horror,,,https://movie.douban.com/subject/26928198/,中国台湾 / 惊悚 / 恐怖 / Hong yi xiao nu hai 2 / The Tag-Along 2 / 108分钟
1866462,2005,Douban,41387,,,,7.5,恶魔的艺术2：邪降,,Fantasy / Horror,,,https://movie.douban.com/subject/1866462/,泰国 / 奇幻 / 恐怖 / 邪降：恶魔的艺术 / Long khong / 100分钟
1857099,2007,Douban,352590,,,,8.4,老无所依 No Country for Old Men,,Crime / Drama / Thriller,,,https://movie.douban.com/subject/1857099/,美国 / 犯罪 / 剧情 / 惊悚 / 2百万夺命奇案(港) / 险路勿近(台) / 122分钟
7065417,2013,Douban,55808,,,,7.4,天降美食2 Cloudy with a Chance of Meatballs 2,,Comedy / Animation / Fantasy,,,https://movie.douban.com/subject/7065417/,美国 / 喜剧 / 动画 / 奇幻 / 美食风球2(港) / 食破天惊2(台) / 95分钟
3213250,2011,Douban,17180,,,,5.8,贱女孩2 Mean Girls 2,,Comedy,,,https://movie.douban.com/subject/3213250/,美国 / 喜剧 / 辣妹过招2 / 坏女孩2 / 96分钟
1304560,1987,Douban,24660,,,,7.7,二子开店,,Drama / Comedy,,,https://movie.douban.com/subject/1304560/,中国大陆 / 剧情 / 喜剧 / 天生我材必有用系列之二 / Erzi kai dian / 100分钟
10441571,2013,Douban,15127,,,,6.7,朋友2 2,,Action,,,https://movie.douban.com/subject/10441571/,韩国 / 动作 / Friend : The Great Legacy / 124分钟
1299711,2003,Douban,33692,,,,5.3,大逃杀2：镇魂歌 バトルロワイアルII 【鎮魂歌】,,Action / Drama / Thriller,,,https://movie.douban.com/subject/1299711/,日本 / 动作 / 剧情 / 惊悚 / Battle Royale 2: Revenge / 134分钟
1422920,2006,Douban,77249,,,,7.4,黑夜传说2：进化 Underworld: Evolution,,Action / Fantasy / Thriller,,,https://movie.douban.com/subject/1422920/,美国 / 加拿大 / 动作 / 奇幻 / 惊悚 / 妖夜寻狼之魔间叛徒(港) / 决战异世界2(台) / 106分钟
35744460,2023,Douban,13181,,,,7.2,金牌保镖,,Action / Mystery,,,https://movie.douban.com/subject/35744460/,中国大陆 / 动作 / 悬疑 / 《非常保镖》第二部 / 113分钟
25884801,2017,Douban,379110,,,,7.1,记忆大师,,Mystery / Thriller,,,https://movie.douban.com/subject/25884801/,中国大陆 / 悬疑 / 惊悚 / 记忆战 / 催眠大师2 / 119分钟
26848504,2017,Douban,38385,,,,8.4,家族之苦2 家族はつらいよ2,,Comedy / Family,,,https://movie.douban.com/subject/26848504/,日本 / 喜剧 / 家庭 / 嫲烦家族2(港) / 家族真命苦2(台) / 113分钟
36283000,2023,Douban,107897,,,,9.3,进击的巨人 最终季 完结篇 后篇 進撃の巨人 The Final Season 完結編（後編）,,Action / Animation / Fantasy,,,https://movie.douban.com/subject/36283000/,"日本 / 动作 / 动画 / 奇幻 / Attack on Titan: The Final Season, The Final Chapters - Part 2 / 85分钟"
36217796,2025,Douban,19575,,,,6.6,梅根2.0 M3GAN 2.0,,Action / Sci-Fi / Thriller / Horror,,,https://movie.douban.com/subject/36217796/,美国 / 新西兰 / 加拿大 / 动作 / 科幻 / 惊悚 / 恐怖 / 梅根2 / 人工杀姬2.0(港) / 120分钟
34456114,2024,Douban,7213,,,,6.6,外星+人2 + 2,,Action / Sci-Fi / Fantasy,,,https://movie.douban.com/subject/34456114/,韩国 / 动作 / 科幻 / 奇幻 / 祖宗胶战外星人2(港) / 外星+人2：回到未来(台) / 122分钟
1779689,2006,Douban,12575,,,,5.7,透明人2 Hollow Man II,,Action / Horror / Sci-Fi / Thriller,,,https://movie.douban.com/subject/1779689/,美国 / 动作 / 恐怖 / 科幻 / 惊悚 / Hollow Man 2 / 透明人2 / 91分钟
4811813,2016,Douban,125687,,,,5.7,独立日2：卷土重来 Independence Day: Resurgence,,Action / Sci-Fi / Adventure,,,https://movie.douban.com/subject/4811813/,美国 / 动作 / 科幻 / 冒险 / 独立日2 / 天煞-地球反击战2(港) / 120分钟
22508259,2014,Douban,17790,,,,6.2,恶老板2 Horrible Bosses 2,,Comedy,,,https://movie.douban.com/subject/22508259/,美国 / 喜剧 / 老板不是人2(台) / 呢班波士仲抵死！(港) / 108分钟
1473074,1996,Douban,117777,,,,7.7,古惑仔2之猛龙过江 古惑仔2之猛龍過江,,Action / Drama,,,https://movie.douban.com/subject/1473074/,中国香港 / 动作 / 剧情 / 英雄赤女(台) / Young and Dangerous 2 / 101分钟
1304677,1999,Douban,130937,,,,7.0,千王之王2000,,Comedy,,,https://movie.douban.com/subject/1304677/,中国香港 / 喜剧 / The Tricky Master / 91分钟
11524967,2016,Douban,146862,,,,7.7,海底总动员2：多莉去哪儿 Finding Dory,,Comedy / Animation / Adventure,,,https://movie.douban.com/subject/11524967/,美国 / 喜剧 / 动画 / 冒险 / 海底总动员2：寻找多莉 / 寻找多莉 / 97分钟
1471508,2008,Douban,5764,,,,7.6,切·格瓦拉传：游击队 Che: Part Two,,Drama / Biography / History / War,,,https://movie.douban.com/subject/1471508/,西班牙 / 法国 / 美国 / 剧情 / 传记 / 历史 / 战争 / 切·格瓦拉传(下) / 切：39岁的告别信(台) / 135分钟
1299767,1987,Douban,7044,,,,7.4,鬼作秀2 Creepshow 2,,Fantasy / Horror,,,https://movie.douban.com/subject/1299767/,美国 / 奇幻 / 恐怖 / 午夜鬼出笼 / 恐怖的故事 / 92分钟
26673282,2020,Douban,52132,,,,3.8,冷血狂宴,,Animation / Fantasy,,,https://movie.douban.com/subject/26673282/,中国大陆 / 动画 / 奇幻 / 爵迹2 / 爵迹Ⅱ / 129分钟
1467923,2006,Douban,7942,,,,8.3,小鹿斑比2 Bambi 2,,Family / Animation,,,https://movie.douban.com/subject/1467923/,美国 / 家庭 / 动画 / 小鹿班比2 / 72分钟
26859935,2016,Douban,3227,,,,5.9,妈妈的朋友2 2,,Drama / Romance,,,https://movie.douban.com/subject/26859935/,韩国 / 剧情 / 爱情 / Mom's Friend 2 / 92分钟
36149032,2024,Douban,283988,,,,8.0,我们一起摇太阳,,Drama / Romance / Family,,,https://movie.douban.com/subject/36149032/,中国大陆 / 中国香港 / 剧情 / 爱情 / 家庭 / 人间喜事 / 人生大事2 / 129分钟
30216729,2021,Douban,32450,,,,6.4,王牌保镖2 The Hitman's Wife's Bodyguard,,Comedy / Action / Crime,,,https://movie.douban.com/subject/30216729/,美国 / 英国 / 喜剧 / 动作 / 犯罪 / 杀手妻子的保镖 / 保镖救杀手2(港) / 116分钟
26759539,2017,Douban,110382,,,,7.3,十万个冷笑话2,,Comedy / Animation / Fantasy,,,https://movie.douban.com/subject/26759539/,中国大陆 / 喜剧 / 动画 / 奇幻 / 十冷2 / One Hundred Thousand Bad Jokes II / 101分钟
4079119,2011,Douban,22161,,,,6.5,杀戮都市2 GANTZ PERFECT ANSWER,,Action / Sci-Fi,,,https://movie.douban.com/subject/4079119/,"日本 / 动作 / 科幻 / Gantz, Part II: Perfect Answer / 141分钟"
30147789,2025,Douban,4070,,,,5.7,绝密战境 Den of Thieves 2,,Action / Crime / Thriller,,,https://movie.douban.com/subject/30147789/,美国 / 加拿大 / 西班牙 / 动作 / 犯罪 / 惊悚 / 贼斗2(港) / 极盗战2(台) / 144分钟
3606973,2012,Douban,90380,,,,6.4,地心历险记2：神秘岛 Journey 2: The Mysterious Island,,Action / Sci-Fi / Adventure,,,https://movie.douban.com/subject/3606973/,美国 / 动作 / 科幻 / 冒险 / 地心冒险2：神秘岛(台) / 地心探险记2：世外秘岛(港) / 94分钟
1433602,1995,Douban,19874,,,,6.2,赌圣2：街头赌圣 賭聖2街頭賭聖,,Comedy,,,https://movie.douban.com/subject/1433602/,中国香港 / 喜剧 / 小小赌圣(台) / 赌圣2之街头赌圣 / 98分钟
1297242,1978,Douban,7247,,,,6.3,大白鲨2 Jaws 2,,Thriller / Adventure / Horror,,,https://movie.douban.com/subject/1297242/,美国 / 惊悚 / 冒险 / 恐怖 / 大白鲨2 / 大白鲨续集 / 116分钟
1329962,2005,Douban,68338,,,,6.7,早熟,,Drama / Romance,,,https://movie.douban.com/subject/1329962/,中国香港 / 剧情 / 爱情 / 2 Young / 107分钟
37342627,2025,Douban,1121,,,,5.6,夺命网红2 Influencers,,Mystery / Thriller / Horror,,,https://movie.douban.com/subject/37342627/,美国 / 悬疑 / 惊悚 / 恐怖 / 夺命网红2 / Influencer 2 / 110分钟
36464391,2024,Douban,8797,,,,5.0,月球叛军2：烙印之人 Rebel Moon - Part Two: The Scargiver,,Drama / Action / Sci-Fi / Fantasy / Adventure,,,https://movie.douban.com/subject/36464391/,美国 / 剧情 / 动作 / 科幻 / 奇幻 / 冒险 / 月球叛军2 / Rebel Moon 2 / 123分钟
10744833,2012,Douban,26408,,,,4.9,喜爱夜蒲2 喜愛夜蒲2,,Drama / Eroticism,,,https://movie.douban.com/subject/10744833/,中国香港 / 剧情 / 情色 / Lan Kwai Fong 2 / 99分钟
1296720,1989,Douban,6925,,,,6.3,变蝇人2 The Fly II,,Horror / Sci-Fi,,,https://movie.douban.com/subject/1296720/,美国 / 恐怖 / 科幻 / 变蝇人2 / 魔蛹 / 105分钟
1296528,1980,Douban,117984,,,,8.4,星球大战2：帝国反击战 Star Wars: Episode V - The Empire Strikes Back,,Action / Adventure / Sci-Fi,,,https://movie.douban.com/subject/1296528/,美国 / 动作 / 冒险 / 科幻 / 星球大战第五集：帝国反击战 / 星际大战五部曲：帝国大反击 / 124分钟
21618782,2013,Douban,11180,,,,4.0,笔仙Ⅱ,,Mystery / Thriller,,,https://movie.douban.com/subject/21618782/,中国大陆 / 悬疑 / 惊悚 / 笔仙2 / Bunshinsaba 2 / 94分钟
1302235,1956,Douban,45972,,,,8.4,茜茜公主2 Sissi - Die junge Kaiserin,,Drama / History / Romance,,,https://movie.douban.com/subject/1302235/,奥地利 / 剧情 / 历史 / 爱情 / 茜茜公主2：年轻的皇后 / 茜茜——年轻的皇后 / 107分钟
25881786,2015,Douban,118808,,,,5.2,前任2：备胎反击战,,Comedy / Romance,,,https://movie.douban.com/subject/25881786/,中国大陆 / 中国香港 / 喜剧 / 爱情 / 前任2备胎反击战 / 现任攻略 / 114分钟
1951175,2008,Douban,10998,,,,6.4,拳霸2 Ong bak 2,,Action,,,https://movie.douban.com/subject/1951175/,泰国 / 动作 / 盗佛线2 / 拳霸2 / 98分钟
27621189,2019,Douban,6481,,,,5.6,二凤 Hai Phng,,Drama / Action,,,https://movie.douban.com/subject/27621189/,越南 / 剧情 / 动作 / 怒拳妈妈(港) / 怒火(台) / 98分钟
27056396,2021,Douban,20577,,,,7.1,宝贝老板2 The Boss Baby: Family Business,,Comedy / Animation,,,https://movie.douban.com/subject/27056396/,美国 / 喜剧 / 动画 / 宝贝老板2：家族企业 / 宝贝老板：家大业大(台) / 107分钟
34429100,2019,Douban,17701,,,,8.6,音乐 音楽,,Animation / Music,,,https://movie.douban.com/subject/34429100/,日本 / 动画 / 音乐 / 摇滚吧！中二乐团 / ONGAKU: Our Sound / 71分钟
1295753,1927,Douban,20193,,,,8.7,日出 Sunrise: A Song of Two Humans,,Drama / Romance,,,https://movie.douban.com/subject/1295753/,美国 / 剧情 / 爱情 / 日出：两个人的爱情之歌 / Sunrise / 94分钟
1302410,1979,Douban,2428,,,,7.0,生人回避 Zombi 2,,Horror,,,https://movie.douban.com/subject/1302410/,意大利 / 恐怖 / Zombie / Zombie Flesh Eaters / 91分钟
1294564,1993,Douban,23235,,,,6.5,白发魔女2 白髮魔女2,,Action / Fantasy / Romance,,,https://movie.douban.com/subject/1294564/,中国香港 / 动作 / 奇幻 / 爱情 / 白发魔女传2 / The Bride with White Hair 2 / 80分钟
36713574,2024,Douban,2836,,,,6.9,第二幕 Le Deuxième Acte,,Comedy,,,https://movie.douban.com/subject/36713574/,法国 / 喜剧 / Second Act / 敬我们美丽的职业 / 80分钟
35936401,2023,Douban,17322,,,,6.4,东北告别天团2,,Drama / Comedy,,,https://movie.douban.com/subject/35936401/,中国大陆 / 剧情 / 喜剧 / Goodbye 2 / 103分钟
1306935,2002,Douban,5127,,,,5.1,黑侠2,,Action / Drama / Sci-Fi,,,https://movie.douban.com/subject/1306935/,中国香港 / 美国 / 动作 / 剧情 / 科幻 / Black Mask II / Black Mask 2: City of Masks / 102分钟
1867332,2007,Douban,52100,,,,6.7,冒牌天神2 Evan Almighty,,Comedy / Family / Fantasy,,,https://movie.douban.com/subject/1867332/,美国 / 喜剧 / 家庭 / 奇幻 / 嚟多件衰鬼上帝(港) / 王牌天神2(台) / 96分钟
35512485,2025,Douban,5289,,,,4.7,永生守卫2 The Old Guard 2,,Action / Fantasy / Thriller / Adventure,,,https://movie.douban.com/subject/35512485/,美国 / 动作 / 奇幻 / 惊悚 / 冒险 / 不死军团2(港/台) / 老卫兵 / 105分钟
1293475,1992,Douban,158609,,,,8.3,黄飞鸿之二：男儿当自强 黃飛鴻之二男兒當自強,,Drama / Action / Romance / Chinese swordplay / Costume,,,https://movie.douban.com/subject/1293475/,中国香港 / 剧情 / 动作 / 爱情 / 武侠 / 古装 / 黄飞鸿2 / 黄飞鸿之男儿当自强 / 107分钟
4859384,1993,Douban,11397,,,,6.7,香港奇案之强奸 香港奇案之強姦,,Crime / Eroticism,,,https://movie.douban.com/subject/4859384/,中国香港 / 犯罪 / 情色 / 赤裸羔羊2：性追缉令 / Raped By An Angel / 98分钟
26753426,2016,Douban,880,,,,5.6,A片现场不NG2 メイクルーム2,,Comedy / Eroticism,,,https://movie.douban.com/subject/26753426/,日本 / 喜剧 / 情色 / Make-up Room 2 / 88分钟
30479644,2020,Douban,26307,,,,5.9,铁雨2：首脑峰会 2:,,Thriller,,,https://movie.douban.com/subject/30479644/,韩国 / 惊悚 / 铁雨2：首脑会谈 / 钢铁雨2：核战危机(港) / 132分钟
1981335,2007,Douban,9458,,,,7.4,巴黎两日情 2 Days in Paris,,Comedy / Drama / Romance,,,https://movie.douban.com/subject/1981335/,法国 / 德国 / 喜剧 / 剧情 / 爱情 / 巴黎两日游 / 巴黎爱漫游 / 96分钟
35708612,2023,Douban,6515,,,,7.4,辣妹刺客2 ベイビーわるきゅーれ 2ベイビー,,Drama / Action,,,https://movie.douban.com/subject/35708612/,日本 / 剧情 / 动作 / 辣妹刺客：夺命双煞(台) / 宝宝刺客2 / 101分钟
4319234,2016,Douban,8097,,,,4.8,超级名模2 Zoolander 2,,Comedy,,,https://movie.douban.com/subject/4319234/,美国 / 意大利 / 喜剧 / 名模大间谍2(台) / 非常索凸务2(港) / 102分钟
26220731,2015,Douban,81262,,,,8.5,熊出没之雪岭熊风,,Comedy / Animation / Adventure / Family,,,https://movie.douban.com/subject/26220731/,中国大陆 / 喜剧 / 动画 / 冒险 / 家庭 / 熊出没大电影2 / Boonie Bears: Mystical Winter / 96分钟
36712210,2025,Douban,1052,,,,5.1,玩具熊的五夜惊魂2 Five Nights at Freddy's 2,,Sci-Fi / Thriller / Horror,,,https://movie.douban.com/subject/36712210/,美国 / 科幻 / 惊悚 / 恐怖 / 玩具熊的五夜后宫2 / 104分钟
1309209,2005,Douban,41080,,,,6.7,极限特工2 xXx: State of the Union,,Action / Crime / Adventure / Thriller,,,https://movie.douban.com/subject/1309209/,美国 / 动作 / 犯罪 / 冒险 / 惊悚 / 3X之特种叛变(港) / 限制级战警2：极限公国(台) / 101分钟
1295877,2000,Douban,13793,,,,8.1,二楼传来的歌声 Snger frn andra vningen,,Comedy / Drama,,,https://movie.douban.com/subject/1295877/,丹麦 / 挪威 / 瑞典 / 喜剧 / 剧情 / Sanger fran andra vaningen / Songs from the Second Floor / 98分钟
35617081,2023,Douban,12431,,,,5.7,奇门遁甲2,,Drama / Action / Horror,,,https://movie.douban.com/subject/35617081/,中国大陆 / 剧情 / 动作 / 恐怖 / 91分钟
25811357,2015,Douban,42912,,,,6.7,冲锋车 衝鋒車,,Comedy / Crime,,,https://movie.douban.com/subject/25811357/,中国香港 / 中国大陆 / 喜剧 / 犯罪 / Two Thumbs Up / 102分钟
2123440,1970,Douban,21963,,,,9.4,人生七年2 7 Plus Seven,,Biography / Documentary,,,https://movie.douban.com/subject/2123440/,英国 / 传记 / 纪录片 / 人生七载之当我十四岁 / 14岁起 / 52分钟
10573695,2012,Douban,69818,,,,5.9,太极2：英雄崛起,,Comedy / Action / Fantasy / Chinese swordplay / Costume,,,https://movie.douban.com/subject/10573695/,中国大陆 / 喜剧 / 动作 / 奇幻 / 武侠 / 古装 / 太极2 / 太极之英雄崛起 / 103分钟
36823534,2024,Douban,3528,,,,5.8,鬼滴语2  2,,Horror,,,https://movie.douban.com/subject/36823534/,泰国 / 恐怖 / 鬼声泣2(台) / Tee Yod 2 / 110分钟
1294019,1991,Douban,47387,,,,7.9,监狱风云2：逃犯 監獄風雲II逃犯,,Drama / Action / Crime,,,https://movie.douban.com/subject/1294019/,中国香港 / 剧情 / 动作 / 犯罪 / 监狱风云2 / Prison on Fire II / 113分钟
35131427,2020,Douban,11496,,,,6.0,馗降：粽邪2,,Horror,,,https://movie.douban.com/subject/35131427/,中国台湾 / 恐怖 / The Rope Curse 2 / 105分钟
27030639,2017,Douban,28068,,,,8.6,啊，荒野 后篇 あゝ、荒野 後篇,,Drama,,,https://movie.douban.com/subject/27030639/,"日本 / 剧情 / Ah, Wilderness : Part Two / 147分钟"
1306802,2002,Douban,49112,,,,7.3,精灵鼠小弟2 Stuart Little 2,,Comedy / Family / Fantasy / Adventure,,,https://movie.douban.com/subject/1306802/,美国 / 喜剧 / 家庭 / 奇幻 / 冒险 / 一家之鼠2 / 一家之鼠超力仔2 / 77分钟
26681634,2015,Douban,1622,,,,4.8,新建文件夹2 2,,Drama / Comedy,,,https://movie.douban.com/subject/26681634/,韩国 / 剧情 / 喜剧 / New Folder 2 / 88分钟
4301181,2013,Douban,113131,,,,6.6,特种部队2：全面反击 G.I. Joe: Retaliation,,Action / Sci-Fi,,,https://movie.douban.com/subject/4301181/,美国 / 动作 / 科幻 / 义勇群英：毒蛇反击战(港) / 特种部队2：正面对决(台) / 107分钟
26797419,2017,Douban,162912,,,,5.4,二代妖精之今生有幸,,Comedy / Romance / Fantasy,,,https://movie.douban.com/subject/26797419/,中国大陆 / 喜剧 / 爱情 / 奇幻 / 二代妖精 / 一代妖精 / 110分钟
24870066,2013,Douban,24848,,,,6.5,我唾弃你的坟墓2 I Spit on Your Grave 2,,Thriller / Horror,,,https://movie.douban.com/subject/24870066/,美国 / 惊悚 / 恐怖 / 106分钟
35753435,2022,Douban,6438,,,,6.5,撒旦的奴隶2 Pengabdi Setan 2: Communion,,Drama / Mystery / Horror,,,https://movie.douban.com/subject/35753435/,印度尼西亚 / 剧情 / 悬疑 / 恐怖 / Satan’s Slaves 2: Communion / 鬼搖靈2 ：陰語陣陣 / 119分钟
26416341,2015,Douban,3638,,,,4.9,美景之屋2    2,,Romance / Eroticism,,,https://movie.douban.com/subject/26416341/,韩国 / 爱情 / 情色 / House With A Good View 2 / 89分钟
25757186,2016,Douban,110689,,,,6.3,伦敦陷落 London Has Fallen,,Action / Crime / Thriller,,,https://movie.douban.com/subject/25757186/,英国 / 美国 / 保加利亚 / 动作 / 犯罪 / 惊悚 / 白宫沦陷2：伦敦沦陷(港) / 全面攻占2：伦敦救援(台) / 98分钟
10535568,2013,Douban,281791,,,,8.4,阿黛尔的生活 La Vie d'Adèle,,Drama / Romance / Homosexual,,,https://movie.douban.com/subject/10535568/,法国 / 比利时 / 西班牙 / 剧情 / 爱情 / 同性 / 接近无限温暖的蓝(港) / 蓝色是最温暖的颜色(台) / 179分钟
25794212,2015,Douban,80499,,,,6.1,分歧者2：绝地反击 Insurgent,,Action / Sci-Fi / Adventure,,,https://movie.douban.com/subject/25794212/,美国 / 动作 / 科幻 / 冒险 / 叛乱者·强权终结(港) / 分歧者2：叛乱者(台) / 119分钟
1299957,1985,Douban,8336,,,,6.3,猛鬼街2 A Nightmare on Elm Street 2: Freddy's Revenge,,Thriller / Horror,,,https://movie.douban.com/subject/1299957/,美国 / 惊悚 / 恐怖 / 猛鬼街续集 / 弗莱迪的复仇 / 87分钟
6963575,2011,Douban,22434,,,,4.0,青春失乐园,,Drama / Comedy / Musical,,,https://movie.douban.com/subject/6963575/,中国大陆 / 剧情 / 喜剧 / 歌舞 / 青春期2 / Pubescence 2 / 110分钟
30464908,2020,Douban,7963,,,,6.3,亲吻亭2 The Kissing Booth 2,,Comedy / Romance,,,https://movie.douban.com/subject/30464908/,英国 / 美国 / 喜剧 / 爱情 / 亲亲小站 2(港/台) / 恋与接吻亭2 / 130分钟
26642543,2015,Douban,6011,,,,7.4,临时保姆2 Babysitting 2,,Comedy,,,https://movie.douban.com/subject/26642543/,法国 / 喜剧 / 93分钟
1302753,1991,Douban,94160,,,,7.9,飞鹰计划 飛鷹計劃,,Comedy / Action / Adventure,,,https://movie.douban.com/subject/1302753/,中国香港 / 喜剧 / 动作 / 冒险 / 上帝武装2 / Armour of God II: Operation Condor / 106分钟
1299900,1993,Douban,82078,,,,8.8,亚当斯一家的价值观 Addams Family Values,,Comedy / Family / Fantasy / Thriller,,,https://movie.douban.com/subject/1299900/,美国 / 喜剧 / 家庭 / 奇幻 / 惊悚 / 阿达一族2 / 爱登士家庭2 / 94分钟
26290642,2016,Douban,181449,,,,4.4,致青春·原来你还在这里,,Drama / Romance,,,https://movie.douban.com/subject/26290642/,中国大陆 / 剧情 / 爱情 / 致青春2 / 原来你还在这里 / 98分钟
1449328,1993,Douban,9465,,,,9.0,机动警察剧场版2 機動警察パトレイバー 2,,Animation / Drama / Mystery / Sci-Fi / Thriller,,,https://movie.douban.com/subject/1449328/,日本 / 动画 / 剧情 / 悬疑 / 科幻 / 惊悚 / 机动警察2：和平保卫战 / 机动警察电影版2：和平保卫战 / 113分钟
3238076,2009,Douban,19511,,,,7.1,处刑人2 The Boondock Saints II: All Saints Day,,Action / Crime / Drama / Thriller,,,https://movie.douban.com/subject/3238076/,美国 / 动作 / 犯罪 / 剧情 / 惊悚 / 另类圣徒2 / 义行者2 / 118分钟
22759752,2013,Douban,25997,,,,6.8,李碧华鬼魅系列：奇幻夜 李碧華鬼魅系列：奇幻夜,,Horror,,,https://movie.douban.com/subject/22759752/,中国香港 / 恐怖 / 奇幻夜 / Tales From The Dark: Part 2 / 88分钟
1306403,1986,Douban,43194,,,,7.6,僵尸家族 殭屍家族,,Comedy / Mystery,,,https://movie.douban.com/subject/1306403/,中国香港 / 喜剧 / 悬疑 / 僵尸先生2 / 僵尸先生2：僵尸家族 / 90分钟
1780428,1987,Douban,13085,,,,7.8,省港旗兵2：兵分两路 省港旗兵續集,,Action / Crime,,,https://movie.douban.com/subject/1780428/,中国香港 / 动作 / 犯罪 / Long Arm of the Law: Part 2 / 省港旗兵2 / 88分钟
1305108,2003,Douban,3639,,,,7.2,二弟,,Drama,,,https://movie.douban.com/subject/1305108/,中国香港 / 中国大陆 / 剧情 / Drifters / 120分钟
2338070,2017,Douban,8362,,,,5.7,绝命时钟2:22 2:22,,Romance / Thriller,,,https://movie.douban.com/subject/2338070/,美国 / 澳大利亚 / 爱情 / 惊悚 / 98分钟
30213339,2021,Douban,46106,,,,6.9,比得兔2：逃跑计划 Peter Rabbit 2: The Runaway,,Comedy / Animation / Adventure,,,https://movie.douban.com/subject/30213339/,澳大利亚 / 印度 / 美国 / 英国 / 加拿大 / 喜剧 / 动画 / 冒险 / 比得兔2：走佬日记(港) / 比得兔兔(台) / 94分钟
25774051,2015,Douban,56984,,,,7.1,寄生兽：完结篇 寄生獣 完結編,,Drama / Action / Sci-Fi / Horror,,,https://movie.douban.com/subject/25774051/,日本 / 剧情 / 动作 / 科幻 / 恐怖 / 寄生兽(下) / Kiseij?: Part 2 / 117分钟
1578502,2007,Douban,42402,,,,6.0,异形大战铁血战士2 AVPR: Aliens vs. Predator – Requiem,,Action / Sci-Fi / Thriller,,,https://movie.douban.com/subject/1578502/,美国 / 动作 / 科幻 / 惊悚 / 异形大战铁血战士：安魂曲 / 异兽战2(港) / 94分钟
1293733,1985,Douban,2620,,,,7.8,一个Z和两个O A Zed & Two Noughts,,Drama / Comedy,,,https://movie.douban.com/subject/1293733/,英国 / 荷兰 / 剧情 / 喜剧 / 动物园 / 一个Z和两个0 / 115分钟
6870493,2013,Douban,30434,,,,6.7,蓝精灵2 The Smurfs 2,,Comedy / Animation / Fantasy,,,https://movie.douban.com/subject/6870493/,美国 / 喜剧 / 动画 / 奇幻 / 蓝色小精灵2(台) / 105分钟
6221409,2012,Douban,33263,,,,3.5,河东狮吼2,,Comedy / Action / Romance,,,https://movie.douban.com/subject/6221409/,中国大陆 / 中国香港 / 喜剧 / 动作 / 爱情 / The Lion Roars 2 / 102分钟
1941234,1995,Douban,892,,,,6.0,风骚俏佳人2 オールナイトロング2,,Drama / Horror / Mystery / Thriller,,,https://movie.douban.com/subject/1941234/,日本 / 剧情 / 恐怖 / 悬疑 / 惊悚 / All Night Long 2: Atrocity / 风骚俏佳人2 / 68分钟
6529847,2013,Douban,9302,,,,5.9,冬荫功2：拳霸天下  2,,Action / Crime,,,https://movie.douban.com/subject/6529847/,泰国 / 动作 / 犯罪 / 拳霸：冬荫功2 / 拳霸4：勇者无惧 / 99分钟
26236632,2014,Douban,82626,,,,9.5,三十二,,Documentary,,,https://movie.douban.com/subject/26236632/,中国大陆 / 纪录片 / 三十二：中国幸存“慰安妇”生存现状 / Thirty Two / 43分钟
2133413,2009,Douban,21618,,,,7.0,粉红豹2 The Pink Panther 2,,Adventure / Comedy / Crime / Mystery,,,https://movie.douban.com/subject/2133413/,美国 / 冒险 / 喜剧 / 犯罪 / 悬疑 / 粉红豹：2有恶豹 / 粉红豹2 / 92分钟
1293702,1997,Douban,171554,,,,7.6,侏罗纪公园2：失落的世界 The Lost World: Jurassic Park,,Action / Adventure / Sci-Fi / Thriller,,,https://movie.douban.com/subject/1293702/,美国 / 动作 / 冒险 / 科幻 / 惊悚 / 失落的世界：侏罗纪公园 / 迷失世界 / 129分钟
24713882,2015,Douban,25602,,,,6.8,完美音调2 Pitch Perfect 2,,Comedy / Music,,,https://movie.douban.com/subject/24713882/,美国 / 喜剧 / 音乐 / 歌喉赞2(台) / 完美巨声帮2(港) / 115分钟
26360518,2016,Douban,6074,,,,7.8,二次旅程 Retake,,Drama / Romance / Homosexual,,,https://movie.douban.com/subject/26360518/,美国 / 剧情 / 爱情 / 同性 / 重拍 / 98分钟
1309222,2005,Douban,14812,,,,6.6,鬼来电2 着信アリ2,,Horror / Mystery,,,https://movie.douban.com/subject/1309222/,日本 / 恐怖 / 悬疑 / 鬼来电2 / 致命短信2 / 105分钟
1308046,2003,Douban,7723,,,,6.5,惊心食人族2 Jeepers Creepers 2,,Horror / Thriller,,,https://movie.douban.com/subject/1308046/,美国 / 恐怖 / 惊悚 / 惊心食人族2 / 毛骨悚然：鬼擋路（台） / 104分钟
35464873,2022,Douban,20850,,,,4.7,365天：今时之欲 365 Days: This Day,,Eroticism,,,https://movie.douban.com/subject/35464873/,波兰 / 情色 / 黑帮大佬和我的365日2 / 112分钟
1890558,2006,Douban,7787,,,,6.2,大丈夫2,,Comedy / Drama,,,https://movie.douban.com/subject/1890558/,中国香港 / 喜剧 / 剧情 / Men Suddenly in Black 2
26012321,2016,Douban,16592,,,,3.8,我的新野蛮女友   2,,Comedy / Romance,,,https://movie.douban.com/subject/26012321/,韩国 / 中国大陆 / 喜剧 / 爱情 / My New Sassy Girl / 新野蛮女友 / 107分钟
30293828,2018,Douban,11187,,,,4.0,中国合伙人2,,Drama,,,https://movie.douban.com/subject/30293828/,中国大陆 / 剧情 / Fighting Men of China / 123分钟
24858573,2014,Douban,19573,,,,4.8,3D豪情,,Comedy / Eroticism,,,https://movie.douban.com/subject/24858573/,中国香港 / 喜剧 / 情色 / 豪情2 / 3D Naked Ambition / 106分钟
27120369,2017,Douban,12336,,,,8.8,嘎嘎：五尺二寸 GAGA: Five Foot Two,,Biography / Documentary / Music,,,https://movie.douban.com/subject/27120369/,美国 / 传记 / 纪录片 / 音乐 / 女神嘎嘎：五尺二寸 / 100分钟
26377674,2016,Douban,9727,,,,7.2,二重生活,,Drama,,,https://movie.douban.com/subject/26377674/,日本 / 剧情 / Double Life / 126分钟
3626364,2011,Douban,32601,,,,7.3,快乐的大脚2 Happy Feet Two,,Comedy / Animation / Musical / Family,,,https://movie.douban.com/subject/3626364/,澳大利亚 / 美国 / 喜剧 / 动画 / 歌舞 / 家庭 / 3D 踢哒小企鹅2(港) / 快乐脚2(台) / 100分钟
4285992,2022,Douban,6800,,,,6.1,魔法奇缘2 Disenchanted,,Comedy / Romance / Animation / Fantasy / Adventure / Musical,,,https://movie.douban.com/subject/4285992/,美国 / 喜剧 / 爱情 / 动画 / 奇幻 / 冒险 / 歌舞 / 魔法奇缘2：解除魔法 / 魔法奇缘2：再见魔法(港) / 119分钟
1308190,1998,Douban,5921,,,,5.7,强奸2：制服诱惑 強姦2制服誘惑,,Crime / Eroticism,,,https://movie.douban.com/subject/1308190/,中国香港 / 犯罪 / 情色 / Raped by an Angel 2: The Uniform Fan / 89分钟
36566255,2025,Douban,919,,,,4.7,山怪巨魔2 Troll 2,,Drama / Action / Fantasy / Thriller / Adventure,,,https://movie.douban.com/subject/36566255/,挪威 / 剧情 / 动作 / 奇幻 / 惊悚 / 冒险 / 102分钟
1793671,2006,Douban,9028,,,,7.3,疯狂店员2 Clerks II,,Comedy,,,https://movie.douban.com/subject/1793671/,美国 / 喜剧 / 疯狂店员2：店员的激情 / 店员受难记 / 97分钟
26323031,2017,Douban,86430,,,,5.8,五十度黑 Fifty Shades Darker,,Drama / Romance / Eroticism,,,https://movie.douban.com/subject/26323031/,美国 / 剧情 / 爱情 / 情色 / 格雷的五十道色戒2(港) / 格雷的五十道阴影：束缚(台) / 118分钟
4082101,2010,Douban,65847,,,,7.9,喜羊羊与灰太狼之虎虎生威,,Children / Animation,,,https://movie.douban.com/subject/4082101/,中国大陆 / 儿童 / 动画 / 喜羊羊与灰太狼2之虎胆羊威(港) / 喜羊羊与灰太狼2：虎虎生威 / 89分钟
1295858,1993,Douban,19765,,,,7.2,现代豪侠传 現代豪俠傳,,Action / Sci-Fi,,,https://movie.douban.com/subject/1295858/,中国香港 / 动作 / 科幻 / 东方三侠2 / 蓬莱之战 / 101分钟
1296770,1993,Douban,23477,,,,7.4,修女也疯狂2 Sister Act 2: Back in the Habit,,Comedy / Music,,,https://movie.douban.com/subject/1296770/,美国 / 喜剧 / 音乐 / Apáca show 2. - újra virul a fityula / Cambio de hábito 2 / 107分钟
35810236,2023,Douban,5093,,,,6.8,不日成婚2,,Comedy / Romance,,,https://movie.douban.com/subject/35810236/,中国香港 / 喜剧 / 爱情 / Ready or Rot / Ready O/R Rot / 124分钟
36001073,2023,Douban,6212,,,,5.8,女鬼桥2：怨鬼楼 女鬼橋2：怨鬼樓,,Mystery / Thriller / Horror,,,https://movie.douban.com/subject/36001073/,中国台湾 / 悬疑 / 惊悚 / 恐怖 / The Bridge Curse: Ritual / 101分钟
1309097,2005,Douban,5032,,,,6.5,千尸屋2 The Devil's Rejects,,Crime / Horror / Thriller,,,https://movie.douban.com/subject/1309097/,美国 / 德国 / 犯罪 / 恐怖 / 惊悚 / 尸骨如山2 / 千尸屋2 / 107分钟
21937442,2013,Douban,10974,,,,6.2,恐怖故事2   2,,Horror,,,https://movie.douban.com/subject/21937442/,韩国 / 恐怖 / Horror Stories II / 96分钟
26985839,2020,Douban,16502,,,,6.4,魔发精灵2 Trolls World Tour,,Animation / Fantasy / Adventure / Musical,,,https://movie.douban.com/subject/26985839/,美国 / 动画 / 奇幻 / 冒险 / 歌舞 / 魔发精灵：世界之旅 / 魔发精灵：唱游大世界(港) / 90分钟
1437678,2005,Douban,11599,,,,6.9,花与蛇2：巴黎/静子 花と蛇2 パリ/静子,,Eroticism,,,https://movie.douban.com/subject/1437678/,日本 / 情色 / 花与蛇2：巴黎静子 / Flower and Snake 2: Paris/Shizuko / 113分钟
1438746,1999,Douban,8137,,,,8.5,相约星期二 Tuesdays with Morrie,,Drama / Biography,,,https://movie.douban.com/subject/1438746/,美国 / 剧情 / 传记 / 最后14堂星期二的课(台) / 与莫瑞共度星期二 / 89分钟
30128985,2019,Douban,120919,,,,5.8,勇敢者游戏2：再战巅峰 Jumanji: The Next Level,,Comedy / Action / Fantasy / Adventure,,,https://movie.douban.com/subject/30128985/,美国 / 喜剧 / 动作 / 奇幻 / 冒险 / 逃出魔幻纪：霸气升呢(港) / 野蛮游戏：全面晋级(台) / 122分钟
1293798,1990,Douban,10156,,,,6.8,鬼娃回魂2 Child's Play 2,,Horror / Thriller,,,https://movie.douban.com/subject/1293798/,美国 / 恐怖 / 惊悚 / 灵异入侵2 / 异灵七杀 / 84分钟
36530235,2024,Douban,20453,,,,5.4,还是觉得你最好2 飯戲攻心2,,Comedy / Romance,,,https://movie.douban.com/subject/36530235/,中国香港 / 中国大陆 / 喜剧 / 爱情 / 饭戏攻心2 / Table for Six 2 / 133分钟
1578555,1980,Douban,3122,,,,7.7,二百三高地 二百三髙地,,Drama / History / War,,,https://movie.douban.com/subject/1578555/,日本 / 剧情 / 历史 / 战争 / 203高地 / 尔灵山 / 185分钟
1418859,2005,Douban,5528,,,,5.6,梦精记2  2,,Comedy,,,https://movie.douban.com/subject/1418859/,韩国 / 喜剧 / 芳心朵朵开(台) / 美少女爱作战 / 101分钟
1424632,1964,Douban,6338,,,,7.8,舞台姐妹,,Drama,,,https://movie.douban.com/subject/1424632/,中国大陆 / 剧情 / Two Stage Sisters / 114分钟
11541282,2015,Douban,11432,,,,5.9,魔力麦克2 Magic Mike XXL,,Drama / Comedy / Music,,,https://movie.douban.com/subject/11541282/,美国 / 剧情 / 喜剧 / 音乐 / 巨揪舞壮士(港) / 舞力麦克：尺度极限XXL(台) / 115分钟
1305309,1993,Douban,12479,,,,7.6,反斗神鹰2 Hot Shots! Part Deux,,Comedy / Action,,,https://movie.douban.com/subject/1305309/,美国 / 喜剧 / 动作 / 机飞总动员2 / 反斗神鹰续集 / 86分钟
6519403,2011,Douban,7417,,,,6.2,隔离区2：终点站 Quarantine 2: Terminal,,Sci-Fi / Mystery / Thriller / Horror,,,https://movie.douban.com/subject/6519403/,美国 / 科幻 / 悬疑 / 惊悚 / 恐怖 / 隔离区2：终端 / 隔离区2：航站 / 86分钟
1298152,1997,Douban,15246,,,,6.6,阴阳路2：我在你左右,,Comedy / Horror / Thriller,,,https://movie.douban.com/subject/1298152/,中国香港 / 喜剧 / 恐怖 / 惊悚 / 阴阳路2：我在你左右 / Troublesome Night 2 / 96分钟
25955779,2016,Douban,92109,,,,6.6,忍者神龟2：破影而出 Teenage Mutant Ninja Turtles: Out of the Shadows,,Comedy / Action / Sci-Fi / Adventure,,,https://movie.douban.com/subject/25955779/,美国 / 中国香港 / 中国大陆 / 加拿大 / 丹麦 / 德国 / 英国 / 喜剧 / 动作 / 科幻 / 冒险 / 忍者龟：魅影突击(港) / 忍者龟：破影而出(台) / 113分钟
1422205,1990,Douban,3951,,,,6.8,活跳尸2 Bride of Re-Animator,,Comedy / Horror / Sci-Fi,,,https://movie.douban.com/subject/1422205/,美国 / 喜剧 / 恐怖 / 科幻 / 活跳尸续集 / 幽灵人种2 / 96分钟
1307990,2003,Douban,11107,,,,6.4,龙潭虎穴 Cradle 2 the Grave,,Action / Crime / Drama / Thriller,,,https://movie.douban.com/subject/1307990/,美国 / 动作 / 犯罪 / 剧情 / 惊悚 / 同盗一击 / 致命摇篮 / 101分钟
1370276,2005,Douban,35695,,,,7.0,勇敢者的游戏2：太空飞行棋 Zathura: A Space Adventure,,Action / Fantasy / Adventure,,,https://movie.douban.com/subject/1370276/,美国 / 动作 / 奇幻 / 冒险 / 勇敢者的游戏2：迷走星球 / 勇敢者游戏2 / 113分钟
35083986,2022,Douban,16624,,,,5.7,刺猬索尼克2 Sonic the Hedgehog 2,,Comedy / Action / Sci-Fi / Animation / Adventure,,,https://movie.douban.com/subject/35083986/,美国 / 日本 / 喜剧 / 动作 / 科幻 / 动画 / 冒险 / 超音鼠大电影2(港) / 音速小子2(台) / 122分钟
26437223,2018,Douban,32517,,,,6.9,22英里 Mile 22,,Action / Crime / Adventure,,,https://movie.douban.com/subject/26437223/,美国 / 动作 / 犯罪 / 冒险 / 拳力逃脱(台) / 绝地22哩(港) / 94分钟
3044491,1995,Douban,1435,,,,4.8,血恋2 血戀II,,Crime,,,https://movie.douban.com/subject/3044491/,中国香港 / 犯罪 / Trilogy of Lust II / Triglogy of Lust 2 / 88分钟
26642033,2022,Douban,178838,,,,7.2,小黄人大眼萌：神偷奶爸前传 Minions: The Rise of Gru,,Comedy / Sci-Fi / Crime / Animation / Adventure,,,https://movie.douban.com/subject/26642033/,美国 / 喜剧 / 科幻 / 犯罪 / 动画 / 冒险 / 小黄人大眼萌2：格鲁的崛起 / 小黄人2：格鲁的崛起 / 87分钟
3071461,2009,Douban,36912,,,,7.2,鼠来宝2：明星俱乐部 Alvin and the Chipmunks: The Squeakquel,,Animation / Comedy / Family / Fantasy / Music,,,https://movie.douban.com/subject/3071461/,美国 / 动画 / 喜剧 / 家庭 / 奇幻 / 音乐 / 鼠来宝2(台) / 花鼠明星俱乐部2(港) / 88分钟
1308965,2000,Douban,5190,,,,8.2,为你钟情2 If These Walls Could Talk 2,,Drama / Romance / Homosexual,,,https://movie.douban.com/subject/1308965/,美国 / 剧情 / 爱情 / 同性 / 爱你钟情2 / 如果墙会说话2 / 96分钟
27031237,2019,Douban,30930,,,,6.5,玻璃先生 Glass,,Crime / Mystery / Thriller,,,https://movie.douban.com/subject/27031237/,美国 / 犯罪 / 悬疑 / 惊悚 / 异能仨(港) / 异裂(台) / 129分钟
4117274,2010,Douban,14656,,,,6.2,灵动：鬼影实录2 Paranormal Activity 2,,Thriller / Horror,,,https://movie.douban.com/subject/4117274/,美国 / 惊悚 / 恐怖 / 鬼入镜(台) / 午夜来吓(港) / 98分钟
1308379,2003,Douban,20167,,,,7.7,阴阳师2 陰陽師Ⅱ,,Action / Fantasy,,,https://movie.douban.com/subject/1308379/,日本 / 动作 / 奇幻 / 阴阳师2 / 112分钟
10546666,2014,Douban,27255,,,,6.9,龙虎少年队2 22 Jump Street,,Comedy / Action / Crime,,,https://movie.douban.com/subject/10546666/,美国 / 喜剧 / 动作 / 犯罪 / 龙虎少年队：童颜巨捕(台) / 囧探出更(港) / 112分钟
1301240,1990,Douban,6295,,,,6.9,洗黑钱 洗黑錢,,Action / Crime,,,https://movie.douban.com/subject/1301240/,中国香港 / 动作 / 犯罪 / 特警屠龙2 / Tiger Cage 2 / 95分钟
10577681,2013,Douban,11104,,,,6.5,长大成人2 Grown Ups 2,,Comedy,,,https://movie.douban.com/subject/10577681/,美国 / 喜剧 / 亚当等大人2(台) / 中坑同学会2(港) / 101分钟
1795628,2006,Douban,6328,,,,6.9,外出就餐2 Eating Out 2: Sloppy Seconds,,Comedy / Romance / Homosexual,,,https://movie.douban.com/subject/1795628/,美国 / 喜剧 / 爱情 / 同性 / 外出就餐2：调情前奏 / Eating Out 2: Different Rocks / 79分钟
2361826,2007,Douban,67638,,,,8.0,如月疑云 キサラギ,,Comedy / Mystery,,,https://movie.douban.com/subject/2361826/,日本 / 喜剧 / 悬疑 / 二月如月 / 如月 / 108分钟
2077776,2007,Douban,4618,,,,7.2,第二次爱情,,Drama,,,https://movie.douban.com/subject/2077776/,韩国 / 美国 / 剧情 / 不说永远 / Never Forever / 90分钟
1305096,1991,Douban,25954,,,,8.0,白头神探2：恐怖的气味 The Naked Gun 2: The Smell of Fear,,Comedy / Crime,,,https://movie.douban.com/subject/1305096/,美国 / 喜剧 / 犯罪 / 白头神探再显神威 / 白头神探2 / 85分钟
4173583,2010,Douban,33932,,,,4.0,唐伯虎点秋香2之四大才子,,Comedy / Costume,,,https://movie.douban.com/subject/4173583/,中国大陆 / 中国香港 / 喜剧 / 古装 / 唐伯虎点秋香2 / Flirting Scholar 2 / 102分钟
1293489,1967,Douban,6046,,,,8.0,丽人行 Two for the Road,,Drama / Comedy / Romance,,,https://movie.douban.com/subject/1293489/,英国 / 剧情 / 喜剧 / 爱情 / 丽人行 / 111分钟
26979065,2017,Douban,2070,,,,5.5,年轻的嫂子2   2,,Eroticism,,,https://movie.douban.com/subject/26979065/,韩国 / 情色 / A Young Sister-In-Law 2 / 82分钟
1301777,1999,Douban,17862,,,,8.8,幻想曲2000 Fantasia 2000,,Animation / Fantasy / Music,,,https://movie.douban.com/subject/1301777/,美国 / 动画 / 奇幻 / 音乐 / Fantasia/2000 / 74分钟
26746372,2018,Douban,1056,,,,5.6,善良妈妈的朋友2   2,,Eroticism,,,https://movie.douban.com/subject/26746372/,韩国 / 情色 / My Friend's Nice Mother 2 / 74分钟
1298561,1959,Douban,5843,,,,8.7,人间的条件(第一、二部) 人間の條件,,Drama / War,,,https://movie.douban.com/subject/1298561/,日本 / 剧情 / 战争 / 何以为人(第一、二部) / 做人的条件 / 208分钟
4212172,2012,Douban,392009,,,,6.8,十二生肖,,Comedy / Action / Adventure,,,https://movie.douban.com/subject/4212172/,中国大陆 / 中国香港 / 喜剧 / 动作 / 冒险 / 12生肖 / 生肖传说 / 122分钟
4917698,2011,Douban,39195,,,,6.4,硬汉2：奉陪到底,,Action / Romance,,,https://movie.douban.com/subject/4917698/,中国大陆 / 动作 / 爱情 / 硬汉之爱情保卫战 / 硬汉2：奉陪到底 / 86分钟
3077408,2011,Douban,74900,,,,6.0,灵魂战车2：复仇时刻 Ghost Rider: Spirit of Vengeance,,Action / Fantasy / Thriller,,,https://movie.douban.com/subject/3077408/,美国 / 阿联酋 / 动作 / 奇幻 / 惊悚 / 幽灵车神3D(港) / 3D恶灵战警:复仇时刻(台) / 95分钟
1297585,1983,Douban,10607,,,,8.6,两个人的车站 Вокзал для двоих,,Drama / Romance,,,https://movie.douban.com/subject/1297585/,苏联 / 剧情 / 爱情 / Vokzal dlya dvoikh / A Railway Station for Two / 141分钟
30301209,2018,Douban,359,,,,5.6,小姨子2   2,,,,,https://movie.douban.com/subject/30301209/,韩国 / Younger Sister-in-law 2 / 80分钟
1295402,1988,Douban,7455,,,,7.4,养鬼吃人2 Hellbound: Hellraiser II,,Drama / Horror / Thriller,,,https://movie.douban.com/subject/1295402/,英国 / 剧情 / 恐怖 / 惊悚 / 猛鬼追魂2 / 97分钟
6386345,2012,Douban,402915,,,,7.3,春娇与志明 春嬌與志明,,Drama / Comedy / Romance,,,https://movie.douban.com/subject/6386345/,中国香港 / 中国大陆 / 剧情 / 喜剧 / 爱情 / 志明与春娇2 / Love in The Buff / 111分钟
4926002,2010,Douban,51530,,,,5.6,举起手来2：追击阿多丸号,,Comedy,,,https://movie.douban.com/subject/4926002/,中国大陆 / 喜剧 / 举起手来（之二）：追击阿多丸 / Track Aduowan / 91分钟
26715798,2008,Douban,433,,,,5.4,电车魔女2 Tokyo Train Girls 2: Supervixen,,Drama / Romance / Eroticism,,,https://movie.douban.com/subject/26715798/,日本 / 剧情 / 爱情 / 情色 / 电车魔女2:吾妻之强奸实录
4051753,2011,Douban,237668,,,,7.7,大侦探福尔摩斯2：诡影游戏 Sherlock Holmes: A Game of Shadows,,Action / Crime / Mystery,,,https://movie.douban.com/subject/4051753/,美国 / 动作 / 犯罪 / 悬疑 / 神探福尔摩斯：诡影游戏(港) / 福尔摩斯：诡影游戏(台) / 129分钟
21441132,2016,Douban,200407,,,,7.1,爱丽丝梦游仙境2：镜中奇遇记 Alice Through the Looking Glass,,Fantasy / Adventure,,,https://movie.douban.com/subject/21441132/,美国 / 英国 / 奇幻 / 冒险 / 爱丽丝镜中奇遇记 / 爱丽丝梦游仙境2：穿越魔镜(港) / 115分钟
25789402,2016,Douban,39417,,,,5.9,侠探杰克：永不回头 Jack Reacher: Never Go Back,,Action / Crime,,,https://movie.douban.com/subject/25789402/,中国大陆 / 美国 / 动作 / 犯罪 / 烈探狙击2(港) / 神隐任务：永不回头(台) / 118分钟
25870084,2015,Douban,436664,,,,7.1,重返20岁,,Comedy / Romance / Fantasy,,,https://movie.douban.com/subject/25870084/,中国大陆 / 韩国 / 喜剧 / 爱情 / 奇幻 / 重返二十岁 / 奇怪的她中国版 / 131分钟
11803087,2017,Douban,306837,,,,7.4,异形：契约 Alien: Covenant,,Sci-Fi / Horror,,,https://movie.douban.com/subject/11803087/,美国 / 科幻 / 恐怖 / 异形：圣约(港/台) / 神奇异形在哪里(豆友译名) / 122分钟
1305915,1985,Douban,34080,,,,7.5,开心鬼放暑假 開心鬼放暑假,,Comedy / Fantasy,,,https://movie.douban.com/subject/1305915/,中国香港 / 喜剧 / 奇幻 / 开心鬼2 / Happy Ghost II / 96分钟
35853358,2023,Douban,3866,,,,7.2,偶滴神啊2 OMG 2,,Drama / Comedy,,,https://movie.douban.com/subject/35853358/,印度 / 剧情 / 喜剧 / 156分钟
2051452,2009,Douban,6154,,,,5.6,尸骨无存2 Cabin Fever 2: Spring Fever,,Horror / Thriller,,,https://movie.douban.com/subject/2051452/,美国 / 恐怖 / 惊悚 / 尸骨无存2 / 86分钟
25833233,2019,Douban,18800,,,,6.6,乐高大电影2 The Lego Movie 2: The Second Part,,Comedy / Animation / Adventure / Musical,,,https://movie.douban.com/subject/25833233/,美国 / 澳大利亚 / 挪威 / 丹麦 / 喜剧 / 动画 / 冒险 / 歌舞 / LEGO英雄传2(港) / 乐高玩电影2(台) / 106分钟
3569915,2010,Douban,14485,,,,6.2,二流警探 The Other Guys,,Action / Comedy / Crime,,,https://movie.douban.com/subject/3569915/,美国 / 动作 / 喜剧 / 犯罪 / 贱贱刑警 / B咖战警 / 107分钟
36810145,2025,Douban,3275,,,,5.3,黑白潜行2,,Action / Crime,,,https://movie.douban.com/subject/36810145/,中国大陆 / 动作 / 犯罪 / The Grey Men Ⅱ / 101分钟
1309023,2005,Douban,6906,,,,6.0,午夜凶铃2(美版) The Ring Two,,Mystery / Horror,,,https://movie.douban.com/subject/1309023/,美国 / 悬疑 / 恐怖 / 鬼迷刹玛莉(港) / 刹灵 / 110分钟
2977957,2016,Douban,78483,,,,6.9,科洛弗道10号 10 Cloverfield Lane,,Sci-Fi / Mystery / Thriller,,,https://movie.douban.com/subject/2977957/,美国 / 科幻 / 悬疑 / 惊悚 / 末世街10号(港) / 科洛弗10号地窖(台) / 103分钟
4708013,2010,Douban,6293,,,,5.7,鬼镜2 Mirrors 2,,Horror / Mystery / Thriller,,,https://movie.douban.com/subject/4708013/,美国 / 恐怖 / 悬疑 / 惊悚 / 凶镜2 / 鬼镜2 / 90分钟
11528245,2011,Douban,8432,,,,8.8,差馆Ⅱ,,Documentary,,,https://movie.douban.com/subject/11528245/,中国大陆 / 纪录片 / 差馆2 / Cop Shop 2 / 70分钟
1776803,1991,Douban,4330,,,,6.6,表姐，你好嘢！2 表姐，妳好嘢！續集,,Action / Comedy,,,https://movie.douban.com/subject/1776803/,中国香港 / 动作 / 喜剧 / 表姐，你好野！续集 / Her Fatal Ways II / 97分钟
25931245,2014,Douban,7468,,,,6.9,人狼游戏2：野兽阵营 人狼ゲーム ビーストサイド,,Thriller,,,https://movie.douban.com/subject/25931245/,日本 / 惊悚 / 人狼游戏：野兽的侧面 / Jinr? Game: the Beast Side / 112分钟
1292977,1995,Douban,21613,,,,7.2,神探飞机头2 Ace Ventura: When Nature Calls,,Action / Adventure / Comedy / Mystery,,,https://movie.douban.com/subject/1292977/,美国 / 动作 / 冒险 / 喜剧 / 悬疑 / 宠物侦探Ⅱ / 王牌威龙2：非洲大疯狂 / 90分钟
34854919,2023,Douban,8138,,,,5.9,谋杀疑案2 Murder Mystery 2,,Comedy / Action / Romance / Crime / Mystery,,,https://movie.douban.com/subject/34854919/,美国 / 喜剧 / 动作 / 爱情 / 犯罪 / 悬疑 / 猜猜猜谁是凶手2(港) / 夺命鸳殃2(台) / 89分钟
35184151,2021,Douban,11031,,,,7.5,杀手寓言 第二章 ザファブル 殺さない殺し屋,,Comedy / Action,,,https://movie.douban.com/subject/35184151/,日本 / 喜剧 / 动作 / 杀手寓言2 杀不死的杀手 / 杀手寓言：杀手不杀人(台) / 132分钟
1308174,1997,Douban,11061,,,,7.8,初缠恋后的2人世界 初纏戀後的2人世界,,Drama / Romance,,,https://movie.douban.com/subject/1308174/,中国香港 / 剧情 / 爱情 / 初缠恋后之两人世界 / First Love: The Litter on the Breeze / 96分钟
1292963,1928,Douban,6960,,,,8.6,"船长二世 Steamboat Bill, Jr.",,Drama / Comedy / Action / Romance / Family,,,https://movie.douban.com/subject/1292963/,美国 / 剧情 / 喜剧 / 动作 / 爱情 / 家庭 / 小比尔号汽船 / 船长二世 / 70分钟
21624974,2014,Douban,25113,,,,7.6,"两天一夜 Deux jours, une nuit",,Drama,,,https://movie.douban.com/subject/21624974/,"比利时 / 意大利 / 法国 / 剧情 / 公投饭票(港) / Two Days, One Night / 95分钟"
1585236,2008,Douban,99581,,,,7.1,纳尼亚传奇2：凯斯宾王子 The Chronicles of Narnia: Prince Caspian,,Action / Fantasy / Adventure,,,https://movie.douban.com/subject/1585236/,美国 / 波兰 / 斯洛文尼亚 / 捷克 / 动作 / 奇幻 / 冒险 / 魔幻王国：卡斯柏王子(港) / 纳尼亚传奇：贾思潘王子(台) / 150分钟
1303944,1990,Douban,20849,,,,7.6,鬼咬鬼,,Action / Horror / Comedy,,,https://movie.douban.com/subject/1303944/,中国香港 / 动作 / 恐怖 / 喜剧 / Encounter of the Spooky Kind II / Spooky Encounters 2 / 94分钟
21323275,2014,Douban,2362,,,,6.8,第二扇窗 2つ目の窓,,Drama,,,https://movie.douban.com/subject/21323275/,日本 / 西班牙 / 法国 / 剧情 / Futatsume no mado / Still the Water / 118分钟
1298708,1995,Douban,4600,,,,6.9,潜龙轰天2 Under Siege 2: Dark Territory,,Action / Thriller,,,https://movie.douban.com/subject/1298708/,美国 / 动作 / 惊悚 / 暴走潜龙2：黑暗领地 / 绝处逢生2 / 100分钟
26611891,2018,Douban,12209,,,,6.7,欢乐满人间2 Mary Poppins Returns,,Comedy / Musical / Family,,,https://movie.douban.com/subject/26611891/,美国 / 喜剧 / 歌舞 / 家庭 / 魔法保姆(港) / 爱·满人间(台) / 130分钟
6124043,2011,Douban,18334,,,,6.7,赌博默示录2 カイジ2 人生奪回ゲーム,,Drama,,,https://movie.douban.com/subject/6124043/,日本 / 剧情 / 赌博默示录2：人生夺回游戏 / 开司2：人生夺回游戏 / 133分钟
2083944,2008,Douban,55675,,,,7.4,牛仔裤的夏天2 The Sisterhood of the Traveling Pants 2,,Comedy / Drama / Romance,,,https://movie.douban.com/subject/2083944/,美国 / 喜剧 / 剧情 / 爱情 / 仔裤少女情2 / 魔裤好姐妹2 / 119分钟
11639245,1997,Douban,4903,,,,6.5,蜜桃成熟时1997 蜜桃成熟時1997,,Drama / Comedy / Eroticism,,,https://movie.douban.com/subject/11639245/,中国香港 / 剧情 / 喜剧 / 情色 / The Fruit Is Swelling / Fruit is Ripe 2 / 90分钟
33391799,2019,Douban,467,,,,5.9,我妈妈的朋友2    2,,Eroticism,,,https://movie.douban.com/subject/33391799/,韩国 / 情色 / My Mother’s Friend 2 / 87分钟
25828541,2014,Douban,2798,,,,4.2,鲨卷风2 Sharknado 2: The Second One,,Comedy / Sci-Fi / Horror,,,https://movie.douban.com/subject/25828541/,美国 / 喜剧 / 科幻 / 恐怖 / 你是风儿我是鲨·纽约篇(豆友译名) / 95分钟
2300450,2008,Douban,45505,,,,7.3,舞出我人生2：街舞 Step Up 2: The Streets,,Drama / Music / Romance,,,https://movie.douban.com/subject/2300450/,美国 / 剧情 / 音乐 / 爱情 / 舞出真我2 / 舞法舞天2 / 98分钟
24845115,2014,Douban,73029,,,,8.1,浪客剑心：京都大火篇 るろうに剣心 京都大火編,,Action / Costume,,,https://movie.douban.com/subject/24845115/,日本 / 动作 / 古装 / 神剑闯江湖2：京都大火篇(台) / 浪客剑心2： 京都大火篇 / 138分钟
10733558,2012,Douban,32643,,,,6.2,想爱就爱2 Yes or no 2,,Drama / Romance,,,https://movie.douban.com/subject/10733558/,"泰国 / 剧情 / 爱情 / 是否敢爱2 / Not Love, Don't Block the Heart / 105分钟"
27031060,2018,Douban,9363,,,,6.7,侦探2 :,,Comedy / Crime,,,https://movie.douban.com/subject/27031060/,韩国 / 喜剧 / 犯罪 / 妙探事务所(台) / 侦探：回归 / 116分钟
24699451,2014,Douban,4257,,,,6.3,26种新死法 The ABCs of Death 2,,Comedy / Horror,,,https://movie.douban.com/subject/24699451/,美国 / 新西兰 / 加拿大 / 以色列 / 日本 / 喜剧 / 恐怖 / 26种死法2 / ABCs of Death 2 / 122分钟
25929966,2014,Douban,776,,,,6.1,狂暴2：资本的惩罚 Rampage: Capital Punishment,,Action / Crime / Thriller,,,https://movie.douban.com/subject/25929966/,加拿大 / 德国 / 动作 / 犯罪 / 惊悚 / 狂暴2 / Rampage 2 / 92分钟
1437775,1988,Douban,5473,,,,7.8,春桃,,Drama,,,https://movie.douban.com/subject/1437775/,中国大陆 / 剧情 / Chuntao - A Woman For Two / Chun Tao - A Woman For Two / 93分钟
1827042,2007,Douban,25462,,,,7.4,伊丽莎白2：黄金时代 Elizabeth: The Golden Age,,Drama / Biography / History / War,,,https://movie.douban.com/subject/1827042/,英国 / 法国 / 德国 / 美国 / 剧情 / 传记 / 历史 / 战争 / 传奇女王伊利沙伯：黄金盛世(港) / 伊莉莎白：辉煌年代(台) / 114分钟
1300964,1967,Douban,4428,,,,7.5,我略知她一二 2 ou 3 choses que je sais d'elle,,Comedy / Drama,,,https://movie.douban.com/subject/1300964/,法国 / 喜剧 / 剧情 / Two or Three Things I Know About Her / 我知道的关于她的两三件事 / 87分钟
25709273,2014,Douban,56479,,,,5.6,痞子英雄2：黎明升起 痞子英雄2：黎明再起,,Drama / Action / Crime,,,https://movie.douban.com/subject/25709273/,中国大陆 / 中国台湾 / 中国香港 / 剧情 / 动作 / 犯罪 / 痞子英雄2 / 痞子英雄电影版2 / 126分钟
3671986,2010,Douban,42487,,,,7.7,魔法保姆麦克菲2 Nanny McPhee Returns,,Comedy / Family / Fantasy,,,https://movie.douban.com/subject/3671986/,英国 / 法国 / 美国 / 喜剧 / 家庭 / 奇幻 / 魔法保姆2 / 魔法保姆麦克菲和大碰撞 / 109分钟
1308987,2004,Douban,36386,,,,7.1,拜见岳父大人2 Meet the Fockers,,Comedy / Romance,,,https://movie.douban.com/subject/1308987/,美国 / 喜剧 / 爱情 / 非常外父生擒霍老爷(港) / 门当父不对2：亲家路窄(台) / 115分钟
26759819,2019,Douban,36107,,,,7.6,命运之夜——天之杯Ⅱ：迷失之蝶 劇場版 Fate/stay night [Heaven's Feel] II. lost butterfly,,Drama / Animation / Fantasy,,,https://movie.douban.com/subject/26759819/,日本 / 剧情 / 动画 / 奇幻 / 命运之夜 天之杯 第二章 / 命运之夜——天之杯2：迷途之蝶 / 117分钟
1294877,1966,Douban,2421,,,,7.9,第二生命 Seconds,,Sci-Fi / Thriller / Mystery / Drama,,,https://movie.douban.com/subject/1294877/,美国 / 科幻 / 惊悚 / 悬疑 / 剧情 / 脱胎换骨 / 106分钟
35679718,2023,Douban,5447,,,,4.9,扎职2：江湖陌路 紮職2,,Action / Crime,,,https://movie.douban.com/subject/35679718/,中国香港 / 动作 / 犯罪 / 扎职2 / Triad 2 / 96分钟
1293648,1998,Douban,5567,,,,7.9,小猪宝贝2：小猪进城 Babe: Pig in the City,,Comedy / Fantasy / Adventure,,,https://movie.douban.com/subject/1293648/,澳大利亚 / 喜剧 / 奇幻 / 冒险 / 我很乖，因为我要出国 / 宝贝小猪罗2 / 97分钟
1303227,1993,Douban,2908,,,,7.3,异域之末路英雄 異域2： 孤軍,,Drama / History / War,,,https://movie.douban.com/subject/1303227/,中国台湾 / 剧情 / 历史 / 战争 / 异域II：孤军 / End of the Road / 90分钟
10577854,2014,Douban,13469,,,,6.6,阿呆与阿瓜2 Dumb and Dumber To,,Comedy,,,https://movie.douban.com/subject/10577854/,美国 / 喜剧 / 超低能王(港) / 阿呆与阿瓜：贱招拆招(台) / 109分钟
1438068,1966,Douban,2066,,,,8.1,第二口气 Le deuxième souffle,,Crime / Drama,,,https://movie.douban.com/subject/1438068/,法国 / 犯罪 / 剧情 / Second Breath / Second Wind / 150分钟
4707534,2010,Douban,10991,,,,5.6,考死2：教学实习    :,,Horror,,,https://movie.douban.com/subject/4707534/,韩国 / 恐怖 / 考死2 / Death Bell 2 / 84分钟
36546883,2023,Douban,6973,,,,8.7,致真理,,Documentary,,,https://movie.douban.com/subject/36546883/,韩国 / 纪录片 / 人格四重奏：雪莉 / ????: ?? / 101分钟
4832564,2011,Douban,20116,,,,7.6,小屁孩日记2 Diary of a Wimpy Kid: Rodrick Rules,,Comedy,,,https://movie.douban.com/subject/4832564/,美国 / 喜剧 / 小孱头日记2：罗德里克法则 / 逊咖日记2：葛瑞不能说的秘密 / 93分钟
1951163,2007,Douban,7438,,,,7.8,第二滴血 Son of Rambow,,Drama / Children / Comedy,,,https://movie.douban.com/subject/1951163/,英国 / 法国 / 德国 / 剧情 / 儿童 / 喜剧 / 兰博之子 / Le fils de Rambow / 96分钟
3420455,2007,Douban,25872,,,,5.7,大电影2.0：两个傻瓜的荒唐事,,Comedy,,,https://movie.douban.com/subject/3420455/,中国大陆 / 喜剧 / 大电影2 / Two Stupid Eggs / 97分钟
1293510,1970,Douban,3795,,,,7.5,第二十二条军规 Catch-22,,Comedy / War,,,https://movie.douban.com/subject/1293510/,美国 / 喜剧 / 战争 / 二十二支队 / 乌龙疯狂大轰炸 / 122分钟
1765848,2006,Douban,16378,,,,6.2,天生一对,,Comedy / Drama,,,https://movie.douban.com/subject/1765848/,中国大陆 / 中国香港 / 喜剧 / 剧情 / 2 Become 1 / 98分钟
34438328,2022,Douban,3822,,,,6.4,王者天下2 キングダム2 遥かなる大地へ,,Action / History / War / Adventure,,,https://movie.douban.com/subject/34438328/,日本 / 动作 / 历史 / 战争 / 冒险 / 王者天下2：向着遥远的大地 / Kingdom 2 / 134分钟
30466815,2018,Douban,857,,,,6.0,妈妈的朋友们2   2,,Eroticism,,,https://movie.douban.com/subject/30466815/,韩国 / 情色 / Mother's Friends 2 / 81分钟
30330751,2021,Douban,22482,,,,4.2,二哥来了怎么办,,Comedy,,,https://movie.douban.com/subject/30330751/,中国大陆 / 喜剧 / 2哥来了怎么办 / 快把我2哥带走 / 105分钟
3319772,1991,Douban,2919,,,,7.9,两个人 ふたり,,Drama,,,https://movie.douban.com/subject/3319772/,日本 / 剧情 / 二人 / Chizuko's Younger Sister / 155分钟
1307675,2003,Douban,19290,,,,6.6,上海正午2：上海骑士 Shanghai Knights,,Action / Adventure / Comedy / Western,,,https://movie.douban.com/subject/1307675/,美国 / 英国 / 捷克 / 动作 / 冒险 / 喜剧 / 西部 / 皇家威龙 / 赎金之王2：皇廷激战 / 114分钟
30219560,2019,Douban,7449,,,,6.1,邻居同居2 LDK ひとつ屋根の下、『スキ』がふたつ。,,Romance,,,https://movie.douban.com/subject/30219560/,日本 / 爱情 / 邻居同居2LDK / 107分钟
1297946,1989,Douban,5586,,,,6.7,捉鬼敢死队2 Ghostbusters II,,Comedy / Sci-Fi / Fantasy,,,https://movie.douban.com/subject/1297946/,美国 / 喜剧 / 科幻 / 奇幻 / 魔鬼克星2(台) / 捉鬼敢死队2 / 108分钟
25875084,2014,Douban,1967,,,,4.7,年轻母亲2   2,,Romance / Eroticism,,,https://movie.douban.com/subject/25875084/,韩国 / 爱情 / 情色 / Young Mother 2 / 89分钟
1304726,1988,Douban,73351,,,,7.9,警察故事续集 警察故事續集,,Comedy / Action / Crime,,,https://movie.douban.com/subject/1304726/,中国香港 / 喜剧 / 动作 / 犯罪 / 警察故事2 / Police Story II / 106分钟
1293572.0,1984.0,Douban,18997,美国,116.0,116分钟,8.0,2010威震太阳神 / 2010太空漫游,,Mystery / Sci-Fi / Thriller / Adventure,,,,
3804746.0,2010.0,Douban,80540,中国大陆 / 中国香港,93.0,93分钟,5.4,All's Well Ends Well 2010,,Comedy / Romance / Costume,,,,
4734603.0,2010.0,Douban,557,日本,104.0,104分钟,6.5,本色女人2010 Natural Woman 2010,,Drama / Romance,,,,
4728507.0,2010.0,Douban,9248,中国大陆,93.0,93分钟,4.8,Love on Lushan Mountian 2010,,Drama / Romance,,,,
4154532.0,2009.0,Douban,2632,日本,90.0,90分钟,7.7,Masked Rider×Masked Rider W(Double)&Decade MOVIE Battle 2010 / Kamen Rider×Kamen Rider W(Double)&Decade MOVIE Battle 2010,,Sci-Fi,,,,
4179012.0,2010.0,Douban,67010,英国,93.0,93分钟,8.3,大侦探波罗系列之东方快车谋杀案2010 Agatha Christie's Poirot: Murder on the Orient Express,,Drama / Crime / Mystery,,,,
4892342.0,2011.0,Douban,3457,中国大陆 / 中国香港,91.0,91分钟,3.5,蔡李佛拳2010 Choileefat,,Comedy / Action,,,,
5373274.0,2010.0,Douban,721,美国,87.0,87分钟,4.1,大白鲸 / 无比敌2010(港),,Action / Thriller / Adventure,,,,
34973562.0,2010.0,Douban,5062,中国香港,214.0,214分钟,9.7,DUO:陈奕迅2010演唱会 / Eason Chahjhn Duo Eason Chan Concert Live,,Music / Musical,,,,
5380185.0,2010.0,Douban,7393,英国,60.0,60分钟,8.7,神秘博士2010圣诞特辑 Doctor Who: A Christmas Catol,,Children / Comedy / Fantasy / Adventure,,,,
4324445.0,2010.0,Douban,3298,中国大陆,78.0,78分钟,5.7,黑猫警长 / 黑猫警长2010电影版,,Drama / Animation,,,,
6013880.0,2011.0,Douban,4022,中国大陆 / 中国香港,92.0,92分钟,3.7,蔡李佛：极限拳速 / 蔡李佛：铁拳2010,,Drama / Action,,,,
5200671.0,2006.0,Douban,98,法国,,,6.7,The Great Flood: Paris 2010,,Documentary,,,,
5268695.0,2010.0,Douban,865,日本,114.0,114分钟,6.7,ほんとにあった怖い話夏の特别篇2010 AKB48まるごと浄霊スペシャル,,Mystery / Thriller,,,,
5377757.0,2010.0,Douban,437,美国,,,7.2,第38届全美音乐大奖 / 2010全美音乐大奖,,Music,,,,
4301186.0,2010.0,Douban,217,英国,120.0,120分钟,7.4,全英音乐颁奖典礼2010,,Music,,,,
3267198.0,2009.0,Douban,544,美国,,,5.6,加拿大 / 毁灭 / 地下拳击手2010,,Action,,,,
4226867.0,2010.0,Douban,1171,美国,,,7.4,2010第67届金球奖颁奖典礼,,,,,,
5281568.0,2010.0,Douban,805,美国,,,7.6,2010 MTV音乐录影带颁奖典礼,,Music,,,,
5948624.0,2011.0,Douban,268,韩国,90.0,90分钟,8.7,Big Bang Big Show 2010 Live Concert 3D,,Documentary / Music,,,,
6001043.0,2011.0,Douban,208,韩国,76.0,76分钟,4.6,短！短！短！ Short! Short! Short! 2010,,Fantasy,,,,
4735182.0,2010.0,Douban,4547,日本,95.0,95分钟,7.6,剧场版宠物小精灵钻石·珍珠 幻影之霸者索罗亚克 / 宠物小精灵2010剧场版,,Animation,,,,
4214740.0,2010.0,Douban,548,美国,217.0,217分钟,7.1,舞台艺术 / 2010第82届奥斯卡金像奖颁奖典礼 / 第82届美国电影学院奖,,Music,,,,
36666748.0,2023.0,Douban,6023,日本,74.0,74分钟,8.5,2023大晦日スペシャル,,Drama / Comedy,,,,
1300285.0,1984.0,Douban,3730,美国,88.0,88分钟,9.4,造反有理 Stop Making Sense 2023,,Documentary / Music,,,,
35729996.0,2023.0,Douban,8116,英国,50.0,50分钟,9.2,万物生灵：自求多福 / 万物既伟大又渺小：2023圣诞特别集,,Drama / Comedy,,,,
36190874.0,2023.0,Douban,1657,英国,56.0,56分钟,6.5,神秘博士：2023圣诞特别集 / 神秘博士：2023圣诞特辑,,Drama / Sci-Fi / Adventure,,,,
36587123.0,2023.0,Douban,2455,英国,30.0,30分钟,8.3,鬼屋欢乐送：2023圣诞特别集,,Comedy / Fantasy,,,,
36200751.0,2023.0,Douban,1949,中国大陆 / 中国香港,95.0,95分钟,3.8,追龙番外篇2 Chasing The Dragon 2,,Drama / Action / Crime,,,,
36245702.0,2023.0,Douban,3868,日本,130.0,130分钟,9.5,台) 羽生结弦冰上故事2023 – GIFT – 东京巨蛋(港 / Yuzuru Hanyu ICE STORY 2023 “GIFT “ at Tokyo Dome,,Documentary / Sport,,,,
27076854.0,2012.0,Douban,908,美国,7.0,7分钟,7.9,,,Sci-Fi / Short,,,,
36415401.0,2023.0,Douban,4312,日本,,,5.7,世界奇妙物语 2023年夏季特别篇,,Drama,,,,
36318440.0,2023.0,Douban,500,英国,8.0,8分钟,9.0,鬼屋欢乐送：2023红鼻子日 Ghosts: Comic Relief Special,,Comedy / Short,,,,
36596771.0,2023.0,Douban,2125,日本,105.0,105分钟,5.3,世界奇妙物语23秋特别篇,,Drama / Comedy / Sci-Fi / Fantasy / Horror,,,,
36524581.0,2023.0,Douban,598,韩国,72.0,72分钟,6.5,同性 / 影子表白 KBS Cinema Special 2023 EP01 - Behind The Shadows,,Romance / Costume,,,,
36524596.0,2023.0,Douban,131,韩国,72.0,72分钟,5.0,需云杂方 KBS Cinema Special 2023 EP02 - 需云杂方,,Drama / Costume,,,,
36203950.0,2023.0,Douban,518,,171.0,171分钟,9.1,奥地利 The 2023 Vienna Philharmonic New Year's Concert,,Music,,,,
36118910.0,2023.0,Douban,178,日本,78.0,78分钟,4.7,同性 / 春风物语 2023 / タクミくんシリーズ 長い長い物語の始まりの朝。,,Drama,,,,
26817136.0,2025.0,Douban,677931,美国,108.0,108分钟,8.4,动物乌托邦2 / 优兽大都会2(港),,Comedy / Crime / Animation / Mystery / Adventure,,,,
2117898.0,2012.0,Douban,78441,日本,95.0,95分钟,5.8,加拿大 / 法国 / 沉默之丘2：启示录(台) 3D 鬼魅山房2(港),,Drama / Mystery / Thriller / Horror,,,,
35575567.0,2024.0,Douban,537656,美国,166.0,166分钟,8.1,加拿大 / 沙丘：第二部(台) / 沙丘瀚战：第二章(港),,Drama / Action / Sci-Fi / Adventure,,,,
1299131.0,1974.0,Douban,632683,美国,202.0,202分钟,9.3,教父续集(港) 教父II,,Drama / Crime,,,,
36369452.0,2024.0,Douban,777632,中国大陆,121.0,121分钟,7.6,Pegasus 2,,Drama / Comedy / Sport,,,,
34780991.0,2025.0,Douban,1505543,中国大陆,144.0,144分钟,8.4,哪吒2 / 哪吒2之魔童闹海,,Drama / Comedy / Animation / Fantasy,,,,
26363254.0,2017.0,Douban,948084,中国大陆,123.0,123分钟,7.1,新战狼 / 新战死沙场,,Action / War,,,,
4811774.0,2022.0,Douban,669000,美国,193.0,193分钟,7.8,阿凡达2 / 阿凡达2：水之道,,Action / Sci-Fi / Adventure,,,,
35267208.0,2023.0,Douban,1402964,中国大陆,173.0,173分钟,8.3,流浪地球2(3D版) / The Wandering Earth Ⅱ,,Sci-Fi / Adventure / Disaster,,,,
6011805.0,2012.0,Douban,374741,中国大陆,146.0,146分钟,8.2,温故1942 / 1942,,Drama / History / War / Disaster,,,,
10512661.0,2017.0,Douban,568201,美国 / 英国,163.0,163分钟,8.3,加拿大 / 西班牙 / 银翼杀手2 Blade Runner 2,,Drama / Action / Sci-Fi / Mystery / Thriller,,,,
1307106.0,2003.0,Douban,563344,中国香港,119.0,119分钟,8.8,无间道前传 Infernal Affairs II,,Drama / Crime / Thriller,,,,
26430107.0,2015.0,Douban,309488,中国大陆,99.0,99分钟,8.7,22 Twenty Two,,Documentary,,,,
36448279.0,2025.0,Douban,293474,中国大陆,119.0,119分钟,8.7,The Legend of Hei 2,,Animation / Fantasy / Adventure,,,,
26588308.0,2018.0,Douban,471810,美国,119.0,119分钟,7.3,死侍2 / 死侍往事,,Comedy / Action / Sci-Fi / Adventure,,,,
35068653.0,2021.0,Douban,408314,中国大陆,118.0,118分钟,5.7,迫在眉睫 中国版 Fireflies in the Sun,,Drama / Crime,,,,
20505982.0,2016.0,Douban,281357,中国大陆 / 中国香港,110.0,110分钟,7.2,寒战II / Cold War Ⅱ,,Drama / Action / Crime,,,,
34939037.0,2022.0,Douban,163752,美国,140.0,140分钟,6.6,利刃出鞘2：抽丝剥茧 / 玻璃洋葱：利刃出鞘疑案,,Drama / Comedy / Crime / Mystery / Thriller,,,,
36090457.0,2024.0,Douban,361786,美国,96.0,96分钟,8.4,玩转脑朋友2(港) / 脑筋急转弯2(台),,Drama / Comedy / Animation / Fantasy / Adventure,,,,
24860563.0,2016.0,Douban,223775,,134.0,134分钟,7.9,加拿大 / 美国 / 英国 / 诡屋惊凶实录2(港) / 厉阴宅2(台),,Drama / Mystery / Horror,,,,
10485526.0,2013.0,Douban,141027,美国,106.0,106分钟,8.2,加拿大 / 儿凶2(港) / 儿凶续集(港),,Thriller / Horror,,,,
36829507.0,2025.0,Douban,70858,美国,104.0,104分钟,7.6,大坏蛋2 / 坏家伙2,,Comedy / Action / Crime / Animation / Mystery / Adventure,,,,
1293792.0,1986.0,Douban,196727,美国,137.0,137分钟,8.1,异形Ⅱ / 异形续集,,Action / Sci-Fi / Thriller / Adventure,,,,
36727829.0,2024.0,Douban,45476,美国,127.0,127分钟,7.1,加拿大 / 夺命微笑2 / 微笑2(台),,Mystery / Thriller / Horror,,,,
1292506.0,1994.0,Douban,152610,中国香港,126.0,126分钟,8.1,God of Gamblers Return / God of Gamblers 2,,Action / Comedy,,,,
3066739.0,2010.0,Douban,454213,美国,124.0,124分钟,7.7,铁甲奇侠2(港) / 钢铁人2(台),,Action / Adventure / Sci-Fi,,,,
1291584.0,2004.0,Douban,362854,美国,137.0,137分钟,8.1,标杀令2(港) / 追杀比尔2：爱的大逃杀(台),,Action / Crime / Thriller,,,,
35883131.0,2024.0,Douban,210917,中国大陆,133.0,133分钟,8.5,I Am What I Am 2,,Comedy / Action / Animation,,,,
26698897.0,2018.0,Douban,970748,中国大陆,121.0,121分钟,6.6,唐探2 Detective Chinatown Vol 2,,Comedy / Action / Mystery,,,,
1291844.0,1991.0,Douban,383390,美国 / 法国,137.0,137分钟,8.8,未来战士2(港) / 魔鬼终结者2(台),,Action / Sci-Fi,,,,
6390823.0,2014.0,Douban,471117,美国,136.0,136分钟,8.1,美队2 / 美国队长2：冬日战士,,Action / Sci-Fi / Thriller / Adventure,,,,
35904206.0,2024.0,Douban,1743,法国 / 美国,107.0,107分钟,4.7,艾曼纽2024(台),,Drama / Romance,,,,
36979516.0,2024.0,Douban,951,英国,56.0,56分钟,6.0,神秘博士：2024圣诞特别集 / 神秘博士2024圣诞特辑,,Drama / Sci-Fi / Adventure,,,,
36989742.0,2024.0,Douban,285,美国,,,6.5,Solar Opposites 2024 Halloween Special,,Animation,,,,
37134884.0,2024.0,Douban,3902,日本,73.0,73分钟,8.4,太平洋から日本海 五郎、北へ あの人たちの所まで。 / 太平洋至日本海 五郎，往北到那些人那里。,,Drama,,,,
37116053.0,2024.0,Douban,1996,日本,,,5.8,世界奇妙物语 2024年冬季特别篇,,Drama / Mystery / Fantasy,,,,
36894130.0,2024.0,Douban,2459,日本,,,5.6,世界奇妙物语 2024年夏季特别篇,,Mystery / Fantasy,,,,
36713656.0,2024.0,Douban,214,,145.0,145分钟,8.6,奥地利,,Music,,,,
26340419.0,2017.0,Douban,292434,英国 / 法国 / 美国,103.0,103分钟,8.0,柏灵顿2(港) / 柏灵顿熊熊出任务(台),,Comedy / Animation / Family,,,,
35382381.0,2025.0,Douban,108959,中国大陆,134.0,134分钟,5.8,A Writer's Odyssey Ⅱ,,Action / Fantasy,,,,
34795100.0,2023.0,Douban,149199,美国,111.0,111分钟,7.9,人肉搜索2：失踪搜救(台) / 人肉搜寻2(港),,Drama / Thriller,,,,
30167997.0,2022.0,Douban,150383,美国,161.0,161分钟,5.4,黑豹：瓦坎达万岁 / 黑豹2：瓦干达万岁(港 / 台),,Drama / Action / Sci-Fi / Fantasy / Thriller / Adventure,,,,
4218768.0,2012.0,Douban,284898,中国大陆,135.0,135分钟,6.1,转生术(台) 画皮II,,Drama / Romance / Fantasy / Thriller,,,,
1307442.0,2003.0,Douban,168664,美国 / 德国,107.0,107分钟,7.5,狂野极速(港) / 玩命关头2：飙风再起(台),,Action / Crime,,,,
27133569.0,2019.0,Douban,85750,,169.0,169分钟,6.5,加拿大 / 美国 / 它：第二章(台) It 2,,Drama / Fantasy / Horror,,,,
1308767.0,2004.0,Douban,397584,美国 / 德国,108.0,108分钟,8.7,叛谍追击2：机密圈套(港) / 神鬼认证：神鬼疑云(台),,Action / Mystery / Thriller,,,,
1484760.0,2006.0,Douban,184798,中国香港,92.0,92分钟,8.4,黑社会2 Election 2,,Crime / Drama / Thriller,,,,
30382416.0,2021.0,Douban,209321,美国 / 中国大陆,97.0,97分钟,5.1,毒魔：血战大屠杀(港) / 猛毒2：血蜘蛛(台),,Action / Sci-Fi / Thriller,,,,
1298525.0,2000.0,Douban,214174,美国 / 德国,123.0,123分钟,7.3,职业特工队2(港) / 不可能的任务2(台),,Action / Thriller / Adventure,,,,
34832354.0,2022.0,Douban,56873,韩国,137.0,137分钟,6.2,魔女二部曲：另一个她(台) The Witch: Part 2,,Action / Mystery,,,,
35056376.0,2023.0,Douban,72124,美国,122.0,122分钟,7.4,极限营救2,,Action / Thriller,,,,
1306951.0,1992.0,Douban,256067,中国香港,98.0,98分钟,8.2,鹿鼎记2：神龙教 鹿鼎记II：神龙教,,Comedy / Action / Chinese swordplay / Costume,,,,
26575103.0,2018.0,Douban,389785,中国大陆 / 中国香港,110.0,110分钟,4.9,Monster Hunt 2,,Comedy / Action / Fantasy / Costume,,,,
3718424.0,2013.0,Douban,219343,美国 / 英国,126.0,126分钟,6.7,狼人：武士激战(港) / 金钢狼：武士之战(台),,Action / Sci-Fi,,,,
36056562.0,2022.0,Douban,32499,,140.0,140分钟,7.5,印度 / 视觉2,,Drama / Crime / Mystery / Thriller,,,,
1308570.0,2004.0,Douban,310964,美国,127.0,127分钟,7.9,蜘蛛人2(台),,Action / Sci-Fi / Adventure,,,,
35813934.0,2023.0,Douban,55525,中国大陆,90.0,90分钟,7.2,Fight Against Evil 2,,Drama / Action / Crime,,,,
25887288.0,2019.0,Douban,418730,美国,103.0,103分钟,7.0,魔雪奇缘2(港) Frozen 2,,Comedy / Animation / Adventure / Musical,,,,
36176467.0,2025.0,Douban,24407,美国,89.0,89分钟,6.2,加拿大 / 无名弑2(台) 杀神Nobody2(港),,Comedy / Action / Crime / Thriller,,,,
23788440.0,2015.0,Douban,202466,中国香港 / 中国大陆,120.0,120分钟,7.5,杀破狼2之杀无赦 SPL 2: A Time For Consequences,,Drama / Action / Crime,,,,
25849049.0,2018.0,Douban,284788,美国,118.0,118分钟,7.8,超人特攻队2(台) / 超人特工队2(港),,Comedy / Action / Animation / Adventure,,,,
1293350.0,1998.0,Douban,670827,英国,107.0,107分钟,9.1,够姜四小强(港) / 两根枪管(台),,Drama / Comedy / Crime,,,,
3274505.0,2011.0,Douban,460341,,,,8.2,猩球崛起 Rise of the Planet of the Apes,,Drama / Action / Sci-Fi,,"['29.2', '52.9', '16.7', '1.0', '0.2']",https://movie.douban.com/subject/3274505/,
4927382.0,2011.0,Douban,199407,,,,9.5,绝命毒师 第四季 Breaking Bad Season 4,,Drama / Crime,,"['80.5', '16.4', '2.6', '0.3', '0.2']",https://movie.douban.com/subject/4927382/,
3023164.0,2011.0,Douban,118728,,,,8.3,点球成金 Moneyball,,Drama / Biography / Sport,,"['32.2', '52.3', '14.6', '0.8', '0.2']",https://movie.douban.com/subject/3023164/,
3532614.0,2011.0,Douban,125244,,,,7.4,夺命金 奪命金,,Drama / Crime,,"['15.3', '47.0', '32.7', '4.1', '0.9']",https://movie.douban.com/subject/3532614/,
4896304.0,2011.0,Douban,327662,,,,6.9,龙门飞甲,,Drama / Action / Chinese swordplay / Costume,,"['10.9', '34.0', '45.0', '8.4', '1.7']",https://movie.douban.com/subject/4896304/,
5384590.0,2011.0,Douban,31029,,,,6.9,墓地邂逅 Grave Encounters,,Mystery / Thriller / Horror / Fantasy,,"['13.0', '34.4', '41.3', '9.0', '2.2']",https://movie.douban.com/subject/5384590/,
5980670.0,2011.0,Douban,139390,,,,9.3,疑犯追踪 第一季 Person of Interest Season 1,,Drama / Mystery / Crime,,"['72.9', '21.7', '4.6', '0.6', '0.2']",https://movie.douban.com/subject/5980670/,
4924142.0,2011.0,Douban,245962,,,,7.1,时间规划局 In Time,,Action / Sci-Fi,,"['12.8', '37.1', '42.3', '6.9', '1.0']",https://movie.douban.com/subject/4924142/,
2997052.0,2011.0,Douban,147038,,,,7.6,吾栖之肤 La piel que habito,,Drama / Mystery / Thriller,,"['16.2', '50.6', '30.3', '2.5', '0.4']",https://movie.douban.com/subject/2997052/,
2028669.0,2011.0,Douban,136383,,,,7.7,丁丁历险记 The Adventures of Tintin: The Secret of the Unicorn,,Action / Animation / Mystery / Adventure,,"['21.0', '48.3', '28.0', '2.3', '0.4']",https://movie.douban.com/subject/2028669/,
3649049.0,2011.0,Douban,777650,,,,8.3,金陵十三钗,,Drama / History / War,,"['36.8', '45.4', '15.1', '1.8', '0.9']",https://movie.douban.com/subject/3649049/,
4206357.0,2011.0,Douban,247262,,,,8.1,龙纹身的女孩 The Girl with the Dragon Tattoo,,Drama / Mystery / Thriller / Crime,,"['26.7', '51.8', '19.6', '1.6', '0.3']",https://movie.douban.com/subject/4206357/,
2010972.0,2011.0,Douban,88717,,,,7.5,亡命驾驶 Drive,,Drama / Action,,"['18.5', '42.5', '33.1', '5.0', '1.0']",https://movie.douban.com/subject/2010972/,
3731626.0,2011.0,Douban,54330,,,,7.3,当你熟睡 Mientras duermes,,Mystery / Thriller,,"['12.3', '45.4', '37.0', '4.0', '1.4']",https://movie.douban.com/subject/3731626/,
5384548.0,2011.0,Douban,361454,,,,8.4,步步惊心,,Drama / Romance / Costume,,"['44.1', '38.9', '13.3', '1.9', '1.8']",https://movie.douban.com/subject/5384548/,
5912992.0,2011.0,Douban,1027975,,,,9.3,熔炉 도가니,,Drama,,"['71.4', '24.9', '3.4', '0.2', '0.1']",https://movie.douban.com/subject/5912992/,
3338851.0,2011.0,Douban,120597,,,,7.9,锅匠，裁缝，士兵，间谍 Tinker Tailor Soldier Spy,,Drama / Mystery / Thriller,,"['25.1', '48.4', '22.9', '2.9', '0.7']",https://movie.douban.com/subject/3338851/,
4135710.0,2011.0,Douban,354925,,,,8.3,Hello！树先生,,Drama,,"['38.2', '43.7', '15.7', '1.9', '0.6']",https://movie.douban.com/subject/4135710/,
4215790.0,2011.0,Douban,91839,,,,7.4,"疯狂愚蠢的爱 Crazy, Stupid, Love",,Drama / Comedy / Romance,,"['14.4', '44.6', '36.8', '3.7', '0.5']",https://movie.douban.com/subject/4215790/,
5262338.0,2011.0,Douban,133816,,,,8.1,虞美人盛开的山坡 コクリコ坂から,,Drama / Animation,,"['29.9', '45.8', '22.4', '1.7', '0.3']",https://movie.douban.com/subject/5262338/,
3016187.0,2011.0,Douban,488488,,,,9.5,权力的游戏 第一季 Game of Thrones Season 1,,Drama / Fantasy / Adventure,,"['77.6', '19.0', '2.9', '0.2', '0.2']",https://movie.douban.com/subject/3016187/,
4206436.0,2011.0,Douban,241940,,,,8.2,战马 War Horse,,Drama / War,,"['33.4', '47.0', '17.8', '1.5', '0.3']",https://movie.douban.com/subject/4206436/,
4724739.0,2011.0,Douban,297788,,,,6.8,单身男女 單身男女,,Comedy / Romance,,"['9.5', '32.7', '46.4', '9.3', '2.1']",https://movie.douban.com/subject/4724739/,
10756537.0,2011.0,Douban,53475,,,,8.7,杀死比尔：整个血腥事件 Kill Bill: The Whole Bloody Affair,,Action / Crime,,"['49.8', '39.3', '9.5', '1.0', '0.5']",https://movie.douban.com/subject/10756537/,
6845529.0,2011.0,Douban,41521,,,,7.6,有希望的男人 Muži v naději,,Drama / Comedy,,"['18.2', '46.1', '31.9', '3.2', '0.6']",https://movie.douban.com/subject/6845529/,
4291275.0,2011.0,Douban,27530,,,,7.7,到阜阳六百里,,Drama,,"['18.0', '52.3', '27.1', '2.2', '0.3']",https://movie.douban.com/subject/4291275/,
5964718.0,2011.0,Douban,264098,,,,8.8,一次别离 جدایی نادر از سیمین,,Drama / Family,,"['49.0', '41.1', '9.0', '0.7', '0.2']",https://movie.douban.com/subject/5964718/,
6536180.0,2011.0,Douban,251116,,,,8.1,黑暗面 La cara oculta,,Drama / Mystery / Thriller,,"['27.0', '52.1', '19.2', '1.4', '0.3']",https://movie.douban.com/subject/6536180/,
2028585.0,2011.0,Douban,162312,,,,7.6,穿靴子的猫 Puss in Boots,,Comedy / Animation / Family / Fantasy / Adventure,,"['18.8', '47.6', '31.0', '2.3', '0.3']",https://movie.douban.com/subject/2028585/,
3578925.0,2011.0,Douban,130129,,,,7.8,我家买了动物园 We Bought a Zoo,,Drama / Comedy / Family,,"['21.6', '50.2', '26.3', '1.7', '0.2']",https://movie.douban.com/subject/3578925/,
4086853.0,2011.0,Douban,38316,,,,7.2,忧郁症 Melancholia,,Drama / Sci-Fi / Thriller,,"['18.6', '36.0', '34.4', '8.7', '2.3']",https://movie.douban.com/subject/4086853/,
5360890.0,2011.0,Douban,105927,,,,7.3,羞耻 Shame,,Drama / Eroticism,,"['14.6', '42.1', '37.7', '4.8', '0.9']",https://movie.douban.com/subject/5360890/,
3168089.0,2011.0,Douban,353942,,,,8.2,X战警：第一战 X-Men: First Class,,Drama / Action / Sci-Fi,,"['30.1', '52.9', '16.0', '0.8', '0.2']",https://movie.douban.com/subject/3168089/,
4319218.0,2011.0,Douban,350402,,,,8.3,午夜巴黎 Midnight in Paris,,Drama / Romance / Fantasy,,"['36.6', '46.2', '15.4', '1.5', '0.3']",https://movie.douban.com/subject/4319218/,
5972040.0,2011.0,Douban,27403,,,,8.2,单车少年 Le gamin au vélo,,Drama,,"['30.4', '52.0', '16.0', '1.2', '0.4']",https://movie.douban.com/subject/5972040/,
3147969.0,2011.0,Douban,23860,,,,5.8,人皮客栈3 Hostel: Part III,,Horror,,"['7.0', '13.9', '46.7', '25.6', '6.9']",https://movie.douban.com/subject/3147969/,
3614963.0,2011.0,Douban,58417,,,,7.1,不明身份 Unknown,,Drama / Mystery / Thriller,,"['9.7', '40.5', '45.1', '4.3', '0.4']",https://movie.douban.com/subject/3614963/,
3006783.0,2011.0,Douban,160593,,,,7.3,机械师 The Mechanic,,Action / Thriller,,"['14.0', '40.5', '40.8', '4.2', '0.5']",https://movie.douban.com/subject/3006783/,
4917726.0,2011.0,Douban,635888,,,,8.8,阳光姐妹淘 써니,,Drama / Comedy,,"['51.2', '37.9', '9.8', '0.8', '0.2']",https://movie.douban.com/subject/4917726/,
1972729.0,2011.0,Douban,290477,,,,8.3,铁甲钢拳 Real Steel,,Drama / Action / Sci-Fi / Sport,,"['34.5', '47.5', '16.3', '1.4', '0.3']",https://movie.douban.com/subject/1972729/,
5044737.0,2011.0,Douban,63309,,,,7.4,我11,,Drama / Crime,,"['13.5', '48.3', '34.8', '3.0', '0.5']",https://movie.douban.com/subject/5044737/,
5151357.0,2011.0,Douban,48713,,,,8.0,梅子鸡之味 Poulet aux prunes,,Drama / Comedy,,"['28.0', '47.9', '21.4', '2.1', '0.6']",https://movie.douban.com/subject/5151357/,
3285632.0,2011.0,Douban,33828,,,,8.4,都灵之马 A torinói ló,,Drama,,"['43.2', '39.3', '13.8', '2.3', '1.4']",https://movie.douban.com/subject/3285632/,
6091398.0,2011.0,Douban,17371,,,,7.8,啄木鸟和雨 キツツキと雨,,Drama / Comedy,,"['20.1', '52.4', '25.1', '1.9', '0.5']",https://movie.douban.com/subject/6091398/,
4707205.0,2011.0,Douban,214471,,,,8.3,爱情公寓2,,Comedy / Romance,,"['43.1', '37.1', '13.5', '2.0', '4.4']",https://movie.douban.com/subject/4707205/,
3097525.0,2011.0,Douban,37310,,,,7.1,怪形前传 The Thing,,Sci-Fi / Mystery / Thriller / Horror,,"['12.7', '36.3', '44.7', '5.5', '0.8']",https://movie.douban.com/subject/3097525/,
4942776.0,2011.0,Douban,169992,,,,6.7,武侠,,Drama / Action / Mystery / Chinese swordplay,,"['8.0', '32.8', '48.7', '8.9', '1.6']",https://movie.douban.com/subject/4942776/,
2028677.0,2011.0,Douban,206855,,,,7.7,雨果 Hugo,,Drama / Children / Fantasy / Adventure,,"['20.4', '47.5', '28.8', '2.8', '0.4']",https://movie.douban.com/subject/2028677/,
5403927.0,2011.0,Douban,24592,,,,9.3,轻音少女 剧场版 映画 けいおん!,,Drama / Animation / Music,,"['74.3', '19.8', '5.2', '0.4', '0.4']",https://movie.douban.com/subject/5403927/,
6745433.0,2011.0,Douban,10570,,,,7.9,一件幸福的事 Un heureux événement,,Drama / Comedy / Romance / Family,,"['22.2', '51.0', '24.7', '1.6', '0.4']",https://movie.douban.com/subject/6745433/,
4191644.0,2011.0,Douban,523284,,,,7.9,一天 One Day,,Drama / Romance,,"['27.5', '44.9', '24.5', '2.6', '0.5']",https://movie.douban.com/subject/4191644/,
5975464.0,2011.0,Douban,30955,,,,9.1,妙警贼探 第三季 White Collar Season 3,,Drama / Comedy / Mystery / Crime,,"['61.3', '32.3', '6.1', '0.3', '0.1']",https://movie.douban.com/subject/5975464/,
4301043.0,2011.0,Douban,154512,,,,7.1,传染病 Contagion,,Drama / Sci-Fi / Thriller / Disaster,,"['13.0', '37.3', '42.5', '6.4', '0.9']",https://movie.douban.com/subject/4301043/,
3262050.0,2011.0,Douban,69871,,,,6.3,美少女特攻队 Sucker Punch,,Action / Fantasy / Adventure,,"['11.1', '24.5', '40.0', '17.8', '6.6']",https://movie.douban.com/subject/3262050/,
2999913.0,2011.0,Douban,74525,,,,7.7,保罗 Paul,,Comedy / Sci-Fi / Adventure,,"['18.9', '48.9', '29.2', '2.6', '0.4']",https://movie.douban.com/subject/2999913/,
4196227.0,2011.0,Douban,66553,,,,7.2,随波逐流 Just Go with It,,Comedy / Romance,,"['12.1', '41.6', '40.9', '4.8', '0.6']",https://movie.douban.com/subject/4196227/,
2998253.0,2011.0,Douban,160958,,,,8.0,兰戈 Rango,,Comedy / Action / Animation / Western / Adventure,,"['27.1', '50.2', '20.9', '1.6', '0.3']",https://movie.douban.com/subject/2998253/,
6748086.0,2011.0,Douban,51619,,,,9.4,全职猎人2011 HUNTER×HUNTER,,Drama / Animation / Adventure,,"['77.2', '17.5', '4.0', '0.7', '0.6']",https://movie.douban.com/subject/6748086/,
4925398.0,2011.0,Douban,95216,,,,9.3,命运石之门 STEINS;GATE,,Sci-Fi / Animation / Mystery,,"['74.4', '18.9', '5.1', '1.0', '0.6']",https://movie.douban.com/subject/4925398/,
6129693.0,2011.0,Douban,276294,,,,8.8,我可能不会爱你 我可能不會愛你,,Romance,,"['54.5', '35.0', '9.2', '0.9', '0.4']",https://movie.douban.com/subject/6129693/,
4913200.0,2011.0,Douban,167280,,,,6.5,大魔术师 大魔術師,,Drama / Comedy / Romance / Fantasy,,"['6.7', '28.6', '49.5', '12.6', '2.6']",https://movie.douban.com/subject/4913200/,
3731581.0,2011.0,Douban,330352,,,,8.3,里约大冒险 Rio,,Comedy / Animation / Adventure,,"['34.0', '49.1', '16.0', '0.8', '0.1']",https://movie.douban.com/subject/3731581/,
3750088.0,2011.0,Douban,7501,,,,6.3,双面玛莎 Martha Marcy May Marlene,,Drama / Mystery / Thriller,,"['5.9', '23.0', '53.7', '14.7', '2.7']",https://movie.douban.com/subject/3750088/,
4888853.0,2011.0,Douban,62074,,,,7.9,商海通牒 Margin Call,,Drama,,"['23.8', '51.6', '22.5', '1.7', '0.3']",https://movie.douban.com/subject/4888853/,
3148064.0,2011.0,Douban,20000,,,,6.3,惊声尖叫4 Scream 4,,Thriller / Horror,,"['7.6', '20.3', '54.7', '14.5', '2.8']",https://movie.douban.com/subject/3148064/,
3428545.0,2011.0,Douban,3192,,,,8.0,犹太长老的灵猫 Le Chat du rabbin,,Animation / Adventure,,"['28.1', '46.0', '23.4', '2.1', '0.4']",https://movie.douban.com/subject/3428545/,
3078514.0,2011.0,Douban,37240,,,,7.7,特别响，非常近 Extremely Loud and Incredibly Close,,Drama / Mystery / Family / Adventure,,"['25.5', '42.2', '27.0', '4.2', '1.0']",https://movie.douban.com/subject/3078514/,
6402464.0,2011.0,Douban,27745,,,,7.3,麒麟之翼 新参者剧场版 麒麟の翼 劇場版新参者,,Drama / Mystery / Crime,,"['13.5', '42.4', '40.3', '3.2', '0.5']",https://movie.douban.com/subject/6402464/,
6007281.0,2011.0,Douban,113037,,,,6.9,名侦探柯南：沉默的十五分钟 名探偵コナン 沈黙の15分,,Animation / Mystery,,"['14.0', '28.4', '46.5', '9.6', '1.5']",https://movie.douban.com/subject/6007281/,
6083109.0,2011.0,Douban,35929,,,,7.0,蛋炒饭,,Drama / Comedy,,"['13.5', '34.6', '41.1', '8.6', '2.2']",https://movie.douban.com/subject/6083109/,
5919334.0,2011.0,Douban,13421,,,,7.0,痛症 통증,,Drama / Romance,,"['12.2', '34.1', '46.4', '6.5', '0.7']",https://movie.douban.com/subject/5919334/,
4903614.0,2011.0,Douban,39416,,,,8.2,真幌站前多田便利屋 まほろ駅前多田便利軒,,Drama,,"['30.7', '48.0', '19.5', '1.5', '0.2']",https://movie.douban.com/subject/4903614/,
2138838.0,2011.0,Douban,403723,,,,7.2,美国队长 Captain America: The First Avenger,,Action / Sci-Fi / Adventure,,"['15.9', '36.2', '40.6', '6.2', '1.1']",https://movie.douban.com/subject/2138838/,
5387015.0,2011.0,Douban,15642,,,,7.9,蜡笔小新：呼风唤雨！黄金的间谍大作战 クレヨンしんちゃん 嵐を呼ぶ黄金のスパイ大作戦,,Animation,,"['29.4', '40.0', '27.5', '2.7', '0.5']",https://movie.douban.com/subject/5387015/,
7054120.0,2011.0,Douban,448226,,,,9.4,黑镜 第一季 Black Mirror Season 1,,Drama / Sci-Fi / Thriller,,"['74.2', '21.9', '3.3', '0.3', '0.2']",https://movie.douban.com/subject/7054120/,
6771529.0,2011.0,Douban,95627,,,,7.9,突袭 The Raid,,Action / Thriller / Crime,,"['24.9', '47.6', '23.9', '2.8', '0.7']",https://movie.douban.com/subject/6771529/,
4004715.0,2011.0,Douban,60307,,,,7.0,恶老板 Horrible Bosses,,Comedy / Crime,,"['9.9', '38.9', '44.0', '6.2', '1.1']",https://movie.douban.com/subject/4004715/,
6097775.0,2011.0,Douban,98269,,,,8.3,艺术家 The Artist,,Drama / Comedy / Romance,,"['36.1', '46.9', '15.3', '1.3', '0.4']",https://movie.douban.com/subject/6097775/,
3727603.0,2011.0,Douban,10050,,,,7.2,歇斯底里 Hysteria,,Comedy / Romance,,"['10.9', '43.1', '42.8', '2.9', '0.4']",https://movie.douban.com/subject/3727603/,
4883425.0,2011.0,Douban,25746,,,,6.9,花 Love and Bruises,,Drama / Romance / Eroticism,,"['10.7', '35.1', '43.0', '8.6', '2.6']",https://movie.douban.com/subject/4883425/,
4848701.0,2011.0,Douban,56780,,,,9.4,日常,,Animation,,"['78.6', '15.9', '4.3', '0.8', '0.3']",https://movie.douban.com/subject/4848701/,
4845414.0,2011.0,Douban,79937,,,,5.6,我知女人心,,Comedy / Romance,,"['2.8', '11.6', '54.8', '25.4', '5.4']",https://movie.douban.com/subject/4845414/,
5416070.0,2011.0,Douban,78076,,,,9.2,命运之夜前传 第一季 Fate/Zero,,Action / Animation / Fantasy,,"['67.6', '25.4', '5.8', '0.8', '0.4']",https://movie.douban.com/subject/5416070/,
4030657.0,2011.0,Douban,14696,,,,8.0,勒阿弗尔 Le Havre,,Drama / Comedy,,"['24.0', '55.3', '18.9', '1.4', '0.4']",https://movie.douban.com/subject/4030657/,
6794392.0,2011.0,Douban,28802,,,,9.3,犯罪心理 第七季 Criminal Minds Season 7,,Drama / Mystery / Thriller / Crime,,"['70.6', '25.0', '4.1', '0.2', '0.1']",https://movie.douban.com/subject/6794392/,
6768838.0,2011.0,Douban,48612,,,,7.8,上帝保佑美国 God Bless America,,Comedy / Crime,,"['25.9', '43.3', '25.4', '4.2', '1.2']",https://movie.douban.com/subject/6768838/,
4826178.0,2011.0,Douban,22294,,,,8.6,谋杀 第一季 The Killing Season 1,,Drama,,"['43.5', '43.2', '11.4', '1.3', '0.6']",https://movie.douban.com/subject/4826178/,
6393127.0,2011.0,Douban,109098,,,,8.9,赛德克·巴莱(下) 賽德克·巴萊(下)彩虹橋,,Drama / History / War,,"['54.5', '35.6', '8.7', '0.8', '0.3']",https://movie.douban.com/subject/6393127/,
6010171.0,2011.0,Douban,84473,,,,8.3,给桃子的信 ももへの手紙,,Drama / Animation,,"['32.5', '49.6', '16.8', '0.9', '0.2']",https://movie.douban.com/subject/6010171/,
3808604.0,2010.0,Douban,105447,,,,8.1,危情三日 The Next Three Days,,Drama / Action / Romance / Thriller / Crime,,"['27.1', '52.0', '19.4', '1.3', '0.2']",https://movie.douban.com/subject/3808604/,
10450409.0,2011.0,Douban,125630,,,,8.9,赛德克·巴莱(上) 賽德克·巴萊(上)太陽旗,,Drama / History / War,,"['56.1', '35.9', '7.2', '0.6', '0.2']",https://movie.douban.com/subject/10450409/,
2147836.0,2011.0,Douban,82708,,,,5.8,青蜂侠 The Green Hornet,,Comedy / Action / Crime,,"['6.4', '14.8', '47.8', '24.0', '6.9']",https://movie.douban.com/subject/2147836/,
5919662.0,2011.0,Douban,37881,,,,9.3,皇家律师 第一季 Silk Season 1,,Drama,,"['68.8', '26.6', '4.0', '0.4', '0.1']",https://movie.douban.com/subject/5919662/,
4132395.0,2011.0,Douban,10425,,,,7.5,国民警卫队 The Guard,,Comedy / Crime,,"['16.4', '47.9', '31.6', '3.6', '0.5']",https://movie.douban.com/subject/4132395/,
4896303.0,2011.0,Douban,13816,,,,8.4,哆啦A梦：新·大雄与铁人兵团 新・のび太と鉄人兵団 〜はばたけ 天使たち〜,,Animation,,"['40.6', '42.0', '15.8', '1.2', '0.3']",https://movie.douban.com/subject/4896303/,
4132407.0,2011.0,Douban,63491,,,,7.8,捕蝇纸 Flypaper,,Comedy / Mystery / Crime,,"['20.5', '51.6', '25.0', '2.4', '0.4']",https://movie.douban.com/subject/4132407/,
4724373.0,2011.0,Douban,140401,,,,6.9,死神来了5 Final Destination 5,,Thriller / Horror,,"['12.0', '29.2', '49.3', '8.2', '1.2']",https://movie.douban.com/subject/4724373/,
24751811.0,2011.0,Douban,40748,,,,9.7,剧院魅影：25周年纪念演出 The Phantom of the Opera at the Royal Albert Hall,,Drama / Music / Musical,,"['86.9', '11.2', '1.6', '0.1', '0.2']",https://movie.douban.com/subject/24751811/,
6383567.0,2011.0,Douban,16483,,,,6.2,猫：看见死亡的双眼 고양이 : 죽음을 보는 두 개의 눈,,Horror,,"['5.6', '18.3', '58.2', '15.6', '2.3']",https://movie.douban.com/subject/6383567/,
3217169.0,2011.0,Douban,177843,,,,8.9,勇士 Warrior,,Drama / Family / Sport,,"['54.4', '35.3', '9.1', '0.8', '0.3']",https://movie.douban.com/subject/3217169/,
5285692.0,2011.0,Douban,6914,,,,7.5,一命,,Drama,,"['17.6', '45.4', '32.8', '3.4', '0.8']",https://movie.douban.com/subject/5285692/,
5374152.0,2011.0,Douban,13377,,,,6.6,灵动：鬼影实录3 Paranormal Activity 3,,Thriller / Horror,,"['9.4', '28.7', '49.0', '10.6', '2.3']",https://movie.douban.com/subject/5374152/,
5349275.0,2011.0,Douban,90756,,,,9.0,魔法少女小圆 魔法少女まどか☆マギカ,,Animation / Mystery / Thriller / Fantasy,,"['62.7', '28.3', '7.5', '1.0', '0.5']",https://movie.douban.com/subject/5349275/,
6557005.0,2011.0,Douban,137600,,,,9.2,生活大爆炸 第五季 The Big Bang Theory Season 5,,Comedy,,"['67.0', '26.6', '5.8', '0.4', '0.1']",https://movie.douban.com/subject/6557005/,
3792848.0,2011.0,Douban,145366,,,,8.9,相助 The Help,,Drama,,"['52.0', '40.3', '7.2', '0.4', '0.1']",https://movie.douban.com/subject/3792848/,
3041264.0,2011.0,Douban,108951,,,,6.1,洛杉矶之战 Battle: Los Angeles,,Action / Sci-Fi,,"['5.3', '21.1', '52.3', '17.3', '4.0']",https://movie.douban.com/subject/3041264/,
4925440.0,2011.0,Douban,7605,,,,8.5,洪武大案,,Drama / History,,"['52.7', '31.6', '9.4', '1.4', '4.9']",https://movie.douban.com/subject/4925440/,
4313109.0,2011.0,Douban,29393,,,,7.4,登陆之日 마이 웨이,,Drama / Romance / War,,"['20.2', '38.8', '32.4', '6.2', '2.4']",https://movie.douban.com/subject/4313109/,
34973723.0,2011.0,Douban,795,,,,8.9,迪奥·真我 Dior J'adore,,Short / Music,,"['60.7', '27.3', '10.4', '1.0', '0.7']",https://movie.douban.com/subject/34973723/,
10477598.0,2011.0,Douban,144644,,,,9.5,罗小黑战记,,Drama / Comedy / Action / Animation / Fantasy,,"['81.5', '14.9', '2.3', '0.3', '1.2']",https://movie.douban.com/subject/10477598/,
4913185.0,2011.0,Douban,86060,,,,8.2,杀戮 Carnage,,Drama / Comedy,,"['32.9', '48.4', '16.4', '1.9', '0.5']",https://movie.douban.com/subject/4913185/,
4821046.0,2011.0,Douban,92475,,,,5.0,关云长,,Action / Biography / History / Costume,,"['3.0', '8.5', '39.6', '34.6', '14.3']",https://movie.douban.com/subject/4821046/,
6064183.0,2011.0,Douban,9950,,,,7.5,海贼王3D电影版：追寻草帽 ONE PIECE 3D 麦わらチェイス,,Animation,,"['23.7', '35.8', '34.0', '5.4', '1.1']",https://movie.douban.com/subject/6064183/,
2998340.0,2011.0,Douban,12363,,,,6.7,仪式 The Rite,,Drama / Thriller / Horror,,"['8.5', '30.7', '50.7', '9.0', '1.1']",https://movie.douban.com/subject/2998340/,
6952630.0,2011.0,Douban,19142,,,,9.6,玄奘之路,,Documentary / History,,"['81.8', '15.6', '2.2', '0.2', '0.2']",https://movie.douban.com/subject/6952630/,
6402151.0,2011.0,Douban,28085,,,,8.8,勇者义彦与魔王城 勇者ヨシヒコと魔王の城,,Drama / Fantasy / Adventure,,"['52.4', '36.0', '9.8', '1.3', '0.5']",https://movie.douban.com/subject/6402151/,
5247088.0,2011.0,Douban,71028,,,,7.8,法证先锋3 法證先鋒Ⅲ,,Drama / Romance / Crime,,"['22.7', '47.7', '26.9', '2.3', '0.4']",https://movie.douban.com/subject/5247088/,
5316829.0,2011.0,Douban,36886,,,,8.9,好想告诉你 第二季 君に届け 2ND SEASON,,Romance / Animation,,"['56.8', '33.2', '9.0', '0.7', '0.2']",https://movie.douban.com/subject/5316829/,
6985986.0,2011.0,Douban,40825,,,,8.6,驯龙高手番外篇：龙的礼物 Dragons: Gift of the Night Fury,,Animation / Short / Family / Adventure,,"['43.8', '41.5', '13.9', '0.7', '0.1']",https://movie.douban.com/subject/6985986/,
3569943.0,2011.0,Douban,92523,,,,7.0,命运规划局 The Adjustment Bureau,,Romance / Sci-Fi,,"['10.1', '36.7', '46.3', '6.1', '0.7']",https://movie.douban.com/subject/3569943/,
4014405.0,2011.0,Douban,36076,,,,5.9,狂暴飞车 Drive Angry 3D,,Action / Thriller / Crime / Fantasy,,"['5.9', '16.6', '50.1', '22.0', '5.4']",https://movie.douban.com/subject/4014405/,
5993185.0,2011.0,Douban,136208,,,,7.2,星空,,Drama / Romance / Fantasy,,"['15.8', '36.8', '39.6', '6.7', '1.1']",https://movie.douban.com/subject/5993185/,
2210143.0,2011.0,Douban,21691,,,,5.8,牛仔和外星人 Cowboys & Aliens,,Action / Sci-Fi / Thriller / Western,,"['4.2', '13.9', '53.7', '23.5', '4.7']",https://movie.douban.com/subject/2210143/,
4709671.0,2011.0,Douban,48188,,,,7.2,胡佛 J. Edgar,,Drama / Homosexual / Biography / History / Crime,,"['11.1', '41.6', '43.0', '3.8', '0.5']",https://movie.douban.com/subject/4709671/,
5977835.0,2011.0,Douban,328654,,,,8.4,桃姐,,Drama / Family,,"['34.8', '50.3', '13.8', '0.9', '0.3']",https://movie.douban.com/subject/5977835/,
6225992.0,2011.0,Douban,67261,,,,5.8,幸福额度,,Comedy / Romance,,"['3.8', '16.3', '51.6', '23.0', '5.3']",https://movie.douban.com/subject/6225992/,
5941687.0,2011.0,Douban,1535,,,,5.9,请认真的和我恋爱 真剣で私に恋しなさい!,,Animation,,"['9.3', '14.9', '44.9', '23.5', '7.3']",https://movie.douban.com/subject/5941687/,
5913021.0,2008.0,Douban,11679,,,,9.1,加菲猫的幸福生活 The Garfield Show,,Comedy / Animation / Family / Children,,"['64.2', '27.5', '7.2', '0.7', '0.3']",https://movie.douban.com/subject/5913021/,
5968334.0,2011.0,Douban,86542,,,,8.2,丈夫得了抑郁症 ツレがうつになりまして。,,Drama / Romance / Family,,"['30.7', '48.8', '19.1', '1.2', '0.2']",https://movie.douban.com/subject/5968334/,
1421781.0,2005.0,Douban,41158,,,,9.0,罗马 第一季 Rome Season 1,,Drama / Action / Romance / History / War,,"['60.1', '31.7', '7.3', '0.6', '0.2']",https://movie.douban.com/subject/1421781/,
5258036.0,2011.0,Douban,13528,,,,6.8,觉醒 The Awakening,,Mystery / Thriller / Horror,,"['7.4', '31.8', '52.9', '7.1', '0.9']",https://movie.douban.com/subject/5258036/,
5208150.0,2011.0,Douban,28746,,,,9.1,轮回 Samsara,,Documentary,,"['63.7', '27.8', '7.2', '0.9', '0.4']",https://movie.douban.com/subject/5208150/,
6425116.0,2011.0,Douban,38142,,,,7.3,倭寇的踪迹,,Drama / Action / Chinese swordplay / Costume,,"['15.6', '42.6', '33.4', '6.1', '2.3']",https://movie.douban.com/subject/6425116/,
4876722.0,2010.0,Douban,411582,,,,8.5,钢的琴,,Drama / Comedy,,"['39.7', '47.1', '12.0', '0.9', '0.2']",https://movie.douban.com/subject/4876722/,
6038071.0,2011.0,Douban,9108,,,,6.3,白色：诅咒的旋律 화이트: 저주의 멜로디,,Horror,,"['7.7', '21.4', '51.5', '15.8', '3.6']",https://movie.douban.com/subject/6038071/,
19935802.0,2011.0,Douban,2836,,,,7.8,震惊世界的一天 9/11: Day That Changed the World,,Documentary,,"['17.6', '54.2', '26.9', '1.2', '0.2']",https://movie.douban.com/subject/19935802/,
5446211.0,2011.0,Douban,28890,,,,8.9,恶魔阿萨谢尔在召唤你 よんでますよ、アザゼルさん。,,Comedy / Animation / Fantasy,,"['56.5', '32.7', '9.1', '1.1', '0.5']",https://movie.douban.com/subject/5446211/,
5046033.0,2011.0,Douban,7451,,,,7.4,黑金 Or noir,,Drama,,"['15.4', '45.5', '34.3', '3.7', '1.1']",https://movie.douban.com/subject/5046033/,
4917905.0,2011.0,Douban,148090,,,,6.6,宫,,Drama / Romance / History / Fantasy / Costume,,"['17.5', '24.1', '38.5', '10.7', '9.1']",https://movie.douban.com/subject/4917905/,
4043410.0,2011.0,Douban,1013,,,,7.0,如履薄冰 Thin Ice,,Drama / Comedy / Crime,,"['8.0', '40.5', '44.9', '5.6', '1.0']",https://movie.douban.com/subject/4043410/,
6058645.0,2011.0,Douban,5057,,,,8.8,圣斗士星矢 冥王神话 第2章 聖闘士星矢 THE LOST CANVAS 冥王神話 第2章,,Fantasy,,"['54.6', '34.3', '9.7', '1.1', '0.4']",https://movie.douban.com/subject/6058645/,
3824339.0,2011.0,Douban,67286,,,,6.2,关键第四号 I Am Number Four,,Action / Sci-Fi / Thriller,,"['4.8', '20.7', '54.9', '16.4', '3.2']",https://movie.douban.com/subject/3824339/,
6875869.0,2011.0,Douban,327,,,,4.5,绝命幽灵船 The Watermen,,Thriller / Horror,,"['6.3', '4.4', '21.5', '44.8', '23.0']",https://movie.douban.com/subject/6875869/,
5386987.0,2011.0,Douban,20281,,,,7.7,红手指 新春ドラマSP 赤い指～「新参者」加賀恭一郎再び！,,Mystery / Crime,,"['19.7', '50.2', '27.7', '2.0', '0.3']",https://movie.douban.com/subject/5386987/,
10793721.0,2011.0,Douban,3542,,,,7.3,约翰逊一家的怪事 The Strange Thing About The Johnsons,,Drama / Mystery / Horror / Short,,"['13.6', '44.1', '37.2', '4.2', '0.9']",https://movie.douban.com/subject/10793721/,
5919538.0,2011.0,Douban,69084,,,,7.9,只有你 오직 그대만,,Drama / Romance,,"['26.0', '45.4', '26.5', '1.9', '0.3']",https://movie.douban.com/subject/5919538/,
6753079.0,2011.0,Douban,30986,,,,7.3,绯闻女孩 第五季 Gossip Girl Season 5,,Drama / Romance,,"['19.3', '34.9', '38.0', '6.6', '1.3']",https://movie.douban.com/subject/6753079/,
5919553.0,2011.0,Douban,38178,,,,8.4,我是特种兵,,Drama / War,,"['43.8', '39.8', '12.6', '2.0', '1.8']",https://movie.douban.com/subject/5919553/,
6026060.0,2011.0,Douban,2931,,,,8.7,日常 OAD 日常の0話,,Animation,,"['52.3', '31.9', '14.6', '0.8', '0.4']",https://movie.douban.com/subject/6026060/,
5190550.0,2011.0,Douban,4588,,,,6.7,梅根失踪 Megan Is Missing,,Drama / Thriller / Horror,,"['11.1', '30.4', '43.5', '10.6', '4.3']",https://movie.douban.com/subject/5190550/,
4942778.0,2011.0,Douban,114875,,,,4.8,白蛇传说,,Action / Romance / Fantasy / Costume,,"['2.9', '7.8', '35.5', '35.7', '18.1']",https://movie.douban.com/subject/4942778/,
6013886.0,2011.0,Douban,27506,,,,6.9,你为我着迷 넌 내게 반했어,,Comedy,,"['14.8', '29.1', '45.5', '9.1', '1.4']",https://movie.douban.com/subject/6013886/,
6013893.0,2011.0,Douban,123300,,,,8.2,城市猎人 시티헌터,,Drama / Action / Thriller,,"['33.6', '44.9', '19.1', '1.9', '0.6']",https://movie.douban.com/subject/6013893/,
4328443.0,2011.0,Douban,53639,,,,8.5,高地战 고지전,,Drama / War,,"['42.5', '43.6', '12.1', '1.2', '0.7']",https://movie.douban.com/subject/4328443/,
4946963.0,2010.0,Douban,66428,,,,8.1,光棍儿,,Drama / Comedy / Homosexual,,"['29.2', '49.4', '18.5', '2.1', '0.9']",https://movie.douban.com/subject/4946963/,
10466341.0,2011.0,Douban,26356,,,,7.4,鬼打墙 Enter Nowhere,,Drama / Mystery / Thriller,,"['14.3', '47.7', '34.0', '3.4', '0.6']",https://movie.douban.com/subject/10466341/,
6558797.0,2011.0,Douban,38566,,,,8.9,High Kick 短腿的反击 하이킥! 짧은 다리의 역습,,Comedy / Family,,"['57.5', '32.7', '8.5', '0.9', '0.4']",https://movie.douban.com/subject/6558797/,
5151890.0,2011.0,Douban,13219,,,,6.7,特种部队 Forces spéciales,,Drama / Action / Adventure,,"['10.0', '29.3', '46.9', '11.5', '2.3']",https://movie.douban.com/subject/5151890/,
5244092.0,2011.0,Douban,102757,,,,7.4,翻滚吧！阿信 翻滾吧！阿信,,Drama / Comedy / Sport,,"['16.3', '42.5', '36.5', '4.2', '0.5']",https://movie.douban.com/subject/5244092/,
4281535.0,2011.0,Douban,4124,,,,6.8,好医生 The Good Doctor,,Drama / Thriller,,"['8.2', '32.4', '50.0', '7.9', '1.4']",https://movie.douban.com/subject/4281535/,
4826330.0,2011.0,Douban,94042,,,,6.6,朋友也上床 Friends with Benefits,,Comedy / Romance,,"['6.4', '27.5', '56.5', '8.5', '1.0']",https://movie.douban.com/subject/4826330/,
5364987.0,2011.0,Douban,58025,,,,3.6,孤岛惊魂,,Mystery / Thriller / Horror,,"['4.6', '2.4', '13.1', '29.0', '50.9']",https://movie.douban.com/subject/5364987/,
4707596.0,2011.0,Douban,51310,,,,5.4,财神客栈 財神客棧,,Comedy / Action / Mystery / Costume,,"['3.3', '10.6', '46.3', '29.9', '9.8']",https://movie.douban.com/subject/4707596/,
5332266.0,2011.0,Douban,29504,,,,7.1,恋之罪 恋の罪,,Drama / Thriller / Eroticism / Crime,,"['16.6', '35.3', '38.7', '7.5', '1.9']",https://movie.douban.com/subject/5332266/,
5256418.0,2011.0,Douban,28222,,,,5.1,极速天使,,Drama / Action,,"['3.3', '8.4', '40.8', '34.4', '13.1']",https://movie.douban.com/subject/5256418/,
4935011.0,2011.0,Douban,100964,,,,8.0,白兔糖 うさぎドロップ,,Drama / Comedy,,"['25.3', '49.6', '23.3', '1.5', '0.2']",https://movie.douban.com/subject/4935011/,
6109756.0,2011.0,Douban,4965,,,,7.6,"奥斯陆，8月31日 Oslo, 31. august",,Drama,,"['19.0', '48.3', '28.8', '3.2', '0.7']",https://movie.douban.com/subject/6109756/,
5977487.0,2011.0,Douban,1332,,,,8.9,诺言 The Promise,,Drama,,"['61.3', '27.3', '8.0', '1.7', '1.6']",https://movie.douban.com/subject/5977487/,
4906427.0,2011.0,Douban,92831,,,,6.3,万有引力,,Drama / Comedy / Romance / Mystery,,"['5.1', '24.5', '53.6', '14.2', '2.7']",https://movie.douban.com/subject/4906427/,
6874567.0,2011.0,Douban,7256,,,,6.5,惊叫大电影 Chillerama,,Comedy / Horror,,"['12.4', '26.0', '42.1', '14.7', '4.8']",https://movie.douban.com/subject/6874567/,
3282392.0,2011.0,Douban,5822,,,,6.8,海狸 The Beaver,,Drama / Comedy / Family,,"['8.7', '32.5', '50.6', '7.3', '0.9']",https://movie.douban.com/subject/3282392/,
3735003.0,2011.0,Douban,8250,,,,6.1,新天师斗僵尸 Fright Night,,Comedy / Horror,,"['4.9', '19.7', '55.9', '16.4', '3.0']",https://movie.douban.com/subject/3735003/,
4861405.0,2011.0,Douban,2864,,,,6.6,太平洋的奇迹 太平洋の奇跡－フォックスと呼ばれた男,,Drama / War,,"['13.2', '26.2', '43.7', '10.6', '6.3']",https://movie.douban.com/subject/4861405/,
6804960.0,2011.0,Douban,3996,,,,8.4,天堂岛疑云 第一季 Death in Paradise Season 1,,Mystery / Crime,,"['36.3', '50.5', '12.4', '0.6', '0.2']",https://movie.douban.com/subject/6804960/,
5969389.0,2011.0,Douban,4979,,,,9.1,他们在岛屿写作：化城再来人 他們在島嶼寫作：化城再來人,,Documentary,,"['62.8', '31.1', '5.4', '0.4', '0.3']",https://movie.douban.com/subject/5969389/,
5295610.0,2011.0,Douban,26168,,,,8.2,第八日的蝉 八日目の蟬,,Drama,,"['31.8', '49.7', '16.5', '1.6', '0.4']",https://movie.douban.com/subject/5295610/,
4896263.0,2011.0,Douban,198742,,,,6.5,将爱情进行到底,,Drama / Romance,,"['8.2', '29.2', '47.0', '12.5', '3.1']",https://movie.douban.com/subject/4896263/,
5924360.0,2011.0,Douban,4094,,,,6.5,竞雄女侠秋瑾,,Drama / Action / Biography,,"['11.8', '24.5', '46.5', '12.9', '4.3']",https://movie.douban.com/subject/5924360/,
4304402.0,2010.0,Douban,93782,,,,8.7,精英部队2：大敌当前 Tropa de Elite 2 - O Inimigo Agora É Outro,,Drama / Action / Thriller / Crime,,"['47.8', '39.8', '11.1', '1.0', '0.3']",https://movie.douban.com/subject/4304402/,
6952149.0,2012.0,Douban,247649,,,,9.7,绝命毒师 第五季 Breaking Bad Season 5,,Drama / Crime,,"['86.3', '11.3', '1.9', '0.2', '0.2']",https://movie.douban.com/subject/6952149/,
3592853.0,2012.0,Douban,406821,,,,7.2,饥饿游戏 The Hunger Games,,Action / Sci-Fi / Adventure,,"['14.5', '38.7', '38.5', '6.8', '1.5']",https://movie.douban.com/subject/3592853/,
3143676.0,2011.0,Douban,277119,,,,7.6,林中小屋 The Cabin in the Woods,,Horror,,"['20.0', '45.4', '29.3', '4.3', '1.0']",https://movie.douban.com/subject/3143676/,
6558062.0,2012.0,Douban,289111,,,,9.5,权力的游戏 第二季 Game of Thrones Season 2,,Drama / Fantasy / Adventure,,"['77.8', '19.2', '2.7', '0.2', '0.1']",https://movie.douban.com/subject/6558062/,
10537853.0,2012.0,Douban,281623,,,,8.6,万箭穿心,,Drama / Family,,"['44.7', '44.3', '9.8', '0.8', '0.4']",https://movie.douban.com/subject/10537853/,
3771562.0,2012.0,Douban,428165,,,,7.7,普罗米修斯 Prometheus,,Sci-Fi / Thriller / Adventure,,"['22.3', '45.2', '27.7', '3.8', '1.0']",https://movie.douban.com/subject/3771562/,
6890730.0,2012.0,Douban,407193,,,,7.6,寒战 寒戰,,Drama / Action / Crime,,"['16.8', '50.4', '29.9', '2.5', '0.4']",https://movie.douban.com/subject/6890730/,
6710798.0,2012.0,Douban,34382,,,,6.7,恩娇 은교,,Drama / Romance,,"['9.4', '30.2', '49.9', '8.9', '1.6']",https://movie.douban.com/subject/6710798/,
6080775.0,2012.0,Douban,241748,,,,6.8,黄金大劫案,,Drama / Comedy / Action / Romance / History / War,,"['11.1', '33.5', '43.9', '9.4', '2.2']",https://movie.douban.com/subject/6080775/,
4176542.0,2012.0,Douban,270696,,,,7.8,杀生,,Drama / Mystery,,"['23.1', '50.0', '23.4', '2.8', '0.8']",https://movie.douban.com/subject/4176542/,
6738735.0,2012.0,Douban,94807,,,,7.3,大追捕,,Drama / Action / Mystery / Thriller / Crime,,"['15.4', '42.2', '37.3', '4.4', '0.6']",https://movie.douban.com/subject/6738735/,
1889242.0,2012.0,Douban,54606,,,,7.8,林肯 Lincoln,,Drama / Biography / History,,"['21.3', '49.5', '26.4', '2.3', '0.5']",https://movie.douban.com/subject/1889242/,
3742937.0,2012.0,Douban,138742,,,,6.7,超级战舰 Battleship,,Action / Sci-Fi / Adventure / Disaster,,"['9.4', '30.4', '47.4', '10.6', '2.1']",https://movie.douban.com/subject/3742937/,
6860160.0,2012.0,Douban,367710,,,,8.7,悲惨世界 Les Misérables,,Drama / Romance / Musical,,"['49.3', '37.9', '11.2', '1.2', '0.3']",https://movie.douban.com/subject/6860160/,
6532822.0,2012.0,Douban,219391,,,,6.4,生化危机5：惩罚 Resident Evil: Retribution,,Action / Sci-Fi / Horror,,"['11.7', '22.6', '45.5', '16.1', '4.1']",https://movie.douban.com/subject/6532822/,
6142597.0,2012.0,Douban,91110,,,,9.1,新闻编辑室 第一季 The Newsroom Season 1,,Drama,,"['65.6', '26.8', '6.3', '1.0', '0.4']",https://movie.douban.com/subject/6142597/,
2129132.0,2012.0,Douban,367687,,,,7.8,超凡蜘蛛侠 The Amazing Spider-Man,,Action / Sci-Fi / Fantasy / Adventure,,"['22.7', '46.2', '28.1', '2.6', '0.5']",https://movie.douban.com/subject/2129132/,
6880497.0,2012.0,Douban,172930,,,,8.5,盗钥匙的方法 鍵泥棒のメソッド,,Drama / Comedy,,"['38.6', '48.8', '11.9', '0.6', '0.1']",https://movie.douban.com/subject/6880497/,
3036473.0,2012.0,Douban,203746,,,,7.7,勇敢传说 Brave,,Comedy / Animation / Fantasy / Adventure,,"['20.4', '46.1', '30.5', '2.6', '0.4']",https://movie.douban.com/subject/3036473/,
10466639.0,2012.0,Douban,18246,,,,6.7,致命录像带 V/H/S,,Thriller / Horror,,"['11.2', '28.7', '45.7', '11.5', '3.0']",https://movie.douban.com/subject/10466639/,
6788517.0,2012.0,Douban,21905,,,,6.4,无人生还 No One Lives,,Thriller / Horror,,"['8.9', '24.7', '48.9', '14.4', '3.1']",https://movie.douban.com/subject/6788517/,
2567647.0,2012.0,Douban,83201,,,,8.4,福音战士新剧场版：Q ヱヴァンゲリヲン新劇場版：Q,,Drama / Sci-Fi / Animation,,"['43.8', '35.3', '16.7', '2.9', '1.2']",https://movie.douban.com/subject/2567647/,
10733396.0,2014.0,Douban,2244,,,,7.4,礼物 禮物,,Animation / Short,,"['16.5', '43.7', '35.5', '3.4', '0.9']",https://movie.douban.com/subject/10733396/,
3993559.0,2012.0,Douban,202526,,,,8.8,赛德克·巴莱 賽德克·巴萊,,Drama / History / War,,"['53.9', '36.2', '8.7', '0.8', '0.4']",https://movie.douban.com/subject/3993559/,
10344754.0,2012.0,Douban,254550,,,,7.6,毒战 毒戰,,Drama / Action / Crime,,"['18.8', '47.5', '29.4', '3.5', '0.8']",https://movie.douban.com/subject/10344754/,
6965622.0,2012.0,Douban,54561,,,,8.4,悬崖,,Drama / Mystery / History / War,,"['41.1', '42.6', '13.4', '1.9', '1.0']",https://movie.douban.com/subject/6965622/,
6558801.0,2012.0,Douban,110128,,,,8.1,浪客剑心 るろうに剣心,,Drama / Action / Costume,,"['30.5', '48.0', '19.5', '1.6', '0.4']",https://movie.douban.com/subject/6558801/,
4807924.0,2012.0,Douban,285679,,,,7.2,泰迪熊 Ted,,Comedy,,"['14.1', '38.6', '40.2', '6.0', '1.0']",https://movie.douban.com/subject/4807924/,
11498785.0,2012.0,Douban,101107,,,,9.0,JOJO的奇妙冒险 ジョジョの奇妙な冒険,,Drama / Action / Animation / Adventure,,"['64.2', '26.4', '7.6', '1.1', '0.7']",https://movie.douban.com/subject/11498785/,
6110546.0,2012.0,Douban,94206,,,,7.3,安娜·卡列尼娜 Anna Karenina,,Drama / Romance,,"['14.8', '42.4', '37.1', '4.9', '0.8']",https://movie.douban.com/subject/6110546/,
11537964.0,2012.0,Douban,7149,,,,7.7,有人赞美聪慧，有人则不,,Drama / Family / Children,,"['20.7', '50.0', '26.1', '2.5', '0.8']",https://movie.douban.com/subject/11537964/,
3530403.0,2012.0,Douban,413764,,,,8.1,云图 Cloud Atlas,,Drama / Sci-Fi / Mystery,,"['34.2', '42.4', '19.7', '2.8', '0.9']",https://movie.douban.com/subject/3530403/,
5996800.0,2012.0,Douban,107353,,,,5.8,太极1：从零开始,,Comedy / Action / Fantasy / Chinese swordplay / Costume,,"['5.1', '16.3', '47.8', '22.8', '8.0']",https://movie.douban.com/subject/5996800/,
10543521.0,2012.0,Douban,25259,,,,9.0,妙警贼探 第四季 White Collar Season 4,,Drama / Comedy / Mystery / Crime,,"['59.8', '32.7', '6.9', '0.4', '0.1']",https://movie.douban.com/subject/10543521/,
3269068.0,2012.0,Douban,303758,,,,8.1,精灵旅社 Hotel Transylvania,,Comedy / Animation / Fantasy,,"['28.3', '50.7', '19.6', '1.2', '0.2']",https://movie.douban.com/subject/3269068/,
10748498.0,2012.0,Douban,21006,,,,8.2,汉娜·阿伦特 Hannah Arendt,,Drama / Biography,,"['31.5', '49.3', '17.3', '1.5', '0.3']",https://movie.douban.com/subject/10748498/,
10733357.0,2012.0,Douban,21505,,,,6.8,两个月亮 두 개의 달,,Mystery / Horror,,"['9.2', '32.1', '48.0', '9.1', '1.6']",https://movie.douban.com/subject/10733357/,
6875615.0,2012.0,Douban,37525,,,,6.9,险恶 Sinister,,Thriller / Horror,,"['10.6', '34.1', '45.6', '8.3', '1.4']",https://movie.douban.com/subject/6875615/,
5995338.0,2012.0,Douban,32592,,,,7.7,如沐爱河 Like Someone in Love,,Drama,,"['20.7', '48.2', '27.1', '3.2', '0.8']",https://movie.douban.com/subject/5995338/,
11226092.0,2012.0,Douban,60074,,,,8.3,中二病也要谈恋爱！ 中二病でも恋がしたい！,,Comedy / Animation,,"['40.3', '40.0', '16.9', '2.1', '0.7']",https://movie.douban.com/subject/11226092/,
6390832.0,2012.0,Douban,51980,,,,7.4,迫降航班 Flight,,Drama / Disaster,,"['13.2', '47.3', '36.6', '2.5', '0.4']",https://movie.douban.com/subject/6390832/,
6053731.0,2012.0,Douban,58594,,,,7.0,超能失控 Chronicle,,Drama / Sci-Fi / Thriller,,"['12.1', '37.5', '41.7', '7.3', '1.4']",https://movie.douban.com/subject/6053731/,
5346468.0,2012.0,Douban,48340,,,,7.7,生化危机：诅咒 バイオハザード ダムネーション,,Action / Sci-Fi / Animation / Thriller / Horror,,"['20.7', '48.9', '27.7', '2.3', '0.5']",https://movie.douban.com/subject/5346468/,
11527487.0,2012.0,Douban,80200,,,,8.5,弗兰西丝·哈 Frances Ha,,Drama / Comedy,,"['40.3', '45.5', '12.8', '1.2', '0.3']",https://movie.douban.com/subject/11527487/,
6522269.0,2012.0,Douban,449442,,,,9.6,神探夏洛克 第二季 Sherlock Season 2,,Drama / Mystery / Crime,,"['82.5', '15.4', '1.9', '0.1', '0.1']",https://movie.douban.com/subject/6522269/,
6537486.0,2012.0,Douban,189145,,,,8.5,登堂入室 Dans la maison,,Drama / Mystery,,"['40.6', '45.6', '12.3', '1.1', '0.4']",https://movie.douban.com/subject/6537486/,
3569911.0,2012.0,Douban,120617,,,,7.1,全面回忆 Total Recall,,Action / Sci-Fi / Thriller / Adventure,,"['11.2', '40.1', '42.7', '5.2', '0.8']",https://movie.douban.com/subject/3569911/,
10522066.0,2012.0,Douban,13097,,,,7.5,待绽蔷薇 Starlet,,Drama / Eroticism,,"['17.6', '44.2', '32.8', '4.1', '1.2']",https://movie.douban.com/subject/10522066/,
4832825.0,2012.0,Douban,97371,,,,7.8,海啸奇迹 Lo imposible,,Drama / Family / Disaster,,"['21.0', '50.6', '26.0', '2.0', '0.3']",https://movie.douban.com/subject/4832825/,
10608242.0,2012.0,Douban,54283,,,,7.6,女尸谜案 El cuerpo,,Mystery / Thriller / Crime,,"['17.3', '49.8', '29.9', '2.5', '0.4']",https://movie.douban.com/subject/10608242/,
4202204.0,2012.0,Douban,84022,,,,5.8,王的盛宴,,History / Costume,,"['9.8', '18.5', '36.7', '23.6', '11.4']",https://movie.douban.com/subject/4202204/,
5502697.0,2012.0,Douban,196226,,,,7.3,夺宝联盟 도둑들,,Action / Crime,,"['13.3', '42.8', '39.3', '4.0', '0.6']",https://movie.douban.com/subject/5502697/,
6129462.0,2012.0,Douban,23566,,,,8.4,白色严冬 Into the White,,Drama / History / War,,"['34.4', '51.1', '13.2', '0.8', '0.4']",https://movie.douban.com/subject/6129462/,
24754082.0,2012.0,Douban,17034,,,,8.4,我亲爱的甜橙树 Meu Pé de Laranja Lima,,Drama,,"['35.4', '49.2', '14.2', '1.0', '0.3']",https://movie.douban.com/subject/24754082/,
10549251.0,2012.0,Douban,84211,,,,9.6,疑犯追踪 第二季 Person of Interest Season 2,,Drama / Thriller / Crime,,"['81.2', '16.3', '2.2', '0.1', '0.1']",https://movie.douban.com/subject/10549251/,
4847665.0,2012.0,Douban,204507,,,,8.0,壁花少年 The Perks of Being a Wallflower,,Drama / Romance,,"['27.9', '47.1', '22.9', '1.9', '0.3']",https://movie.douban.com/subject/4847665/,
6889533.0,2012.0,Douban,13928,,,,7.7,乌鸦的拇指 カラスの親指,,Drama / Mystery,,"['18.8', '51.2', '27.2', '2.2', '0.5']",https://movie.douban.com/subject/6889533/,
3387483.0,2012.0,Douban,39599,,,,6.5,特警判官 Dredd,,Action / Sci-Fi / Thriller / Crime,,"['8.5', '26.6', '51.0', '11.7', '2.2']",https://movie.douban.com/subject/3387483/,
6430835.0,2012.0,Douban,70820,,,,7.7,猎杀本·拉登 Zero Dark Thirty,,Drama / Thriller / History,,"['19.1', '49.9', '27.6', '2.7', '0.7']",https://movie.douban.com/subject/6430835/,
6772974.0,2012.0,Douban,11462,,,,7.5,暗金丑岛君 闇金ウシジマくん,,Drama / Crime,,"['20.6', '40.2', '33.9', '4.3', '0.9']",https://movie.douban.com/subject/6772974/,
19945722.0,2012.0,Douban,5036,,,,7.7,刷车,,Drama / Mystery / Short / Crime,,"['20.9', '46.7', '27.8', '3.3', '1.2']",https://movie.douban.com/subject/19945722/,
6312211.0,2012.0,Douban,183393,,,,7.9,爱情公寓3,,Drama / Comedy / Romance,,"['35.9', '35.4', '20.1', '3.3', '5.3']",https://movie.douban.com/subject/6312211/,
5351755.0,2012.0,Douban,5549,,,,6.4,高个夜魔 The Tall Man,,Mystery / Thriller / Horror,,"['7.6', '25.8', '48.9', '13.9', '3.8']",https://movie.douban.com/subject/5351755/,
6984051.0,2012.0,Douban,79401,,,,6.6,名侦探柯南：第十一名前锋 名探偵コナン 11人目のストライカー,,Action / Animation,,"['12.2', '23.1', '49.6', '13.0', '2.2']",https://movie.douban.com/subject/6984051/,
10561953.0,2012.0,Douban,126033,,,,9.2,生活大爆炸 第六季 The Big Bang Theory Season 6,,Comedy,,"['65.5', '27.6', '6.2', '0.5', '0.2']",https://movie.douban.com/subject/10561953/,
6844868.0,2012.0,Douban,285719,,,,8.1,狼少年 늑대소년,,Romance / Fantasy,,"['30.6', '45.6', '20.9', '2.3', '0.6']",https://movie.douban.com/subject/6844868/,
10527275.0,2012.0,Douban,43432,,,,9.0,来自新世界 新世界より,,Drama / Animation,,"['63.7', '26.4', '7.8', '1.4', '0.7']",https://movie.douban.com/subject/10527275/,
11232690.0,2012.0,Douban,6559,,,,9.5,办公室 第九季 The Office Season 9,,Comedy / Romance,,"['80.8', '13.9', '4.2', '0.7', '0.5']",https://movie.douban.com/subject/11232690/,
10746430.0,2012.0,Douban,26846,,,,8.2,阿修罗 アシュラ,,Animation / Horror / History,,"['33.3', '46.1', '17.7', '2.2', '0.7']",https://movie.douban.com/subject/10746430/,
10508876.0,2012.0,Douban,74924,,,,7.5,邻居 이웃사람,,Drama / Thriller,,"['16.1', '46.3', '33.7', '3.3', '0.6']",https://movie.douban.com/subject/10508876/,
10508879.0,2012.0,Douban,15868,,,,6.2,青魇,,Drama / Mystery / Horror,,"['6.6', '20.3', '52.1', '16.9', '4.2']",https://movie.douban.com/subject/10508879/,
10756709.0,2012.0,Douban,33931,,,,7.7,绯闻女孩 第六季 Gossip Girl Season 6,,Drama / Romance,,"['27.1', '36.7', '30.1', '4.7', '1.4']",https://movie.douban.com/subject/10756709/,
19976810.0,2012.0,Douban,57504,,,,7.4,屌丝男士 第一季,,Comedy,,"['20.3', '40.3', '32.4', '4.6', '2.4']",https://movie.douban.com/subject/19976810/,
4903581.0,2012.0,Douban,12704,,,,4.6,追凶,,Mystery / Thriller / Crime,,"['2.7', '5.7', '31.1', '39.2', '21.3']",https://movie.douban.com/subject/4903581/,
6535907.0,2012.0,Douban,7137,,,,7.1,卖梦的两人 夢売るふたり,,Drama / Crime,,"['10.1', '42.0', '42.4', '4.6', '0.9']",https://movie.douban.com/subject/6535907/,
6796158.0,2012.0,Douban,67572,,,,5.3,铜雀台,,Drama / Costume,,"['6.6', '9.1', '38.5', '32.5', '13.2']",https://movie.douban.com/subject/6796158/,
3025809.0,2012.0,Douban,30090,,,,7.3,无法无天 Lawless,,Drama / Crime / Western,,"['13.4', '44.2', '38.0', '3.7', '0.7']",https://movie.douban.com/subject/3025809/,
10851241.0,2012.0,Douban,6676,,,,6.0,捉奸侦探 간기남,,Drama / Comedy / Thriller,,"['5.7', '17.2', '54.3', '18.9', '3.9']",https://movie.douban.com/subject/10851241/,
10537949.0,2012.0,Douban,36440,,,,7.1,恶之教典 悪の教典,,Thriller,,"['13.8', '38.1', '39.2', '7.0', '1.8']",https://movie.douban.com/subject/10537949/,
10810336.0,2012.0,Douban,23998,,,,6.9,恐怖故事 무서운 이야기,,Horror,,"['10.7', '34.6', '44.9', '8.2', '1.6']",https://movie.douban.com/subject/10810336/,
10586620.0,2012.0,Douban,30032,,,,7.6,浮城大亨 浮城,,Drama,,"['20.3', '42.3', '32.8', '3.9', '0.7']",https://movie.douban.com/subject/10586620/,
6755346.0,2012.0,Douban,28838,,,,7.5,妙笔生花 The Words,,Drama / Romance,,"['16.2', '48.4', '32.3', '2.7', '0.4']",https://movie.douban.com/subject/6755346/,
3769423.0,2012.0,Douban,106081,,,,8.2,守护者联盟 Rise of the Guardians,,Animation / Family / Fantasy / Adventure,,"['32.4', '45.4', '20.2', '1.7', '0.3']",https://movie.douban.com/subject/3769423/,
6534230.0,2012.0,Douban,14916,,,,8.9,谋杀 第二季 The Killing Season 2,,Drama / Crime,,"['54.4', '35.8', '8.6', '0.8', '0.4']",https://movie.douban.com/subject/6534230/,
7064681.0,2012.0,Douban,143700,,,,8.6,狼的孩子雨和雪 おおかみこどもの雨と雪,,Drama / Animation / Family / Fantasy,,"['46.4', '40.2', '11.9', '1.0', '0.4']",https://movie.douban.com/subject/7064681/,
1985677.0,2012.0,Douban,74656,,,,6.6,异星战场 John Carter,,Action / Sci-Fi / Fantasy / Adventure,,"['9.5', '27.1', '49.2', '11.7', '2.5']",https://movie.douban.com/subject/1985677/,
11610998.0,2012.0,Douban,16881,,,,6.5,鬼三惊 ตีสาม 3D,,Horror,,"['8.6', '25.0', '53.1', '11.1', '2.1']",https://movie.douban.com/subject/11610998/,
5360889.0,2012.0,Douban,147746,,,,8.4,月升王国 Moonrise Kingdom,,Drama / Children,,"['36.7', '46.7', '14.9', '1.4', '0.3']",https://movie.douban.com/subject/5360889/,
6991110.0,2012.0,Douban,118630,,,,6.5,消失的子弹,,Action / Mystery / Crime,,"['6.1', '27.0', '54.8', '10.3', '1.8']",https://movie.douban.com/subject/6991110/,
19965194.0,2012.0,Douban,2667,,,,8.3,如此美好的一天 It's Such a Beautiful Day,,Drama / Comedy / Sci-Fi / Animation / Fantasy,,"['39.9', '40.0', '16.4', '2.4', '1.3']",https://movie.douban.com/subject/19965194/,
6128922.0,2012.0,Douban,32292,,,,7.9,警戒结束 End of Watch,,Drama / Action / Crime,,"['23.3', '52.3', '21.6', '2.3', '0.5']",https://movie.douban.com/subject/6128922/,
6901036.0,2012.0,Douban,19150,,,,8.4,木府风云,,Drama / Costume,,"['40.1', '41.8', '14.9', '2.2', '1.0']",https://movie.douban.com/subject/6901036/,
6905169.0,2012.0,Douban,44984,,,,7.3,我妻子的一切 내 아내의 모든 것,,Comedy / Romance,,"['14.3', '41.5', '39.1', '4.4', '0.7']",https://movie.douban.com/subject/6905169/,
5989840.0,2012.0,Douban,82875,,,,6.8,轩辕剑之天之痕,,Action / Romance / Fantasy / Costume,,"['18.2', '26.9', '39.0', '10.2', '5.7']",https://movie.douban.com/subject/5989840/,
3642835.0,2012.0,Douban,303241,,,,7.7,黑衣人3 Men in Black III,,Comedy / Action / Sci-Fi,,"['20.3', '49.0', '28.3', '2.2', '0.3']",https://movie.douban.com/subject/3642835/,
5924362.0,2012.0,Douban,82803,,,,7.9,与犯罪的战争：坏家伙的全盛时代 범죄와의 전쟁 : 나쁜놈들 전성시대,,Drama / Crime,,"['23.3', '52.2', '22.9', '1.3', '0.3']",https://movie.douban.com/subject/5924362/,
6829652.0,2012.0,Douban,166621,,,,7.5,女朋友，男朋友 女朋友○男朋友,,Drama / Romance / Homosexual,,"['17.1', '46.0', '32.8', '3.5', '0.6']",https://movie.douban.com/subject/6829652/,
5157137.0,2012.0,Douban,47723,,,,7.7,勇者行动 Act of Valor,,Drama / Action / War,,"['22.3', '45.7', '28.6', '2.9', '0.5']",https://movie.douban.com/subject/5157137/,
11636395.0,2012.0,Douban,1113,,,,7.0,金田一少年事件簿：黑魔术杀人事件 前篇 金田一少年の事件簿 黒魔術殺人事件 前編,,Drama / Animation / Mystery / Crime,,"['10.4', '33.8', '51.4', '3.4', '1.0']",https://movie.douban.com/subject/11636395/,
10438426.0,2012.0,Douban,180308,,,,7.5,浮城谜事,,Drama / Crime,,"['15.0', '49.8', '31.8', '2.9', '0.6']",https://movie.douban.com/subject/10438426/,
4718369.0,2012.0,Douban,131168,,,,6.5,白鹿原,,Drama / History,,"['7.7', '27.3', '49.1', '13.1', '2.8']",https://movie.douban.com/subject/4718369/,
3231740.0,2012.0,Douban,77046,,,,6.4,侠探杰克 Jack Reacher,,Action / Thriller / Crime,,"['6.5', '24.9', '53.7', '12.8', '2.2']",https://movie.douban.com/subject/3231740/,
10788846.0,2012.0,Douban,43546,,,,6.5,我老公不靠谱 我老婆唔够秤II：我老公唔生性,,Comedy / Romance,,"['7.9', '25.9', '50.4', '13.1', '2.7']",https://movie.douban.com/subject/10788846/,
7051270.0,2012.0,Douban,97650,,,,8.1,拥抱太阳的月亮 해를 품은 달,,Drama / Romance / Costume,,"['32.2', '45.7', '19.7', '1.8', '0.6']",https://movie.douban.com/subject/7051270/,
10549256.0,2012.0,Douban,24804,,,,9.1,犯罪心理 第八季 Criminal Minds Season 8,,Drama / Mystery / Thriller / Crime,,"['63.1', '30.7', '5.7', '0.3', '0.2']",https://movie.douban.com/subject/10549256/,
2336783.0,2012.0,Douban,66945,,,,7.7,科学怪狗 Frankenweenie,,Comedy / Sci-Fi / Animation / Horror,,"['20.6', '47.8', '29.1', '2.2', '0.3']",https://movie.douban.com/subject/2336783/,
10438697.0,2012.0,Douban,8497,,,,8.3,阴阳相成 Side by Side,,Documentary,,"['33.5', '51.5', '13.7', '0.9', '0.4']",https://movie.douban.com/subject/10438697/,
10831915.0,2012.0,Douban,3650,,,,7.8,凤凰路,,Documentary,,"['26.0', '43.1', '27.0', '3.1', '0.8']",https://movie.douban.com/subject/10831915/,
10600877.0,2012.0,Douban,3428,,,,6.5,歌剧魅影2：真爱不死 Love Never Dies,,Romance / Musical,,"['8.7', '28.7', '44.0', '15.2', '3.2']",https://movie.douban.com/subject/10600877/,
19976901.0,2012.0,Douban,645,,,,9.4,齐柏林飞艇：庆祝日 Led Zeppelin: Celebration Day,,Documentary / Music,,"['77.7', '16.9', '4.0', '0.8', '0.6']",https://movie.douban.com/subject/19976901/,
6717601.0,2012.0,Douban,6431,,,,7.0,在异国 다른나라에서,,Drama / Romance,,"['10.8', '36.6', '44.5', '6.9', '1.3']",https://movie.douban.com/subject/6717601/,
5325335.0,2012.0,Douban,2989,,,,6.0,恐怖海湾 The Bay,,Sci-Fi / Thriller / Horror,,"['7.2', '19.0', '47.8', '20.5', '5.4']",https://movie.douban.com/subject/5325335/,
3291376.0,2012.0,Douban,16161,,,,6.7,幸运符 The Lucky One,,Drama / Romance,,"['9.7', '26.3', '52.4', '10.2', '1.4']",https://movie.douban.com/subject/3291376/,
5240540.0,2012.0,Douban,6377,,,,5.9,街尾之宅 House at the End of the Street,,Thriller / Horror,,"['3.9', '15.2', '56.5', '21.2', '3.3']",https://movie.douban.com/subject/5240540/,
11612463.0,2012.0,Douban,32214,,,,8.7,X医生：外科医生大门未知子 第1季 ドクターX 外科医・大門未知子,,Drama / Comedy / Mystery,,"['48.4', '41.1', '9.6', '0.7', '0.2']",https://movie.douban.com/subject/11612463/,
6875451.0,2012.0,Douban,29092,,,,8.0,神圣车行 Holy Motors,,Drama / Fantasy,,"['31.5', '42.7', '20.0', '4.1', '1.7']",https://movie.douban.com/subject/6875451/,
10441064.0,2012.0,Douban,11426,,,,8.6,"亨利四世：第一部分 Henry IV, Part 1",,Drama / History,,"['45.0', '42.8', '11.2', '0.7', '0.3']",https://movie.douban.com/subject/10441064/,
3094909.0,2012.0,Douban,186282,,,,7.7,乌云背后的幸福线 Silver Linings Playbook,,Drama / Comedy / Romance / Family,,"['20.8', '48.2', '28.2', '2.4', '0.4']",https://movie.douban.com/subject/3094909/,
6900094.0,2012.0,Douban,23280,,,,5.7,后宫：帝王之妾 후궁: 제왕의 첩,,Drama / Eroticism / History,,"['4.9', '13.0', '50.9', '26.1', '5.2']",https://movie.douban.com/subject/6900094/,
6041191.0,2012.0,Douban,204663,,,,6.9,听风者,,Drama / Mystery,,"['9.4', '36.3', '46.5', '6.8', '1.0']",https://movie.douban.com/subject/6041191/,
6869395.0,2012.0,Douban,71159,,,,6.4,低俗喜剧 低俗喜劇,,Comedy,,"['9.7', '25.8', '44.4', '15.2', '4.9']",https://movie.douban.com/subject/6869395/,
6869412.0,2012.0,Douban,51083,,,,7.5,嫌疑人X的献身 용의자X,,Drama / Romance / Mystery / Crime,,"['17.7', '46.2', '32.0', '3.4', '0.7']",https://movie.douban.com/subject/6869412/,
5488029.0,2012.0,Douban,1947,,,,5.7,寂静的房子 Silent House,,Drama / Mystery / Horror,,"['6.0', '15.3', '45.7', '24.2', '8.8']",https://movie.douban.com/subject/5488029/,
10467774.0,2012.0,Douban,107291,,,,8.5,孙子从美国来,,Drama / Family / Children,,"['37.8', '48.5', '12.8', '0.8', '0.2']",https://movie.douban.com/subject/10467774/,
6037977.0,2012.0,Douban,14251,,,,5.3,饮食男女：好远又好近,,Drama / Comedy / Romance,,"['5.0', '12.1', '38.6', '30.0', '14.2']",https://movie.douban.com/subject/6037977/,
4301285.0,2012.0,Douban,31417,,,,7.0,藏身之所 Safe House,,Action / Thriller,,"['9.1', '38.9', '47.2', '4.3', '0.4']",https://movie.douban.com/subject/4301285/,
10877415.0,2012.0,Douban,80092,,,,8.9,元气少女缘结神 神様はじめました,,Drama / Animation,,"['56.7', '32.2', '9.8', '0.9', '0.3']",https://movie.douban.com/subject/10877415/,
7014896.0,2012.0,Douban,4786,,,,7.5,北方的金丝雀 北のカナリアたち,,Drama / Mystery,,"['18.0', '43.4', '34.2', '3.6', '0.9']",https://movie.douban.com/subject/7014896/,
6849035.0,2012.0,Douban,2958,,,,7.7,家族的国度 かぞくのくに,,Drama,,"['19.3', '51.2', '26.5', '1.9', '1.0']",https://movie.douban.com/subject/6849035/,
11610647.0,2012.0,Douban,2960,,,,8.3,那些特立独行的猪,,Romance,,"['40.1', '38.1', '18.4', '2.4', '1.0']",https://movie.douban.com/subject/11610647/,
5153883.0,2012.0,Douban,5994,,,,8.1,冲浪英豪 Chasing Mavericks,,Drama / Sport,,"['30.0', '48.2', '19.5', '1.8', '0.4']",https://movie.douban.com/subject/5153883/,
6857268.0,2012.0,Douban,4275,,,,6.2,观光客 Sightseers,,Comedy / Crime / Adventure,,"['6.5', '22.9', '48.0', '17.7', '4.8']",https://movie.douban.com/subject/6857268/,
10439235.0,2012.0,Douban,48718,,,,7.3,创可贴 반창꼬,,Drama / Comedy / Romance,,"['16.1', '40.7', '37.3', '4.8', '1.1']",https://movie.douban.com/subject/10439235/,
6060652.0,2012.0,Douban,10421,,,,6.9,红灯 Red Lights,,Drama / Mystery / Horror,,"['11.2', '33.8', '44.5', '9.1', '1.5']",https://movie.douban.com/subject/6060652/,
10756727.0,2012.0,Douban,6128,,,,8.5,少女与战车 ガールズ&パンツァー,,Drama / Animation,,"['48.1', '35.8', '12.5', '2.4', '1.2']",https://movie.douban.com/subject/10756727/,
10774980.0,2012.0,Douban,19775,,,,5.5,致命弯道5：血族 Wrong Turn 5: Bloodlines,,Horror,,"['8.1', '11.2', '39.8', '28.4', '12.5']",https://movie.douban.com/subject/10774980/,
10742456.0,2012.0,Douban,9214,,,,7.0,雷诺阿 Renoir,,Drama / Biography,,"['12.8', '34.0', '46.4', '6.0', '0.8']",https://movie.douban.com/subject/10742456/,
7058117.0,2012.0,Douban,6951,,,,7.5,苦役列车 苦役列車,,Drama,,"['16.3', '49.0', '30.1', '3.4', '1.1']",https://movie.douban.com/subject/7058117/,
6717573.0,2012.0,Douban,27851,,,,7.5,SPEC：天 劇場版 SPEC〜天〜,,Drama / Sci-Fi / Mystery,,"['20.8', '40.3', '33.0', '5.1', '0.9']",https://movie.douban.com/subject/6717573/,
10543906.0,2012.0,Douban,9285,,,,8.6,"亨利四世：第二部分 Henry IV, Part 2",,Drama / History,,"['43.7', '44.1', '11.4', '0.6', '0.2']",https://movie.douban.com/subject/10543906/,
11500323.0,2012.0,Douban,204,,,,6.9,胶囊 The Capsule,,Short,,"['15.8', '31.6', '38.3', '11.3', '3.0']",https://movie.douban.com/subject/11500323/,
5395262.0,2012.0,Douban,6342,,,,6.6,R2B：回到基地 알투비 : 리턴투베이스,,Drama / Action,,"['9.7', '25.5', '52.0', '10.2', '2.6']",https://movie.douban.com/subject/5395262/,
2363876.0,2012.0,Douban,266087,,,,7.2,007：大破天幕杀机 Skyfall,,Action / Thriller / Adventure,,"['12.6', '41.5', '40.3', '4.8', '0.7']",https://movie.douban.com/subject/2363876/,
4883258.0,2012.0,Douban,29219,,,,6.3,死亡录像3：创世纪 [REC]³ Génesis,,Comedy / Thriller / Horror,,"['10.5', '22.4', '45.5', '17.1', '4.5']",https://movie.douban.com/subject/4883258/,
4301662.0,2012.0,Douban,32870,,,,6.2,太空一号 Lockout,,Action / Sci-Fi / Thriller,,"['4.9', '19.5', '58.2', '15.0', '2.4']",https://movie.douban.com/subject/4301662/,
4739952.0,2010.0,Douban,1049002,,,,8.5,初恋这件小事 สิ่งเล็กเล็กที่เรียกว่า...รัก,,Drama / Comedy / Romance,,"['42.4', '41.5', '14.5', '1.3', '0.3']",https://movie.douban.com/subject/4739952/,
3072889.0,2012.0,Douban,36433,,,,6.9,龙虎少年队 21 Jump Street,,Comedy / Action / Crime,,"['11.2', '33.6', '46.9', '7.2', '1.1']",https://movie.douban.com/subject/3072889/,
6804373.0,2012.0,Douban,27138,,,,7.5,楚汉传奇,,History / Costume,,"['23.2', '39.9', '27.7', '5.9', '3.2']",https://movie.douban.com/subject/6804373/,
10355623.0,2012.0,Douban,3082,,,,7.9,跳跃大搜查线最终篇：新的希望 踊る大捜査線 THE FINAL 新たなる希望,,Drama / Action / Crime,,"['30.5', '39.2', '25.6', '3.4', '1.3']",https://movie.douban.com/subject/10355623/,
5968834.0,2012.0,Douban,61492,,,,7.5,摩天楼 타워,,Drama / Action / Disaster,,"['16.1', '47.0', '33.3', '3.0', '0.6']",https://movie.douban.com/subject/5968834/,
6534101.0,2012.0,Douban,15042,,,,8.6,一触即发,,Drama,,"['52.9', '31.5', '11.5', '2.2', '1.9']",https://movie.douban.com/subject/6534101/,
4326412.0,2012.0,Douban,39358,,,,6.3,吸血鬼猎人林肯 Abraham Lincoln: Vampire Hunter,,Action / Thriller / Horror / Fantasy,,"['6.4', '23.8', '52.9', '14.6', '2.3']",https://movie.douban.com/subject/4326412/,
3011617.0,2009.0,Douban,63074,,,,7.4,深空失忆 Pandorum,,Action / Sci-Fi / Mystery / Thriller / Horror,,"['17.2', '43.2', '34.2', '4.6', '0.8']",https://movie.douban.com/subject/3011617/,
10540066.0,2012.0,Douban,95083,,,,6.7,大上海,,Drama / Action,,"['10.7', '29.9', '45.5', '11.2', '2.7']",https://movie.douban.com/subject/10540066/,
10521690.0,2012.0,Douban,12600,,,,9.2,命运石之门：横行跋扈的浪荡之徒 STEINS;GATE 横行跋扈のポリオマニア,,Sci-Fi / Animation / Short,,"['69.6', '23.1', '6.6', '0.4', '0.3']",https://movie.douban.com/subject/10521690/,
6521950.0,2012.0,Douban,1121,,,,6.3,借尸还魂 시체가 돌아왔다,,Comedy / Crime,,"['5.3', '24.8', '53.1', '13.2', '3.6']",https://movie.douban.com/subject/6521950/,
4136036.0,2010.0,Douban,255030,,,,7.1,晚秋 만추,,Drama,,"['13.5', '37.3', '41.3', '6.8', '1.1']",https://movie.douban.com/subject/4136036/,
10777710.0,2012.0,Douban,11485,,,,8.8,回我的家 ゴーイング マイ ホーム,,Drama,,"['51.9', '36.3', '10.1', '1.3', '0.4']",https://movie.douban.com/subject/10777710/,
6839145.0,2012.0,Douban,94161,,,,6.8,铁线虫入侵 연가시,,Drama / Thriller / Disaster,,"['10.0', '32.7', '47.7', '8.1', '1.5']",https://movie.douban.com/subject/6839145/,
4828296.0,2010.0,Douban,37071,,,,9.0,妙警贼探 第二季 White Collar Season 2,,Drama / Comedy / Mystery / Crime,,"['59.3', '34.3', '6.0', '0.3', '0.1']",https://movie.douban.com/subject/4828296/,
5319819.0,2012.0,Douban,32839,,,,6.1,车手 車手,,Drama / Action / Crime,,"['4.5', '19.3', '57.0', '16.6', '2.6']",https://movie.douban.com/subject/5319819/,
6518638.0,2012.0,Douban,63886,,,,9.0,艾特熊和赛娜鼠 Ernest et Célestine,,Animation,,"['56.9', '35.3', '7.3', '0.4', '0.1']",https://movie.douban.com/subject/6518638/,
10439358.0,2012.0,Douban,98557,,,,7.2,狼狈 ヘルタースケルター,,Drama / Thriller / Crime,,"['15.8', '38.6', '38.6', '6.0', '0.9']",https://movie.douban.com/subject/10439358/,
6788265.0,2012.0,Douban,43783,,,,5.1,饭局也疯狂,,Drama / Comedy,,"['3.4', '9.7', '39.8', '32.5', '14.6']",https://movie.douban.com/subject/6788265/,
6872244.0,2012.0,Douban,51467,,,,7.8,飞越老人院,,Drama / Comedy,,"['25.1', '45.5', '25.3', '3.4', '0.6']",https://movie.douban.com/subject/6872244/,
6859640.0,2012.0,Douban,14769,,,,9.4,广告狂人 第五季 Mad Men Season 5,,Drama,,"['72.1', '23.9', '3.6', '0.2', '0.1']",https://movie.douban.com/subject/6859640/,
6894811.0,2012.0,Douban,80400,,,,9.2,男子高中生的日常 男子高校生の日常,,Drama / Comedy / Animation,,"['67.5', '25.3', '6.2', '0.7', '0.3']",https://movie.douban.com/subject/6894811/,
10829031.0,2012.0,Douban,10315,,,,8.5,重任在肩 第一季 Line of Duty Season 1,,Drama / Mystery / Thriller / Crime,,"['40.1', '46.7', '11.6', '1.2', '0.5']",https://movie.douban.com/subject/10829031/,
10429695.0,2012.0,Douban,8278,,,,5.6,灵动：鬼影实录4 Paranormal Activity 4,,Horror,,"['6.2', '13.0', '45.2', '27.5', '8.1']",https://movie.douban.com/subject/10429695/,
20391180.0,2012.0,Douban,1060,,,,4.5,角色扮演 롤플레이,,Romance / Thriller,,"['5.3', '6.3', '24.1', '34.4', '29.9']",https://movie.douban.com/subject/20391180/,
11593057.0,2012.0,Douban,3239,,,,7.7,亲密 親密さ,,Drama,,"['22.8', '46.8', '25.7', '3.8', '1.0']",https://movie.douban.com/subject/11593057/,
25716073.0,2012.0,Douban,136,,,,5.0,混世魔王樊瑞,,Drama / Action,,"['4.7', '3.5', '37.6', '45.9', '8.2']",https://movie.douban.com/subject/25716073/,
7015798.0,2012.0,Douban,66906,,,,9.2,寻找小糖人 Searching for Sugar Man,,Documentary / Music / Biography,,"['64.3', '29.8', '5.3', '0.4', '0.1']",https://movie.douban.com/subject/7015798/,
6061437.0,2012.0,Douban,8769,,,,5.8,真心话大冒险 Truth or Dare,,Thriller / Horror,,"['4.9', '15.7', '49.7', '23.1', '6.6']",https://movie.douban.com/subject/6061437/,
10484041.0,2013.0,Douban,204143,,,,8.8,横道世之介,,Drama / Romance,,"['53.7', '35.7', '9.4', '0.9', '0.3']",https://movie.douban.com/subject/10484041/,
10437779.0,2013.0,Douban,523053,,,,8.9,新世界 신세계,,Drama / Crime,,"['55.9', '36.1', '7.4', '0.5', '0.2']",https://movie.douban.com/subject/10437779/,
5323968.0,2013.0,Douban,520561,,,,7.8,环太平洋 Pacific Rim,,Action / Sci-Fi / Adventure,,"['25.7', '43.7', '26.2', '3.5', '0.8']",https://movie.douban.com/subject/5323968/,
10755367.0,2013.0,Douban,79349,,,,9.0,寂静人生 Still Life,,Drama,,"['58.8', '34.3', '6.3', '0.5', '0.2']",https://movie.douban.com/subject/10755367/,
2132473.0,2013.0,Douban,346169,,,,7.7,僵尸世界大战 World War Z,,Action / Sci-Fi / Horror,,"['20.1', '47.0', '29.6', '2.8', '0.5']",https://movie.douban.com/subject/2132473/,
3592859.0,2013.0,Douban,142235,,,,8.1,囚徒 Prisoners,,Drama / Mystery / Crime,,"['27.3', '53.7', '17.3', '1.3', '0.3']",https://movie.douban.com/subject/3592859/,
21360417.0,2013.0,Douban,724921,,,,8.7,恐怖直播 더 테러 라이브,,Drama / Mystery / Crime,,"['47.7', '41.5', '10.0', '0.7', '0.2']",https://movie.douban.com/subject/21360417/,
11627068.0,2013.0,Douban,108931,,,,8.2,大明劫,,Drama / History / Costume,,"['32.2', '48.5', '17.3', '1.6', '0.4']",https://movie.douban.com/subject/11627068/,
10763164.0,2013.0,Douban,297935,,,,7.6,扫毒 掃毒,,Drama / Action / Mystery / Crime,,"['20.6', '44.6', '29.6', '4.2', '1.0']",https://movie.douban.com/subject/10763164/,
10777687.0,2013.0,Douban,618302,,,,8.9,7号房的礼物 7번방의 선물,,Drama / Comedy / Family,,"['57.5', '33.5', '8.0', '0.8', '0.3']",https://movie.douban.com/subject/10777687/,
6722879.0,2013.0,Douban,491098,,,,8.4,她 Her,,Drama / Romance / Sci-Fi,,"['39.9', '44.1', '14.2', '1.4', '0.3']",https://movie.douban.com/subject/6722879/,
19955828.0,2013.0,Douban,54262,,,,8.1,穿裘皮的维纳斯 La Vénus à la fourrure,,Drama,,"['32.8', '44.6', '18.8', '2.8', '0.9']",https://movie.douban.com/subject/19955828/,
10432911.0,2013.0,Douban,390397,,,,7.8,流感 감기,,Drama / Action / Adventure,,"['23.4', '46.9', '25.1', '3.6', '1.1']",https://movie.douban.com/subject/10432911/,
10590706.0,2013.0,Douban,259168,,,,9.5,权力的游戏 第三季 Game of Thrones Season 3,,Drama / Fantasy / Adventure,,"['79.8', '17.5', '2.4', '0.2', '0.1']",https://movie.douban.com/subject/10590706/,
24324730.0,2013.0,Douban,43725,,,,8.0,爸妈不在家 爸媽不在家,,Drama,,"['19.6', '60.3', '19.0', '0.9', '0.2']",https://movie.douban.com/subject/24324730/,
6517421.0,2013.0,Douban,626425,,,,7.8,惊天魔盗团 Now You See Me,,Drama / Mystery / Crime,,"['22.8', '49.6', '24.8', '2.4', '0.4']",https://movie.douban.com/subject/6517421/,
6021916.0,2013.0,Douban,146547,,,,7.5,温暖的尸体 Warm Bodies,,Comedy / Romance / Horror,,"['18.3', '45.0', '32.3', '3.8', '0.6']",https://movie.douban.com/subject/6021916/,
7059671.0,2013.0,Douban,224008,,,,8.4,最佳出价 La migliore offerta,,Drama / Romance / Mystery,,"['34.2', '50.9', '13.7', '1.0', '0.2']",https://movie.douban.com/subject/7059671/,
21937438.0,2013.0,Douban,159678,,,,8.2,蒙太奇 몽타주,,Drama / Thriller / Crime,,"['29.9', '53.1', '16.0', '0.9', '0.2']",https://movie.douban.com/subject/21937438/,
6037429.0,2013.0,Douban,234832,,,,9.3,纸牌屋 第一季 House of Cards Season 1,,Drama,,"['69.3', '26.5', '3.7', '0.3', '0.1']",https://movie.douban.com/subject/6037429/,
20388224.0,2013.0,Douban,112146,,,,7.7,绝密跟踪 감시자들,,Action / Crime,,"['17.8', '51.3', '28.6', '1.9', '0.4']",https://movie.douban.com/subject/20388224/,
10539856.0,2013.0,Douban,99509,,,,8.6,汉尼拔 第一季 Hannibal Season 1,,Mystery / Thriller / Crime,,"['47.7', '37.6', '12.5', '1.7', '0.6']",https://movie.douban.com/subject/10539856/,
21937445.0,2013.0,Douban,653475,,,,9.2,辩护人 변호인,,Drama,,"['66.4', '28.7', '4.6', '0.3', '0.1']",https://movie.douban.com/subject/21937445/,
20438548.0,2013.0,Douban,30456,,,,8.5,蜡笔小新：超级美味！B级美食大逃亡！ 映画クレヨンしんちゃん バカうまっ！B級グルメサバイバル!!,,Animation,,"['42.2', '41.4', '15.2', '1.0', '0.2']",https://movie.douban.com/subject/20438548/,
10760030.0,2013.0,Douban,67105,,,,8.2,绝美之城 La grande bellezza,,Drama,,"['36.0', '42.1', '17.9', '3.0', '1.0']",https://movie.douban.com/subject/10760030/,
4116481.0,2013.0,Douban,108526,,,,6.5,极乐空间 Elysium,,Drama / Action / Sci-Fi,,"['7.1', '24.7', '54.1', '12.2', '1.8']",https://movie.douban.com/subject/4116481/,
4896894.0,2013.0,Douban,92333,,,,7.5,斯托克 Stoker,,Drama / Mystery / Thriller,,"['18.7', '44.6', '31.5', '4.2', '1.0']",https://movie.douban.com/subject/4896894/,
3279054.0,2013.0,Douban,26405,,,,6.5,老男孩 Oldboy,,Drama / Action / Mystery / Thriller,,"['8.5', '26.4', '50.9', '11.9', '2.3']",https://movie.douban.com/subject/3279054/,
20470074.0,2013.0,Douban,369506,,,,8.3,言叶之庭 言の葉の庭,,Romance / Animation,,"['37.6', '42.5', '17.6', '1.9', '0.4']",https://movie.douban.com/subject/20470074/,
22715021.0,2013.0,Douban,221904,,,,8.0,僵尸 殭屍,,Horror,,"['27.9', '47.5', '21.2', '2.7', '0.7']",https://movie.douban.com/subject/22715021/,
25698722.0,2013.0,Douban,427780,,,,8.5,来自星星的你 별에서 온 그대,,Romance,,"['44.0', '40.6', '13.3', '1.2', '0.8']",https://movie.douban.com/subject/25698722/,
20274039.0,2013.0,Douban,76032,,,,6.5,名侦探柯南：远海的侦探 名探偵コナン 絶海の探偵,,Animation / Mystery / Crime / Adventure,,"['11.6', '22.4', '48.4', '13.9', '3.6']",https://movie.douban.com/subject/20274039/,
21356379.0,2013.0,Douban,36243,,,,8.8,寻找薇薇安·迈尔 Finding Vivian Maier,,Documentary,,"['50.0', '41.5', '7.9', '0.4', '0.1']",https://movie.douban.com/subject/21356379/,
24851523.0,2013.0,Douban,11271,,,,8.8,梦与狂想的王国 夢と狂気の王国,,Documentary,,"['50.6', '39.1', '9.5', '0.5', '0.3']",https://movie.douban.com/subject/24851523/,
3895511.0,2013.0,Douban,174238,,,,7.1,遗落战境 Oblivion,,Action / Sci-Fi / Adventure,,"['12.8', '38.5', '42.2', '5.7', '0.8']",https://movie.douban.com/subject/3895511/,
3364223.0,2013.0,Douban,719164,,,,8.0,了不起的盖茨比 The Great Gatsby,,Drama / Romance,,"['27.6', '47.3', '22.6', '2.2', '0.4']",https://movie.douban.com/subject/3364223/,
11523496.0,2013.0,Douban,3550,,,,7.6,去见小洋葱的母亲 ペコロスの母に会いに行く,,Drama / Comedy / Family,,"['18.0', '46.4', '32.1', '2.9', '0.7']",https://movie.douban.com/subject/11523496/,
10569151.0,2013.0,Douban,26817,,,,9.3,剧场版魔法少女小圆 新篇 叛逆的故事 劇場版 魔法少女まどか☆マギカ [新編] 叛逆の物語,,Animation,,"['72.7', '20.9', '5.2', '0.7', '0.5']",https://movie.douban.com/subject/10569151/,
1929473.0,2013.0,Douban,3499,,,,6.2,红杏出墙 In Secret,,Drama / Thriller / Crime,,"['6.7', '17.4', '56.9', '16.2', '2.8']",https://movie.douban.com/subject/1929473/,
3821067.0,2013.0,Douban,684476,,,,8.2,一代宗师 一代宗師,,Drama / Action / Romance / Biography,,"['34.6', '44.4', '17.8', '2.3', '0.8']",https://movie.douban.com/subject/3821067/,
22623816.0,2013.0,Douban,172462,,,,9.6,"我们的父辈 Unsere Mütter, unsere Väter",,Drama / Action / History / War,,"['83.0', '15.0', '1.8', '0.1', '0.1']",https://movie.douban.com/subject/22623816/,
21815004.0,2013.0,Douban,72415,,,,7.5,花容月貌 Jeune & Jolie,,Drama,,"['16.3', '45.5', '34.7', '3.0', '0.5']",https://movie.douban.com/subject/21815004/,
4116480.0,2013.0,Douban,120099,,,,8.2,菲利普船长 Captain Phillips,,Drama / Thriller / Biography,,"['29.4', '54.1', '15.5', '0.9', '0.2']",https://movie.douban.com/subject/4116480/,
10438691.0,2013.0,Douban,54944,,,,7.4,副作用 Side Effects,,Drama / Thriller / Crime,,"['10.6', '50.5', '35.9', '2.6', '0.4']",https://movie.douban.com/subject/10438691/,
19955790.0,2013.0,Douban,22726,,,,7.6,地狱为何恶劣 地獄でなぜ悪い,,Drama / Comedy,,"['24.0', '41.0', '27.2', '5.8', '2.0']",https://movie.douban.com/subject/19955790/,
3749974.0,2013.0,Douban,49935,,,,6.3,皮囊之下 Under the Skin,,Sci-Fi / Horror,,"['7.9', '24.8', '47.1', '16.2', '4.0']",https://movie.douban.com/subject/3749974/,
6537500.0,2013.0,Douban,282877,,,,7.9,速度与激情6 Furious 6,,Action / Crime,,"['23.9', '49.3', '24.3', '2.1', '0.4']",https://movie.douban.com/subject/6537500/,
21339377.0,2013.0,Douban,24798,,,,7.4,湖畔的陌生人 L'Inconnu du lac,,Drama / Eroticism / Homosexual,,"['15.9', '44.4', '33.4', '5.1', '1.3']",https://movie.douban.com/subject/21339377/,
20388223.0,2013.0,Douban,211829,,,,8.0,激战 激戰,,Drama / Action / Sport,,"['24.9', '50.3', '22.6', '1.9', '0.3']",https://movie.douban.com/subject/20388223/,
20266418.0,2013.0,Douban,6014,,,,5.9,鬼屋大电影 A Haunted House,,Comedy / Horror,,"['8.4', '17.0', '44.4', '23.3', '6.9']",https://movie.douban.com/subject/20266418/,
11502153.0,2013.0,Douban,254884,,,,9.2,黑镜 第二季 Black Mirror Season 2,,Drama / Sci-Fi / Thriller,,"['65.8', '28.8', '5.0', '0.3', '0.1']",https://movie.douban.com/subject/11502153/,
21340768.0,2013.0,Douban,4737,,,,8.1,急诊,,Documentary,,"['27.0', '50.8', '20.9', '1.2', '0.2']",https://movie.douban.com/subject/21340768/,
5966609.0,2012.0,Douban,15986,,,,7.0,松林外 The Place Beyond the Pines,,Drama / Crime,,"['11.7', '36.6', '44.8', '6.0', '0.9']",https://movie.douban.com/subject/5966609/,
21871405.0,2013.0,Douban,29074,,,,7.3,鬼夫 พี่มากพระโขนง,,Comedy / Romance / Thriller,,"['17.2', '38.2', '36.9', '6.2', '1.5']",https://movie.douban.com/subject/21871405/,
11584309.0,2013.0,Douban,18392,,,,8.2,哆啦A梦：大雄的秘密道具博物馆 ドラえもん のび太のひみつ道具博物館,,Animation,,"['34.6', '43.7', '19.5', '1.8', '0.4']",https://movie.douban.com/subject/11584309/,
24298333.0,2013.0,Douban,7148,,,,6.2,绿色地狱 The Green Inferno,,Horror / Adventure,,"['8.3', '20.6', '48.4', '17.8', '5.0']",https://movie.douban.com/subject/24298333/,
5960681.0,2013.0,Douban,13639,,,,5.8,德州电锯杀人狂3D Texas Chainsaw 3D,,Thriller / Horror,,"['6.2', '13.5', '48.8', '24.6', '6.8']",https://movie.douban.com/subject/5960681/,
20515892.0,2013.0,Douban,14837,,,,8.3,玩具总动员之惊魂夜 Toy Story of Terror,,Comedy / Animation / Short,,"['33.2', '49.2', '16.7', '0.6', '0.2']",https://movie.douban.com/subject/20515892/,
5323957.0,2013.0,Douban,214642,,,,7.1,安德的游戏 Ender's Game,,Action / Sci-Fi / Adventure,,"['14.3', '38.1', '39.4', '6.8', '1.4']",https://movie.douban.com/subject/5323957/,
10439805.0,2013.0,Douban,23826,,,,5.9,波西·杰克逊与魔兽之海 Percy Jackson: Sea of Monsters,,Action / Fantasy / Adventure,,"['6.2', '15.2', '52.6', '21.6', '4.4']",https://movie.douban.com/subject/10439805/,
20378811.0,2013.0,Douban,117028,,,,5.5,宫锁沉香,,Drama / Romance / Costume,,"['10.5', '11.6', '37.4', '25.5', '14.9']",https://movie.douban.com/subject/20378811/,
21937452.0,2013.0,Douban,769280,,,,9.3,素媛 소원,,Drama,,"['69.7', '26.3', '3.7', '0.2', '0.1']",https://movie.douban.com/subject/21937452/,
4312428.0,2013.0,Douban,62688,,,,6.4,虎胆龙威5 A Good Day to Die Hard,,Action / Thriller / Crime,,"['6.6', '23.3', '54.2', '13.7', '2.2']",https://movie.douban.com/subject/4312428/,
11523504.0,2013.0,Douban,11572,,,,7.1,神汉流氓 박수건달,,Comedy / Crime,,"['12.1', '38.7', '43.4', '4.8', '0.9']",https://movie.douban.com/subject/11523504/,
11537954.0,2013.0,Douban,245143,,,,9.7,瑞克和莫蒂 第一季 Rick and Morty Season 1,,Comedy / Sci-Fi / Animation,,"['86.8', '11.3', '1.6', '0.2', '0.2']",https://movie.douban.com/subject/11537954/,
20453087.0,2013.0,Douban,25805,,,,9.2,IT狂人特别篇 The IT Crowd: The Internet Is Coming,,Comedy,,"['69.2', '23.7', '6.4', '0.6', '0.2']",https://movie.douban.com/subject/20453087/,
5308265.0,2013.0,Douban,677082,,,,7.2,西游降魔篇,,Comedy / Fantasy / Adventure,,"['15.8', '38.7', '36.7', '6.9', '1.9']",https://movie.douban.com/subject/5308265/,
6080840.0,2013.0,Douban,62052,,,,8.4,回家的路 집으로 가는 길,,Drama / Family / Crime,,"['38.3', '47.1', '13.3', '1.0', '0.3']",https://movie.douban.com/subject/6080840/,
19963888.0,2013.0,Douban,20210,,,,8.9,妙警贼探 第五季 White Collar Season 5,,Drama / Comedy / Crime,,"['55.1', '35.1', '8.9', '0.7', '0.2']",https://movie.douban.com/subject/19963888/,
6985803.0,2013.0,Douban,128341,,,,8.5,少年斯派维的奇异旅行 The Young and Prodigious T.S. Spivet,,Drama / Comedy / Family / Adventure,,"['39.6', '46.3', '13.1', '0.9', '0.2']",https://movie.douban.com/subject/6985803/,
20388198.0,2013.0,Douban,115298,,,,6.5,风暴 風暴,,Action / Crime,,"['6.9', '26.1', '53.6', '11.3', '2.0']",https://movie.douban.com/subject/20388198/,
6793319.0,2013.0,Douban,25384,,,,6.6,女蛹,,Romance / Mystery / Thriller,,"['8.9', '30.9', '43.9', '12.6', '3.7']",https://movie.douban.com/subject/6793319/,
25704580.0,2013.0,Douban,22279,,,,8.8,X医生：外科医生大门未知子 第2季 ドクターX 外科医・大門未知子 第2期,,Drama / Comedy / Mystery,,"['48.5', '41.4', '9.3', '0.6', '0.2']",https://movie.douban.com/subject/25704580/,
24289477.0,2013.0,Douban,21485,,,,6.8,迪亚特洛夫事件 The Dyatlov Pass Incident,,Thriller / Horror,,"['10.0', '33.8', '46.3', '8.4', '1.6']",https://movie.douban.com/subject/24289477/,
5996801.0,2013.0,Douban,230670,,,,6.5,狄仁杰之神都龙王,,Action / Mystery / Costume,,"['7.3', '26.8', '51.7', '11.8', '2.5']",https://movie.douban.com/subject/5996801/,
20470058.0,2013.0,Douban,42930,,,,7.5,屌丝男士 第二季,,Comedy,,"['20.7', '41.5', '31.5', '3.7', '2.6']",https://movie.douban.com/subject/20470058/,
10746175.0,2013.0,Douban,133452,,,,7.3,惊天危机 White House Down,,Action / Disaster,,"['13.2', '44.7', '37.3', '3.9', '0.9']",https://movie.douban.com/subject/10746175/,
23775560.0,2013.0,Douban,224330,,,,7.2,"继承者们 왕관을 쓰려는자, 그 무게를 견뎌라 - 상속자들",,Drama / Romance,,"['19.2', '33.4', '37.7', '7.4', '2.3']",https://movie.douban.com/subject/23775560/,
24529254.0,2013.0,Douban,31312,,,,6.2,莫比乌斯 뫼비우스,,Drama / Thriller / Eroticism / Family,,"['10.4', '22.2', '42.8', '18.2', '6.4']",https://movie.douban.com/subject/24529254/,
25780594.0,2013.0,Douban,11117,,,,7.3,渗透,,Drama,,"['19.2', '38.5', '32.6', '7.0', '2.7']",https://movie.douban.com/subject/25780594/,
25751623.0,2013.0,Douban,3908,,,,6.2,恐惧幻影 Chilling Visions: 5 Senses of Fear,,Horror,,"['6.5', '21.5', '50.9', '17.1', '4.0']",https://movie.douban.com/subject/25751623/,
6875603.0,2013.0,Douban,202,,,,7.1,伴郎朗皮 Best Man Down,,Comedy,,"['14.4', '34.7', '45.8', '2.5', '2.5']",https://movie.douban.com/subject/6875603/,
24298212.0,2013.0,Douban,31409,,,,7.8,鲁邦三世VS名侦探柯南 剧场版 ルパン三世vs名探偵コナン THE MOVIE,,Action / Animation / Mystery / Crime,,"['25.4', '44.2', '27.0', '2.7', '0.5']",https://movie.douban.com/subject/24298212/,
24312655.0,2013.0,Douban,13788,,,,8.8,佐杜洛夫斯基的沙丘 Jodorowsky's Dune,,Sci-Fi / Documentary,,"['54.5', '35.5', '8.7', '0.8', '0.6']",https://movie.douban.com/subject/24312655/,
4858790.0,2013.0,Douban,81935,,,,9.3,大秦帝国之纵横,,Drama / History / Costume,,"['73.3', '21.5', '3.8', '0.7', '0.7']",https://movie.douban.com/subject/4858790/,
19938222.0,2013.0,Douban,92905,,,,8.3,神盾局特工 第一季 Agents of S.H.I.E.L.D. Season 1,,Drama / Action / Sci-Fi,,"['37.7', '44.5', '15.4', '1.9', '0.6']",https://movie.douban.com/subject/19938222/,
20376577.0,2013.0,Douban,453339,,,,5.0,小时代,,Drama / Comedy / Romance,,"['7.8', '10.6', '32.2', '24.8', '24.6']",https://movie.douban.com/subject/20376577/,
24736793.0,2013.0,Douban,7100,,,,6.0,室友 ルームメイト,,Horror,,"['3.6', '17.7', '56.4', '19.4', '2.9']",https://movie.douban.com/subject/24736793/,
24697949.0,2013.0,Douban,309298,,,,9.2,半泽直树 半沢直樹,,Drama,,"['68.6', '26.0', '4.8', '0.4', '0.2']",https://movie.douban.com/subject/24697949/,
3785918.0,2013.0,Douban,35577,,,,7.8,污垢 Filth,,Drama / Comedy / Crime,,"['24.1', '46.3', '26.0', '2.9', '0.6']",https://movie.douban.com/subject/3785918/,
10781865.0,2013.0,Douban,37042,,,,9.0,斯巴达克斯：诅咒者之战 第三季 Spartacus: War of the Damned Season 3,,Drama / Action / Eroticism / Biography / History / Adventure,,"['61.9', '29.4', '7.6', '0.7', '0.3']",https://movie.douban.com/subject/10781865/,
3718323.0,2013.0,Douban,24423,,,,6.2,韩赛尔与格蕾特：女巫猎人 Hansel and Gretel: Witch Hunters,,Action / Horror / Fantasy,,"['5.5', '18.9', '56.7', '16.1', '2.8']",https://movie.douban.com/subject/3718323/,
23780577.0,2013.0,Douban,30511,,,,8.8,负重前行(短片) Cargo,,Horror / Short,,"['50.0', '39.4', '9.8', '0.6', '0.2']",https://movie.douban.com/subject/23780577/,
3025447.0,2013.0,Douban,277294,,,,7.8,金蝉脱壳 Escape Plan,,Action / Thriller,,"['20.3', '51.6', '26.1', '1.7', '0.2']",https://movie.douban.com/subject/3025447/,
23997724.0,2013.0,Douban,279639,,,,9.4,胜者即是正义2 リーガルハイ2,,Comedy / Mystery / Crime,,"['73.9', '22.0', '3.7', '0.3', '0.1']",https://movie.douban.com/subject/23997724/,
20444530.0,2013.0,Douban,99632,,,,6.0,我想和你好好的,,Drama / Romance,,"['8.8', '19.6', '43.9', '20.8', '7.0']",https://movie.douban.com/subject/20444530/,
22523273.0,2013.0,Douban,72685,,,,9.6,摩登家庭 第五季 Modern Family Season 5,,Comedy / Family,,"['83.3', '14.7', '1.8', '0.1', '0.1']",https://movie.douban.com/subject/22523273/,
30174606.0,2013.0,Douban,1457,,,,9.6,"与猎豹同行 Man, Cheetah, Wild",,Documentary,,"['84.5', '12.9', '2.2', '0.2', '0.2']",https://movie.douban.com/subject/30174606/,
10605978.0,2013.0,Douban,358495,,,,6.0,私人订制,,Comedy,,"['7.1', '19.4', '46.2', '20.8', '6.5']",https://movie.douban.com/subject/10605978/,
2049435.0,2013.0,Douban,278156,,,,7.4,超人：钢铁之躯 Man of Steel,,Action / Sci-Fi / Adventure,,"['18.2', '39.6', '36.0', '5.1', '1.1']",https://movie.douban.com/subject/2049435/,
19969446.0,2013.0,Douban,17691,,,,6.8,20岁的差距 20 ans d'écart,,Comedy / Romance,,"['9.9', '29.6', '52.4', '7.2', '0.9']",https://movie.douban.com/subject/19969446/,
10562986.0,2013.0,Douban,38059,,,,7.0,宿敌 Enemy,,Drama / Mystery / Thriller,,"['10.0', '38.8', '42.9', '6.9', '1.5']",https://movie.douban.com/subject/10562986/,
11525705.0,2013.0,Douban,18525,,,,6.7,同窗 동창생,,Drama / Action,,"['11.9', '24.3', '51.3', '10.7', '1.7']",https://movie.douban.com/subject/11525705/,
10831445.0,2013.0,Douban,337999,,,,8.3,百鸟朝凤,,Drama / Music,,"['37.7', '44.2', '15.8', '1.8', '0.5']",https://movie.douban.com/subject/10831445/,
11636427.0,2013.0,Douban,994,,,,7.0,金田一少年事件簿：黑魔术杀人事件 后篇 金田一少年の事件簿 黒魔術殺人事件 後編,,Drama / Animation / Mystery,,"['11.6', '33.7', '49.6', '4.0', '1.1']",https://movie.douban.com/subject/11636427/,
20266753.0,2013.0,Douban,131837,,,,5.9,警察故事2013,,Drama / Action / Crime,,"['6.2', '16.1', '49.9', '21.8', '6.0']",https://movie.douban.com/subject/20266753/,
11577091.0,2013.0,Douban,140546,,,,9.1,浴血黑帮 第一季 Peaky Blinders Season 1,,Drama / Crime,,"['64.8', '27.9', '6.3', '0.8', '0.3']",https://movie.douban.com/subject/11577091/,
25798411.0,2013.0,Douban,56829,,,,9.2,神探夏洛克：福至如归 Sherlock Mini Episode - Many Happy Returns,,Drama / Mystery / Thriller / Crime,,"['66.9', '26.2', '6.3', '0.4', '0.2']",https://movie.douban.com/subject/25798411/,
3836070.0,2013.0,Douban,71346,,,,8.1,孤独的幸存者 Lone Survivor,,Drama / Action / Biography / War,,"['28.8', '50.5', '18.5', '1.7', '0.6']",https://movie.douban.com/subject/3836070/,
6057942.0,2013.0,Douban,274180,,,,7.9,隐秘而伟大 은밀하게 위대하게,,Comedy / Action,,"['25.5', '47.1', '24.0', '2.7', '0.6']",https://movie.douban.com/subject/6057942/,
11627047.0,2013.0,Douban,115795,,,,7.8,龙门镖局,,Comedy / Costume,,"['28.0', '42.2', '24.1', '4.1', '1.6']",https://movie.douban.com/subject/11627047/,
20471804.0,2013.0,Douban,9136,,,,8.1,谋杀 第三季 The Killing Season 3,,Drama / Mystery / Crime,,"['31.8', '45.9', '19.1', '2.5', '0.7']",https://movie.douban.com/subject/20471804/,
24867845.0,2013.0,Douban,25465,,,,9.4,乡村里的中国,,Documentary,,"['72.8', '23.2', '3.5', '0.3', '0.1']",https://movie.douban.com/subject/24867845/,
20432985.0,2013.0,Douban,223,,,,4.8,旱地忽律朱贵,,Drama / Action,,"['3.6', '2.9', '41.0', '36.7', '15.8']",https://movie.douban.com/subject/20432985/,
7051375.0,2013.0,Douban,20777,,,,9.0,剑风传奇 黄金时代篇3：降临 ベルセルク 黄金時代篇Ⅲ 降臨,,Drama / Action / Animation / War,,"['59.8', '30.8', '7.7', '1.0', '0.7']",https://movie.douban.com/subject/7051375/,
6432898.0,2013.0,Douban,15415,,,,7.8,未来学大会 The Congress,,Drama / Sci-Fi / Animation,,"['24.3', '46.1', '25.3', '3.3', '0.9']",https://movie.douban.com/subject/6432898/,
20279443.0,2013.0,Douban,30414,,,,7.4,恋爱的温度 연애의 온도,,Drama / Romance,,"['15.2', '45.7', '35.4', '3.3', '0.5']",https://movie.douban.com/subject/20279443/,
21909677.0,2013.0,Douban,669,,,,7.2,佯病症 Munchausen,,Drama / Comedy / Short,,"['12.2', '43.9', '37.9', '5.1', '0.9']",https://movie.douban.com/subject/21909677/,
23750688.0,2013.0,Douban,42454,,,,8.8,我的青春恋爱物语果然有问题 やはり俺の青春ラブコメはまちがっている。,,Animation,,"['55.3', '32.2', '10.1', '1.6', '0.9']",https://movie.douban.com/subject/23750688/,
10563779.0,2013.0,Douban,43914,,,,7.5,嫌疑人 용의자,,Action,,"['18.3', '44.9', '33.1', '3.3', '0.5']",https://movie.douban.com/subject/10563779/,
10563780.0,2013.0,Douban,45321,,,,7.4,观相 관상,,Drama / History,,"['15.5', '43.3', '37.5', '3.3', '0.5']",https://movie.douban.com/subject/10563780/,
10539218.0,2013.0,Douban,8023,,,,8.5,美国谍梦 第一季 The Americans Season 1,,Drama,,"['42.4', '44.2', '11.4', '1.4', '0.5']",https://movie.douban.com/subject/10539218/,
25705507.0,2013.0,Douban,16381,,,,8.2,生命如此美好 Chce Się Żyć,,Drama,,"['28.8', '52.7', '16.7', '1.4', '0.4']",https://movie.douban.com/subject/25705507/,
20494548.0,2013.0,Douban,4547,,,,7.4,她在路上 Elle s'en va,,Drama / Comedy,,"['15.2', '45.4', '35.8', '3.0', '0.6']",https://movie.douban.com/subject/20494548/,
23019755.0,2013.0,Douban,28124,,,,8.7,福尔摩斯：基本演绎法 第二季 Elementary Season 2,,Drama / Mystery / Crime,,"['45.4', '44.1', '9.8', '0.5', '0.2']",https://movie.douban.com/subject/23019755/,
22759660.0,2013.0,Douban,26563,,,,6.8,李碧华鬼魅系列：迷离夜 李碧華鬼魅系列：迷離夜,,Horror,,"['8.9', '32.1', '50.9', '7.1', '1.0']",https://movie.douban.com/subject/22759660/,
20426994.0,2013.0,Douban,16200,,,,7.4,我们都是超能者 みんな！エスパーだよ！,,Drama / Comedy / Sci-Fi,,"['21.9', '38.1', '31.5', '6.5', '1.9']",https://movie.douban.com/subject/20426994/,
20515071.0,2013.0,Douban,31779,,,,6.6,飞虎出征 飛虎出征,,Comedy / Eroticism,,"['10.3', '28.8', '45.3', '11.9', '3.7']",https://movie.douban.com/subject/20515071/,
22790508.0,2013.0,Douban,22634,,,,8.9,有顶天家族 有頂天家族,,Drama / Comedy / Animation / Family,,"['60.0', '29.8', '8.3', '1.2', '0.7']",https://movie.douban.com/subject/22790508/,
10756499.0,2013.0,Douban,7578,,,,5.5,挨饿游戏 The Starving Games,,Comedy,,"['5.6', '13.2', '42.7', '27.3', '11.2']",https://movie.douban.com/subject/10756499/,
3006892.0,2013.0,Douban,10217,,,,6.2,超级魔术师 The Incredible Burt Wonderstone,,Comedy,,"['5.9', '19.4', '56.1', '15.7', '2.9']",https://movie.douban.com/subject/3006892/,
10867124.0,2013.0,Douban,39934,,,,9.2,新闻编辑室 第二季 The Newsroom Season 2,,Drama,,"['67.0', '26.9', '5.4', '0.5', '0.2']",https://movie.douban.com/subject/10867124/,
6844861.0,2013.0,Douban,22746,,,,8.9,命运石之门剧场版：负荷领域的既视感 劇場版 STEINS;GATE 負荷領域のデジャヴ,,Animation,,"['59.3', '29.4', '9.7', '1.2', '0.4']",https://movie.douban.com/subject/6844861/,
24877502.0,2013.0,Douban,6726,,,,6.8,折磨 Afflicted,,Mystery / Thriller / Horror,,"['9.7', '32.4', '46.9', '9.1', '1.9']",https://movie.douban.com/subject/24877502/,
10797516.0,2013.0,Douban,7038,,,,9.1,副总统 第二季 Veep Season 2,,Comedy,,"['61.7', '32.3', '5.3', '0.4', '0.3']",https://movie.douban.com/subject/10797516/,
25823695.0,2013.0,Douban,215,,,,7.1,讲故事的人 うたうひと,,Documentary,,"['9.0', '42.1', '44.8', '4.1', '0.0']",https://movie.douban.com/subject/25823695/,
25709008.0,2013.0,Douban,245,,,,7.8,千阳 Mille Soleils,,Documentary,,"['17.8', '57.5', '24.0', '0.7', '0.0']",https://movie.douban.com/subject/25709008/,
24297947.0,2013.0,Douban,1322,,,,7.4,奥玛 عمر,,Drama / Thriller,,"['15.7', '43.6', '36.2', '3.5', '1.0']",https://movie.douban.com/subject/24297947/,
24876455.0,2013.0,Douban,2079,,,,5.6,毛骨悚然撞鬼经 2013夏季特别篇 ほんとにあった怖い話 夏の特別編2013,,Drama / Thriller / Horror,,"['3.9', '12.0', '49.4', '27.7', '7.0']",https://movie.douban.com/subject/24876455/,
19972627.0,2013.0,Douban,918,,,,9.0,火线警探 第四季 Justified Season 4,,Drama / Crime,,"['61.7', '29.2', '6.9', '1.3', '0.9']",https://movie.douban.com/subject/19972627/,
10576419.0,2013.0,Douban,167893,,,,8.0,蓝色茉莉 Blue Jasmine,,Drama / Family,,"['24.5', '54.6', '19.7', '1.0', '0.2']",https://movie.douban.com/subject/10576419/,
21332518.0,2013.0,Douban,103238,,,,9.1,胜者即是正义SP リーガル・ハイSP,,Drama / Comedy,,"['60.8', '32.3', '6.5', '0.3', '0.1']",https://movie.douban.com/subject/21332518/,
6873657.0,2013.0,Douban,89203,,,,6.8,美国骗局 American Hustle,,Drama / Crime,,"['8.5', '32.7', '48.5', '8.9', '1.5']",https://movie.douban.com/subject/6873657/,
23048775.0,2013.0,Douban,55817,,,,8.4,昆虫总动员 Minuscule: la Vallée des Fourmis Perdues,,Animation / Adventure,,"['38.4', '46.3', '13.8', '1.2', '0.3']",https://movie.douban.com/subject/23048775/,
10574468.0,2013.0,Douban,610744,,,,7.3,北京遇上西雅图,,Comedy / Romance,,"['15.1', '41.7', '37.2', '4.9', '1.1']",https://movie.douban.com/subject/10574468/,
25839041.0,2013.0,Douban,12228,,,,8.5,别了武器 武器よさらば,,Sci-Fi / War,,"['42.6', '43.1', '12.5', '1.3', '0.5']",https://movie.douban.com/subject/25839041/,
24904361.0,2013.0,Douban,88963,,,,8.4,万万没想到 第一季,,Drama / Comedy / Short,,"['40.0', '44.1', '13.7', '1.5', '0.7']",https://movie.douban.com/subject/24904361/,
10488535.0,2013.0,Douban,2613,,,,7.2,摩根先生最后的爱 Mr. Morgan's Last Love,,Drama / Comedy / Romance,,"['14.9', '38.7', '40.3', '4.9', '1.1']",https://movie.douban.com/subject/10488535/,
10453723.0,2013.0,Douban,87912,,,,6.0,人类清除计划 The Purge,,Sci-Fi / Thriller / Crime,,"['6.8', '19.8', '46.6', '19.9', '6.9']",https://movie.douban.com/subject/10453723/,
10771216.0,2013.0,Douban,15397,,,,7.2,郊游 郊遊,,Drama / Family,,"['17.6', '38.5', '32.9', '7.4', '3.6']",https://movie.douban.com/subject/10771216/,
21371666.0,2013.0,Douban,174,,,,5.1,金大坚与萧让,,Action / Costume,,"['3.3', '8.3', '43.0', '32.2', '13.2']",https://movie.douban.com/subject/21371666/,
20418685.0,2013.0,Douban,6760,,,,6.9,悬案密码1：笼里的女人 Kvinden i buret,,Mystery / Thriller / Crime,,"['8.5', '34.2', '51.0', '5.3', '0.9']",https://movie.douban.com/subject/20418685/,
34960183.0,2013.0,Douban,117,,,,8.9,自然世界：解密鹦鹉 Parrot Confidential,,Documentary,,"['55.1', '34.7', '10.2', '0.0', '0.0']",https://movie.douban.com/subject/34960183/,
10773307.0,2013.0,Douban,504,,,,6.8,恶警蛋碎 Wrong Cops,,Comedy / Crime,,"['14.0', '28.0', '43.7', '10.1', '4.2']",https://movie.douban.com/subject/10773307/,
20427592.0,2013.0,Douban,7163,,,,6.5,重创 Savaged,,Drama / Action / Horror,,"['10.3', '24.3', '49.6', '12.4', '3.4']",https://movie.douban.com/subject/20427592/,
11510624.0,2013.0,Douban,380893,,,,7.8,全民目击,,Drama / Mystery / Crime,,"['23.2', '49.1', '24.0', '2.9', '0.9']",https://movie.douban.com/subject/11510624/,
20398945.0,2013.0,Douban,63428,,,,8.5,唐顿庄园 第四季 Downton Abbey Season 4,,Drama / Romance,,"['44.8', '39.4', '14.0', '1.4', '0.5']",https://movie.douban.com/subject/20398945/,
10484601.0,2013.0,Douban,25274,,,,7.7,一切尽失 All Is Lost,,Drama / Disaster,,"['20.5', '47.7', '27.9', '3.0', '0.9']",https://movie.douban.com/subject/10484601/,
6857606.0,2013.0,Douban,14484,,,,6.9,欧罗巴报告 Europa Report,,Sci-Fi / Thriller,,"['11.8', '34.2', '42.5', '9.5', '1.9']",https://movie.douban.com/subject/6857606/,
10763157.0,2013.0,Douban,48325,,,,6.7,逃出生天,,Drama / Disaster,,"['8.5', '32.4', '48.5', '8.8', '1.9']",https://movie.douban.com/subject/10763157/,
11584411.0,2013.0,Douban,12783,,,,9.2,广告狂人 第六季 Mad Men Season 6,,Drama,,"['66.5', '27.2', '5.7', '0.4', '0.2']",https://movie.douban.com/subject/11584411/,
6011806.0,2013.0,Douban,326295,,,,7.2,厨子戏子痞子,,Comedy / Action,,"['14.6', '42.0', '35.4', '6.2', '1.8']",https://movie.douban.com/subject/6011806/,
24839091.0,2013.0,Douban,35212,,,,6.9,捉迷藏 숨바꼭질,,Mystery / Thriller / Crime,,"['10.7', '35.5', '43.5', '7.9', '2.5']",https://movie.douban.com/subject/24839091/,
23387071.0,2013.0,Douban,15878,,,,8.4,成年女性的动画时间 大人女子のアニメタイム,,Drama / Animation,,"['38.7', '44.1', '15.4', '1.5', '0.3']",https://movie.douban.com/subject/23387071/,
21793840.0,2013.0,Douban,4874,,,,7.0,大坏狼 מי מפחד מהזאב הרע,,Drama / Thriller / Crime,,"['9.7', '36.9', '46.1', '6.0', '1.3']",https://movie.douban.com/subject/21793840/,
21359690.0,2013.0,Douban,73650,,,,9.0,熊出没之过年,,Drama / Comedy / Animation / Family / Children / Adventure,,"['58.4', '32.7', '7.8', '0.6', '0.4']",https://movie.douban.com/subject/21359690/,
24878178.0,2013.0,Douban,7548,,,,8.5,无涯：杜琪峰的电影世界 無涯：杜琪峰的電影世界,,Documentary,,"['40.0', '45.9', '13.0', '0.8', '0.3']",https://movie.douban.com/subject/24878178/,
6886518.0,2013.0,Douban,74436,,,,7.5,柏林 베를린,,Drama / Action / Thriller,,"['16.1', '46.8', '34.0', '2.6', '0.4']",https://movie.douban.com/subject/6886518/,
25717896.0,2013.0,Douban,39857,,,,7.6,韩公主 한공주,,Drama,,"['17.9', '48.7', '29.8', '2.9', '0.7']",https://movie.douban.com/subject/25717896/,
20645008.0,2013.0,Douban,4899,,,,7.6,雪莉：现实的愿景 Shirley - Visions of Reality,,Documentary,,"['23.7', '40.7', '30.3', '4.4', '0.9']",https://movie.douban.com/subject/20645008/,
25761178.0,2014.0,Douban,243952,,,,8.2,百元之恋 百円の恋,,Drama / Sport,,"['32.5', '49.8', '16.0', '1.4', '0.4']",https://movie.douban.com/subject/25761178/,
24745500.0,2014.0,Douban,514830,,,,7.7,绣春刀,,Drama / Action / Chinese swordplay / Costume,,"['18.9', '49.8', '27.8', '2.8', '0.8']",https://movie.douban.com/subject/24745500/,
25732103.0,2014.0,Douban,101134,,,,9.6,排球少年 ハイキュー!!,,Drama / Animation / Sport,,"['83.0', '14.2', '2.4', '0.3', '0.2']",https://movie.douban.com/subject/25732103/,
2063914.0,2014.0,Douban,231473,,,,6.7,哥斯拉 Godzilla,,Action / Sci-Fi / Adventure / Disaster,,"['10.3', '28.8', '48.5', '10.3', '2.0']",https://movie.douban.com/subject/2063914/,
20515070.0,2014.0,Douban,126285,,,,7.5,军中乐园 軍中樂園,,Drama / Romance / History,,"['16.0', '47.2', '32.8', '3.3', '0.7']",https://movie.douban.com/subject/20515070/,
20273800.0,2014.0,Douban,14761,,,,7.2,彷徨之刃 방황하는 칼날,,Drama / Mystery / Thriller,,"['13.4', '41.5', '39.5', '4.4', '1.2']",https://movie.douban.com/subject/20273800/,
21937450.0,2014.0,Douban,112771,,,,8.6,国际市场 국제시장,,Drama / Family,,"['44.7', '41.2', '12.7', '1.2', '0.3']",https://movie.douban.com/subject/21937450/,
25814705.0,2014.0,Douban,471122,,,,9.0,小森林 夏秋篇 リトル・フォレスト 夏・秋,,Drama,,"['59.1', '32.5', '7.5', '0.6', '0.2']",https://movie.douban.com/subject/25814705/,
24404677.0,2014.0,Douban,623034,,,,7.5,超体 Lucy,,Action / Sci-Fi,,"['19.7', '41.1', '33.3', '4.9', '0.9']",https://movie.douban.com/subject/24404677/,
20452350.0,2014.0,Douban,204807,,,,9.1,9号秘事 第一季 Inside No. 9 Season 1,,Comedy / Mystery / Horror,,"['61.1', '32.1', '6.1', '0.5', '0.2']",https://movie.douban.com/subject/20452350/,
25932086.0,2014.0,Douban,270539,,,,8.2,我是谁：没有绝对安全的系统 Who Am I - Kein System ist sicher,,Mystery / Thriller / Crime,,"['31.9', '49.2', '17.1', '1.5', '0.3']",https://movie.douban.com/subject/25932086/,
10455629.0,2014.0,Douban,345749,,,,9.1,神探夏洛克 第三季 Sherlock Season 3,,Drama / Mystery / Crime,,"['66.2', '26.3', '6.5', '0.7', '0.3']",https://movie.douban.com/subject/10455629/,
22733673.0,2014.0,Douban,112614,,,,7.9,星运里的错 The Fault in Our Stars,,Drama / Romance,,"['26.1', '46.7', '24.5', '2.3', '0.4']",https://movie.douban.com/subject/22733673/,
25766529.0,2014.0,Douban,115497,,,,8.0,走到尽头 끝까지 간다,,Action / Thriller / Crime,,"['24.5', '54.5', '19.9', '1.0', '0.2']",https://movie.douban.com/subject/25766529/,
3012013.0,2014.0,Douban,137282,,,,7.8,伸冤人 The Equalizer,,Action / Thriller / Crime,,"['22.6', '49.2', '25.9', '2.0', '0.3']",https://movie.douban.com/subject/3012013/,
21941804.0,2014.0,Douban,442879,,,,7.6,白日焰火,,Drama / Mystery / Crime,,"['17.6', '49.6', '29.5', '2.8', '0.6']",https://movie.douban.com/subject/21941804/,
23232876.0,2014.0,Douban,247455,,,,9.6,权力的游戏 第四季 Game of Thrones Season 4,,Drama / Fantasy / Adventure,,"['82.7', '15.2', '1.9', '0.1', '0.1']",https://movie.douban.com/subject/23232876/,
24741412.0,2014.0,Douban,188603,,,,8.5,哪啊哪啊神去村 WOOD JOB！神去なあなあ日常,,Drama / Comedy,,"['40.9', '45.7', '12.2', '0.9', '0.3']",https://movie.douban.com/subject/24741412/,
20278505.0,2014.0,Douban,238780,,,,8.0,前目的地 Predestination,,Sci-Fi / Mystery,,"['27.2', '48.9', '21.5', '2.0', '0.4']",https://movie.douban.com/subject/20278505/,
11810348.0,2014.0,Douban,174212,,,,7.8,马达加斯加的企鹅 Penguins of Madagascar,,Comedy / Animation / Adventure,,"['23.0', '47.4', '27.1', '2.2', '0.3']",https://movie.douban.com/subject/11810348/,
21263666.0,2014.0,Douban,127025,,,,7.7,美国狙击手 American Sniper,,Action / Biography / War,,"['18.8', '50.9', '27.7', '2.1', '0.5']",https://movie.douban.com/subject/21263666/,
25750969.0,2014.0,Douban,189593,,,,8.3,夜行者 Nightcrawler,,Drama / Thriller / Crime,,"['31.1', '54.4', '13.5', '0.8', '0.2']",https://movie.douban.com/subject/25750969/,
25798131.0,2014.0,Douban,251921,,,,7.8,疾速追杀 John Wick,,Action / Thriller / Crime,,"['25.4', '44.5', '26.4', '3.2', '0.6']",https://movie.douban.com/subject/25798131/,
25821124.0,2014.0,Douban,33780,,,,7.1,"地下墓穴 As Above, So Below",,Thriller / Horror,,"['14.6', '38.7', '37.8', '7.1', '1.7']",https://movie.douban.com/subject/25821124/,
25790555.0,2014.0,Douban,49086,,,,8.0,记忆中的玛妮 思い出のマーニー,,Drama / Animation / Fantasy,,"['28.2', '44.7', '24.4', '2.3', '0.4']",https://movie.douban.com/subject/25790555/,
25870483.0,2014.0,Douban,33156,,,,6.4,它在身后 It Follows,,Mystery / Horror,,"['7.1', '27.6', '47.5', '14.1', '3.7']",https://movie.douban.com/subject/25870483/,
10748120.0,2014.0,Douban,218846,,,,9.3,真探 第一季 True Detective Season 1,,Drama / Mystery / Crime,,"['70.2', '23.6', '5.1', '0.7', '0.3']",https://movie.douban.com/subject/10748120/,
21352814.0,2014.0,Douban,392639,,,,8.1,归来,,Drama / Romance / History,,"['29.1', '48.3', '20.3', '1.9', '0.4']",https://movie.douban.com/subject/21352814/,
4301224.0,2014.0,Douban,356773,,,,7.4,沉睡魔咒 Maleficent,,Fantasy / Adventure,,"['17.7', '41.6', '35.6', '4.5', '0.7']",https://movie.douban.com/subject/4301224/,
10807909.0,2014.0,Douban,426120,,,,7.7,智取威虎山,,Drama / Action / War / Adventure,,"['19.7', '50.5', '26.2', '2.7', '0.8']",https://movie.douban.com/subject/10807909/,
4160540.0,2014.0,Douban,236920,,,,7.6,机械姬 Ex Machina,,Sci-Fi / Mystery / Thriller,,"['16.5', '50.7', '29.9', '2.5', '0.4']",https://movie.douban.com/subject/4160540/,
19965220.0,2014.0,Douban,439727,,,,9.4,父母爱情,,Romance / Family,,"['76.1', '19.4', '3.3', '0.6', '0.6']",https://movie.douban.com/subject/19965220/,
2973079.0,2014.0,Douban,418737,,,,8.6,霍比特人3：五军之战 The Hobbit: The Battle of the Five Armies,,Action / Fantasy / Adventure,,"['47.9', '38.3', '12.3', '1.1', '0.3']",https://movie.douban.com/subject/2973079/,
22523356.0,2014.0,Douban,127117,,,,9.2,纸牌屋 第二季 House of Cards Season 2,,Drama / Mystery,,"['66.6', '28.1', '4.7', '0.4', '0.2']",https://movie.douban.com/subject/22523356/,
25800263.0,2014.0,Douban,116377,,,,8.7,灵魂摆渡,,Drama / Thriller / Horror,,"['50.4', '38.2', '9.6', '1.1', '0.6']",https://movie.douban.com/subject/25800263/,
25845393.0,2014.0,Douban,82419,,,,9.2,生活大爆炸 第八季 The Big Bang Theory Season 8,,Comedy,,"['68.6', '25.2', '5.6', '0.4', '0.2']",https://movie.douban.com/subject/25845393/,
24743711.0,2014.0,Douban,424886,,,,7.6,催眠大师,,Mystery / Thriller,,"['15.6', '50.8', '30.4', '2.7', '0.4']",https://movie.douban.com/subject/24743711/,
2209575.0,2014.0,Douban,230102,,,,8.5,少年时代 Boyhood,,Drama / Family,,"['42.9', '42.1', '13.4', '1.2', '0.3']",https://movie.douban.com/subject/2209575/,
24858414.0,2014.0,Douban,70416,,,,7.5,白雪公主杀人事件 白ゆき姫殺人事件,,Drama / Mystery,,"['13.5', '50.5', '32.8', '2.8', '0.5']",https://movie.douban.com/subject/24858414/,
26287434.0,2014.0,Douban,10853,,,,6.3,最后一班 Last Shift,,Mystery / Horror,,"['7.4', '22.7', '49.3', '16.5', '4.1']",https://movie.douban.com/subject/26287434/,
25708579.0,2014.0,Douban,132755,,,,8.5,使徒行者,,Drama / Romance / Crime,,"['40.2', '45.8', '12.6', '1.1', '0.3']",https://movie.douban.com/subject/25708579/,
24883272.0,2014.0,Douban,41235,,,,8.7,游戏人生 ノーゲーム・ノーライフ,,Drama / Animation,,"['53.5', '32.5', '10.9', '2.1', '0.9']",https://movie.douban.com/subject/24883272/,
21348445.0,2014.0,Douban,6294,,,,5.8,女孩闺房 Girlhouse,,Thriller / Horror,,"['4.9', '15.3', '52.0', '22.9', '4.9']",https://movie.douban.com/subject/21348445/,
6533054.0,2014.0,Douban,196150,,,,6.3,饥饿游戏3：嘲笑鸟(上) The Hunger Games: Mockingjay - Part 1,,Action / Sci-Fi / Adventure,,"['8.7', '21.5', '50.0', '16.3', '3.6']",https://movie.douban.com/subject/6533054/,
25897313.0,2014.0,Douban,154351,,,,8.6,昼颜：工作日下午3点的恋人们 昼顔～平日午後3時の恋人たち～,,Drama / Romance,,"['43.8', '42.3', '12.6', '1.0', '0.3']",https://movie.douban.com/subject/25897313/,
25960944.0,2014.0,Douban,123567,,,,8.6,为了N Nのために,,Drama / Mystery,,"['47.5', '37.2', '12.7', '1.9', '0.7']",https://movie.douban.com/subject/25960944/,
5317291.0,2014.0,Douban,148932,,,,4.4,西游记之大闹天宫,,Action / Fantasy,,"['3.0', '5.5', '27.1', '35.2', '29.1']",https://movie.douban.com/subject/5317291/,
24845116.0,2014.0,Douban,63941,,,,8.2,浪客剑心：传说的完结篇 るろうに剣心 伝説の最期編,,Drama / Action,,"['34.0', '46.3', '17.8', '1.7', '0.3']",https://movie.douban.com/subject/24845116/,
25717233.0,2014.0,Douban,581400,,,,7.2,心花路放,,Comedy / Romance,,"['15.3', '39.9', '37.3', '6.1', '1.4']",https://movie.douban.com/subject/25717233/,
25805741.0,2014.0,Douban,637180,,,,7.2,后会无期,,Drama,,"['15.9', '37.8', '37.3', '6.8', '2.2']",https://movie.douban.com/subject/25805741/,
21349345.0,2014.0,Douban,249040,,,,7.2,移动迷宫 The Maze Runner,,Action / Sci-Fi / Adventure,,"['12.9', '39.8', '40.6', '5.7', '0.9']",https://movie.douban.com/subject/21349345/,
25809902.0,2014.0,Douban,9811,,,,7.5,临时保姆 Babysitting,,Comedy,,"['18.6', '44.2', '32.2', '3.9', '1.1']",https://movie.douban.com/subject/25809902/,
10726941.0,2014.0,Douban,172739,,,,6.4,窃听风云3,,Action / Mystery / Thriller / Crime,,"['7.0', '23.3', '54.1', '13.5', '2.0']",https://movie.douban.com/subject/10726941/,
20257326.0,2014.0,Douban,97066,,,,7.3,极品飞车 Need for Speed,,Drama / Action / Thriller / Crime,,"['16.5', '39.5', '36.8', '5.9', '1.2']",https://movie.douban.com/subject/20257326/,
25769362.0,2014.0,Douban,294569,,,,8.1,哆啦A梦：伴我同行 STAND BY ME ドラえもん,,Drama / Animation,,"['35.1', '40.6', '20.6', '2.9', '0.8']",https://movie.douban.com/subject/25769362/,
21354060.0,2014.0,Douban,25792,,,,5.9,那夜凌晨，我坐上了旺角开往大埔的红VAN 那夜凌晨，我坐上了旺角開往大埔的紅VAN,,Mystery / Thriller,,"['6.3', '19.8', '43.1', '22.7', '8.1']",https://movie.douban.com/subject/21354060/,
25798222.0,2014.0,Douban,531343,,,,8.4,亲爱的,,Drama / Family,,"['37.1', '48.8', '13.0', '0.8', '0.3']",https://movie.douban.com/subject/25798222/,
25936147.0,2014.0,Douban,53118,,,,7.6,意外空间 El Incidente,,Sci-Fi / Thriller,,"['19.3', '46.2', '29.2', '4.1', '1.2']",https://movie.douban.com/subject/25936147/,
25794230.0,2014.0,Douban,41158,,,,7.9,吸血鬼生活 What We Do in the Shadows,,Comedy / Horror / Fantasy,,"['26.1', '47.5', '22.6', '2.8', '0.9']",https://movie.douban.com/subject/25794230/,
26281899.0,2014.0,Douban,48207,,,,6.7,解除好友 Unfriended,,Thriller / Horror,,"['9.0', '29.2', '49.4', '10.5', '1.9']",https://movie.douban.com/subject/26281899/,
25937951.0,2014.0,Douban,11010,,,,8.6,魔术快斗1412 まじっく快斗1412,,Drama / Comedy / Animation / Fantasy,,"['50.9', '33.2', '13.1', '1.9', '0.9']",https://movie.douban.com/subject/25937951/,
10598440.0,2014.0,Douban,152764,,,,7.6,空中营救 Non-Stop,,Action / Mystery / Thriller / Disaster,,"['15.0', '51.1', '31.8', '1.9', '0.2']",https://movie.douban.com/subject/10598440/,
26087473.0,2014.0,Douban,25089,,,,7.3,名侦探柯南：江户川柯南失踪事件 史上最惨的两天 名探偵コナン 江戸川コナン失踪事件～史上最悪の二日間～,,Drama / Animation,,"['18.1', '38.0', '38.2', '4.8', '0.9']",https://movie.douban.com/subject/26087473/,
25964630.0,2014.0,Douban,137298,,,,9.1,黑镜：圣诞特别篇 Black Mirror: White Christmas,,Drama / Sci-Fi / Thriller,,"['61.5', '32.3', '5.8', '0.3', '0.1']",https://movie.douban.com/subject/25964630/,
11610281.0,2014.0,Douban,134848,,,,6.9,敢死队3 The Expendables 3,,Action / Thriller / Adventure,,"['12.4', '30.5', '48.1', '7.8', '1.2']",https://movie.douban.com/subject/11610281/,
6424814.0,2014.0,Douban,134015,,,,6.6,分歧者：异类觉醒 Divergent,,Action / Sci-Fi / Adventure,,"['9.4', '28.4', '48.8', '11.0', '2.3']",https://movie.douban.com/subject/6424814/,
25782633.0,2014.0,Douban,75100,,,,6.9,名侦探柯南：异次元的狙击手 名探偵コナン 異次元の狙撃手,,Animation / Mystery / Crime,,"['14.6', '29.5', '46.0', '8.5', '1.4']",https://movie.douban.com/subject/25782633/,
24297912.0,2014.0,Douban,117846,,,,8.9,冰血暴 第一季 Fargo Season 1,,Drama / Crime,,"['57.8', '33.4', '7.5', '0.9', '0.4']",https://movie.douban.com/subject/24297912/,
23331914.0,2014.0,Douban,218885,,,,8.0,狂怒 Fury,,Drama / Action / War,,"['25.6', '52.1', '20.6', '1.5', '0.3']",https://movie.douban.com/subject/23331914/,
24695277.0,2014.0,Douban,112716,,,,6.7,一个人的武林,,Action / Thriller,,"['11.3', '30.1', '45.7', '10.4', '2.4']",https://movie.douban.com/subject/24695277/,
20514902.0,2014.0,Douban,71554,,,,7.5,闯入者,,Drama / Thriller / Crime,,"['15.4', '51.0', '29.2', '3.5', '0.9']",https://movie.douban.com/subject/20514902/,
10793510.0,2014.0,Douban,199373,,,,7.8,爱情公寓4,,Comedy / Romance,,"['34.8', '35.6', '20.8', '3.5', '5.2']",https://movie.douban.com/subject/10793510/,
25858604.0,2014.0,Douban,147166,,,,8.3,普罗旺斯的夏天 Avis de mistral,,Drama / Comedy / Family,,"['34.8', '48.5', '15.6', '1.0', '0.2']",https://movie.douban.com/subject/25858604/,
24705628.0,2014.0,Douban,18451,,,,8.7,寻 第一季 Looking Season 1,,Drama / Comedy / Romance / Homosexual,,"['48.7', '39.5', '10.6', '0.8', '0.4']",https://movie.douban.com/subject/24705628/,
25926267.0,2014.0,Douban,179802,,,,7.6,一个勺子,,Drama / Comedy,,"['16.2', '52.9', '27.9', '2.4', '0.6']",https://movie.douban.com/subject/25926267/,
21770915.0,2014.0,Douban,32196,,,,8.2,冬眠 Kış Uykusu,,Drama,,"['33.7', '45.7', '17.3', '2.4', '0.9']",https://movie.douban.com/subject/21770915/,
24879858.0,2014.0,Douban,364778,,,,5.2,分手大师,,Comedy / Romance,,"['5.9', '11.0', '36.8', '29.5', '16.8']",https://movie.douban.com/subject/24879858/,
25762566.0,2014.0,Douban,54499,,,,7.8,道熙呀 도희야,,Drama,,"['22.0', '49.6', '26.3', '1.8', '0.3']",https://movie.douban.com/subject/25762566/,
25850705.0,2014.0,Douban,124920,,,,9.3,月刊少女野崎君 月刊少女野崎くん,,Comedy / Animation,,"['70.4', '23.7', '5.2', '0.5', '0.2']",https://movie.douban.com/subject/25850705/,
25742299.0,2014.0,Douban,42702,,,,5.9,暴疯语,,Mystery / Thriller,,"['4.3', '17.1', '53.5', '20.9', '4.2']",https://movie.douban.com/subject/25742299/,
24847340.0,2014.0,Douban,261370,,,,4.8,小时代3：刺金时代,,Drama / Comedy / Romance,,"['7.4', '8.4', '29.8', '26.8', '27.7']",https://movie.douban.com/subject/24847340/,
25703430.0,2014.0,Douban,29260,,,,6.2,金鸡SSS 金雞SSS,,Drama / Comedy,,"['7.6', '21.8', '49.7', '17.0', '4.0']",https://movie.douban.com/subject/25703430/,
21767183.0,2014.0,Douban,34886,,,,8.3,0.5毫米 0.5ミリ,,Drama,,"['33.5', '50.8', '13.9', '1.3', '0.5']",https://movie.douban.com/subject/21767183/,
25792690.0,2014.0,Douban,87116,,,,6.2,反贪风暴 Z風暴,,Drama / Action / Crime,,"['7.2', '19.1', '53.5', '17.0', '3.2']",https://movie.douban.com/subject/25792690/,
24743015.0,2014.0,Douban,11630,,,,6.8,哭泣的男人 우는 남자,,Action,,"['11.9', '28.7', '48.1', '9.8', '1.5']",https://movie.douban.com/subject/24743015/,
25986178.0,2014.0,Douban,3690,,,,5.2,食物链 먹이사슬,,Eroticism,,"['6.8', '10.9', '35.7', '31.1', '15.5']",https://movie.douban.com/subject/25986178/,
20501030.0,2014.0,Douban,26256,,,,7.1,鬼遮眼 Oculus,,Horror,,"['12.7', '38.1', '40.8', '7.0', '1.4']",https://movie.douban.com/subject/20501030/,
27624727.0,2014.0,Douban,30527,,,,9.4,我的三体,,Drama / Sci-Fi / Animation,,"['74.9', '20.1', '3.7', '0.5', '0.7']",https://movie.douban.com/subject/27624727/,
20020577.0,2014.0,Douban,238312,,,,8.0,推拿,,Drama,,"['26.0', '52.6', '19.3', '1.7', '0.4']",https://movie.douban.com/subject/20020577/,
25725759.0,2014.0,Douban,6732,,,,6.9,赌棍 The Gambler,,Drama,,"['16.3', '28.9', '39.8', '11.7', '3.2']",https://movie.douban.com/subject/25725759/,
25966028.0,2014.0,Douban,141197,,,,9.1,红色,,Drama / War,,"['65.4', '26.2', '6.4', '1.1', '0.9']",https://movie.douban.com/subject/25966028/,
7065161.0,2014.0,Douban,63452,,,,7.2,鸣梁海战 명량,,Drama / Action / Biography / War,,"['13.8', '39.7', '38.9', '5.8', '1.8']",https://movie.douban.com/subject/7065161/,
24869254.0,2014.0,Douban,49014,,,,9.3,奥丽芙·基特里奇 Olive Kitteridge,,Drama,,"['71.0', '25.0', '3.5', '0.3', '0.1']",https://movie.douban.com/subject/24869254/,
27012757.0,2014.0,Douban,560,,,,6.7,55号房间 room 55,,Drama / Mystery / Short / Fantasy,,"['6.1', '35.6', '45.6', '10.7', '2.0']",https://movie.douban.com/subject/27012757/,
3217149.0,2014.0,Douban,137181,,,,6.6,忍者神龟：变种时代 Teenage Mutant Ninja Turtles,,Comedy / Action / Sci-Fi / Adventure,,"['8.7', '27.2', '51.5', '10.8', '1.8']",https://movie.douban.com/subject/3217149/,
25884510.0,2014.0,Douban,62767,,,,8.5,再造淑女 Selfie,,Comedy,,"['41.3', '42.8', '13.9', '1.6', '0.4']",https://movie.douban.com/subject/25884510/,
23712401.0,2014.0,Douban,108222,,,,8.0,当男人恋爱时 남자가 사랑할 때,,Romance,,"['29.6', '45.4', '22.6', '2.1', '0.3']",https://movie.douban.com/subject/23712401/,
10741643.0,2014.0,Douban,383482,,,,8.4,我的个神啊 PK,,Comedy / Fantasy,,"['39.0', '45.6', '13.9', '1.3', '0.3']",https://movie.douban.com/subject/10741643/,
25812885.0,2014.0,Douban,80298,,,,6.5,安娜贝尔 Annabelle,,Mystery / Thriller / Horror,,"['10.1', '23.8', '49.9', '13.7', '2.5']",https://movie.douban.com/subject/25812885/,
25804790.0,2014.0,Douban,79322,,,,9.0,神探夏洛克：最后的誓言 Sherlock: His Last Vow,,Drama / Mystery / Crime,,"['59.7', '32.8', '6.8', '0.4', '0.2']",https://movie.douban.com/subject/25804790/,
24698878.0,2014.0,Douban,65539,,,,7.7,落魄大厨 Chef,,Drama / Comedy / Adventure,,"['19.3', '48.2', '29.9', '2.3', '0.3']",https://movie.douban.com/subject/24698878/,
25792815.0,2014.0,Douban,50308,,,,8.8,密会 밀회,,Drama,,"['54.0', '33.1', '10.9', '1.5', '0.6']",https://movie.douban.com/subject/25792815/,
25741345.0,2014.0,Douban,1453,,,,6.6,五彩神箭,,Drama,,"['12.8', '24.7', '45.3', '13.9', '3.3']",https://movie.douban.com/subject/25741345/,
3927734.0,2014.0,Douban,66403,,,,7.9,乐高大电影 The Lego Movie,,Comedy / Animation / Adventure,,"['26.5', '47.9', '22.8', '2.4', '0.5']",https://movie.douban.com/subject/3927734/,
24752306.0,2014.0,Douban,77173,,,,8.7,野良神 ノラガミ,,Drama / Animation,,"['48.3', '39.2', '11.2', '1.0', '0.3']",https://movie.douban.com/subject/24752306/,
10549480.0,2014.0,Douban,66350,,,,7.6,你眼中的世界 In Your Eyes,,Drama / Romance / Fantasy,,"['21.2', '43.5', '30.5', '4.0', '0.8']",https://movie.douban.com/subject/10549480/,
25882861.0,2014.0,Douban,86861,,,,8.4,危楼愚夫 Дурак,,Drama,,"['36.7', '48.6', '13.2', '1.2', '0.3']",https://movie.douban.com/subject/25882861/,
30322997.0,2014.0,Douban,23267,,,,9.0,少数人的晚餐 Dinner for Few,,Drama / Animation / Short,,"['59.1', '33.2', '7.0', '0.5', '0.2']",https://movie.douban.com/subject/30322997/,
25958787.0,2014.0,Douban,105782,,,,7.9,深夜食堂电影版 映画 深夜食堂,,Drama,,"['24.0', '49.4', '24.6', '1.8', '0.2']",https://movie.douban.com/subject/25958787/,
21334420.0,2014.0,Douban,64577,,,,7.0,死在西部的一百万种方式 A Million Ways to Die in the West,,Comedy / Western,,"['13.3', '36.1', '41.6', '7.6', '1.4']",https://movie.douban.com/subject/21334420/,
25926079.0,2014.0,Douban,18172,,,,7.4,鼩鼱的巢穴 Musarañas,,Drama / Thriller / Horror,,"['16.1', '45.7', '33.4', '3.9', '0.9']",https://movie.douban.com/subject/25926079/,
4202983.0,2014.0,Douban,13314,,,,7.3,血色孤语 The Voices,,Comedy / Thriller / Crime,,"['13.6', '42.6', '37.8', '5.0', '1.0']",https://movie.douban.com/subject/4202983/,
25815602.0,2014.0,Douban,48568,,,,8.1,斩·赤红之瞳 アカメが斬る!,,Animation / Crime,,"['36.0', '40.2', '19.5', '3.1', '1.3']",https://movie.douban.com/subject/25815602/,
19976774.0,2014.0,Douban,22587,,,,7.7,锡尔斯玛利亚 Clouds of Sils Maria,,Drama,,"['19.4', '50.0', '27.3', '2.6', '0.7']",https://movie.douban.com/subject/19976774/,
10508874.0,2014.0,Douban,24737,,,,5.9,布拉芙夫人 마담 뺑덕,,Romance / Thriller / Eroticism,,"['5.5', '15.4', '52.0', '23.0', '4.2']",https://movie.douban.com/subject/10508874/,
26712750.0,2014.0,Douban,4195,,,,7.8,双峰：遗失的碎片 Twin Peaks: The Missing Pieces,,Drama / Romance / Mystery,,"['24.4', '46.9', '25.2', '2.5', '1.0']",https://movie.douban.com/subject/26712750/,
25785061.0,2014.0,Douban,1964,,,,6.9,"宝藏猎人久美子 Kumiko, the Treasure Hunter",,Drama,,"['12.4', '34.9', '39.4', '10.8', '2.4']",https://movie.douban.com/subject/25785061/,
20258941.0,2014.0,Douban,306018,,,,9.1,战长沙,,Drama / History / War,,"['69.7', '21.6', '5.0', '0.9', '2.9']",https://movie.douban.com/subject/20258941/,
24736526.0,2014.0,Douban,67316,,,,5.5,人间·小团圆 香港仔,,Drama,,"['7.2', '19.0', '37.0', '15.9', '20.9']",https://movie.douban.com/subject/24736526/,
25943173.0,2014.0,Douban,55871,,,,8.4,画江湖之不良人,,Drama / Animation / Chinese swordplay,,"['40.9', '41.1', '14.8', '2.1', '1.2']",https://movie.douban.com/subject/25943173/,
25813849.0,2014.0,Douban,234,,,,7.3,我没有生气！ عصبانی نیستم,,Drama,,"['13.6', '42.4', '40.1', '2.8', '1.1']",https://movie.douban.com/subject/25813849/,
24695611.0,2014.0,Douban,115554,,,,8.9,北平无战事,,Drama / War,,"['58.2', '32.7', '7.3', '1.0', '0.8']",https://movie.douban.com/subject/24695611/,
3101548.0,2014.0,Douban,108067,,,,7.7,天才眼镜狗 Mr. Peabody & Sherman,,Comedy / Sci-Fi / Animation / Adventure,,"['20.2', '46.5', '30.1', '2.7', '0.4']",https://movie.douban.com/subject/3101548/,
26012598.0,2014.0,Douban,5392,,,,6.3,失魂记忆 The Taking of Deborah Logan,,Thriller / Horror,,"['7.2', '23.1', '52.1', '14.3', '3.3']",https://movie.douban.com/subject/26012598/,
26020814.0,2014.0,Douban,72847,,,,8.7,胜者即是正义 2014SP リーガルハイ・スペシャル,,Drama / Mystery,,"['48.9', '37.7', '12.1', '1.0', '0.2']",https://movie.douban.com/subject/26020814/,
10558440.0,2014.0,Douban,9615,,,,8.2,乐园追放 楽園追放,,Sci-Fi / Animation,,"['32.7', '45.9', '18.6', '2.4', '0.5']",https://movie.douban.com/subject/10558440/,
26631177.0,2014.0,Douban,30020,,,,8.7,叶卡捷琳娜大帝 第一季 Екатерина Сезон 1,,Biography / History,,"['47.8', '41.1', '10.1', '0.8', '0.2']",https://movie.douban.com/subject/26631177/,
10548265.0,2014.0,Douban,31028,,,,7.0,坚不可摧 Unbroken,,Drama / Biography / War / Sport,,"['14.0', '33.0', '43.3', '8.3', '1.5']",https://movie.douban.com/subject/10548265/,
20644938.0,2014.0,Douban,63320,,,,9.1,硅谷 第一季 Silicon Valley Season 1,,Comedy,,"['63.6', '30.0', '5.6', '0.6', '0.2']",https://movie.douban.com/subject/20644938/,
25787475.0,2014.0,Douban,8671,,,,8.2,胡迪尼 Houdini,,Drama / Biography / History,,"['31.0', '50.3', '17.5', '1.2', '0.1']",https://movie.douban.com/subject/25787475/,
11584019.0,2014.0,Douban,182252,,,,8.8,海洋之歌 Song of the Sea,,Animation / Fantasy / Adventure,,"['51.6', '37.9', '9.7', '0.7', '0.2']",https://movie.douban.com/subject/11584019/,
25934361.0,2014.0,Douban,6599,,,,6.4,"晚安妈咪 Ich seh, Ich seh",,Mystery / Thriller / Horror,,"['7.0', '27.2', '49.7', '12.6', '3.5']",https://movie.douban.com/subject/25934361/,
25738406.0,2014.0,Douban,165088,,,,8.3,"如晴天，似雨天 Like Sunday, Like Rain",,Drama / Music,,"['35.6', '44.5', '17.7', '1.8', '0.4']",https://movie.douban.com/subject/25738406/,
25754843.0,2014.0,Douban,80034,,,,9.3,浴血黑帮 第二季 Peaky Blinders Season 2,,Drama / Crime,,"['69.5', '25.0', '4.8', '0.4', '0.2']",https://movie.douban.com/subject/25754843/,
25945379.0,2014.0,Douban,29119,,,,8.8,无节制消费的元凶 The Men Who Made Us Spend,,Documentary,,"['50.4', '40.6', '8.3', '0.5', '0.2']",https://movie.douban.com/subject/25945379/,
25812280.0,2014.0,Douban,15778,,,,7.8,甘城光辉游乐园 甘城ブリリアントパーク,,Animation,,"['27.0', '43.6', '24.9', '3.5', '0.9']",https://movie.douban.com/subject/25812280/,
7155005.0,2014.0,Douban,22891,,,,7.5,游客 Turist,,Drama / Family,,"['14.9', '48.7', '31.7', '3.8', '0.9']",https://movie.douban.com/subject/7155005/,
3011997.0,2008.0,Douban,152734,,,,7.7,伊甸湖 Eden Lake,,Thriller,,"['21.1', '48.1', '25.7', '3.4', '1.7']",https://movie.douban.com/subject/3011997/,
25831329.0,2014.0,Douban,4910,,,,8.3,金田一少年事件簿R 金田一少年の事件簿R,,Animation / Mystery / Crime,,"['37.2', '42.8', '16.7', '2.4', '0.9']",https://movie.douban.com/subject/25831329/,
25785812.0,2014.0,Douban,15390,,,,6.6,鬼书 The Babadook,,Thriller / Horror,,"['8.4', '28.6', '48.3', '12.1', '2.7']",https://movie.douban.com/subject/25785812/,
7065154.0,2014.0,Douban,562826,,,,8.1,银河护卫队 Guardians of the Galaxy,,Action / Sci-Fi / Adventure,,"['30.4', '48.5', '19.0', '1.7', '0.4']",https://movie.douban.com/subject/7065154/,
25787994.0,2014.0,Douban,35882,,,,7.5,屌丝男士 第三季,,Comedy,,"['20.5', '40.1', '33.5', '4.1', '1.8']",https://movie.douban.com/subject/25787994/,
25837185.0,2014.0,Douban,65816,,,,9.5,疑犯追踪 第四季 Person of Interest Season 4,,Drama / Action / Sci-Fi / Mystery / Thriller,,"['79.0', '17.2', '3.3', '0.3', '0.2']",https://movie.douban.com/subject/25837185/,
24753811.0,2014.0,Douban,66371,,,,8.2,熊出没之夺宝熊兵,,Comedy / Animation / Family / Adventure,,"['36.8', '42.1', '18.2', '2.1', '0.9']",https://movie.douban.com/subject/24753811/,
10763928.0,2014.0,Douban,53828,,,,7.9,弗兰克 Frank,,Drama / Comedy / Music,,"['24.9', '47.4', '24.5', '2.6', '0.6']",https://movie.douban.com/subject/10763928/,
24325798.0,2014.0,Douban,23747,,,,7.4,单亲度假村 Blended,,Comedy / Romance,,"['16.3', '42.8', '36.1', '4.1', '0.7']",https://movie.douban.com/subject/24325798/,
20393686.0,2014.0,Douban,2094,,,,7.3,安乐乡 Jauja,,Drama / Western,,"['14.4', '44.4', '34.9', '4.7', '1.6']",https://movie.douban.com/subject/20393686/,
25870057.0,2014.0,Douban,101583,,,,9.2,未生 미생,,Drama,,"['67.5', '26.2', '5.4', '0.6', '0.4']",https://movie.douban.com/subject/25870057/,
3014399.0,2014.0,Douban,7309,,,,5.6,死亡占卜 Ouija,,Action / Thriller / Horror / Adventure,,"['4.5', '12.0', '50.3', '26.8', '6.4']",https://movie.douban.com/subject/3014399/,
20506382.0,2014.0,Douban,3051,,,,5.7,鬼影实录：诅咒 Paranormal Activity: The Marked Ones,,Horror,,"['7.4', '11.9', '47.3', '25.6', '7.8']",https://movie.douban.com/subject/20506382/,
10450713.0,2014.0,Douban,72232,,,,6.8,摩纳哥王妃 Grace of Monaco,,Drama / Romance / Biography,,"['8.9', '31.2', '51.3', '7.7', '0.9']",https://movie.douban.com/subject/10450713/,
25900854.0,2014.0,Douban,18568,,,,8.9,X医生：外科医生大门未知子 第3季 ドクターX 外科医・大門未知子 第3期,,Drama / Comedy / Mystery,,"['54.0', '37.1', '8.3', '0.5', '0.1']",https://movie.douban.com/subject/25900854/,
25755448.0,2014.0,Douban,7587,,,,9.2,重任在肩 第二季 Line of Duty Season 2,,Drama / Mystery / Thriller / Crime,,"['65.0', '30.2', '4.1', '0.4', '0.2']",https://movie.douban.com/subject/25755448/,
10793610.0,2014.0,Douban,32329,,,,6.7,法老与众神 Exodus: Gods and Kings,,Drama / Action / Adventure,,"['9.0', '29.6', '50.2', '9.6', '1.7']",https://movie.douban.com/subject/10793610/,
25884488.0,2014.0,Douban,40282,,,,8.7,不死法医 Forever,,Drama / Crime,,"['49.3', '39.1', '10.3', '1.1', '0.2']",https://movie.douban.com/subject/25884488/,
25851740.0,2014.0,Douban,21506,,,,9.3,妙警贼探 第六季 White Collar Season 6,,Drama,,"['71.0', '23.7', '4.9', '0.4', '0.1']",https://movie.douban.com/subject/25851740/,
30429030.0,2014.0,Douban,2765,,,,7.8,成婚未成恋 Samac u Braku,,Drama / Romance,,"['27.2', '40.7', '25.9', '5.0', '1.3']",https://movie.douban.com/subject/30429030/,
24696717.0,2014.0,Douban,4239,,,,6.2,食女 喰女 -クイメ-,,Horror,,"['6.0', '22.0', '51.6', '16.7', '3.8']",https://movie.douban.com/subject/24696717/,
25855951.0,2014.0,Douban,78178,,,,8.4,贝利叶一家 La famille Bélier,,Drama / Comedy / Music / Family,,"['34.4', '49.9', '14.6', '0.9', '0.2']",https://movie.douban.com/subject/25855951/,
25835480.0,2014.0,Douban,60647,,,,8.2,暗黑者,,Drama / Comedy / Mystery / Crime,,"['34.0', '46.8', '15.4', '2.5', '1.3']",https://movie.douban.com/subject/25835480/,
25773175.0,2014.0,Douban,4808,,,,6.6,阁楼里的花 Flowers in the Attic,,Drama / Romance / Mystery / Thriller,,"['10.0', '26.5', '49.4', '11.2', '2.9']",https://movie.douban.com/subject/25773175/,
25823274.0,2014.0,Douban,168381,,,,7.7,杉杉来了,,Drama / Romance,,"['33.2', '33.5', '24.6', '4.0', '4.7']",https://movie.douban.com/subject/25823274/,
24696982.0,2014.0,Douban,35973,,,,7.8,I型起源 I Origins,,Drama / Sci-Fi,,"['26.1', '44.2', '25.3', '3.5', '1.0']",https://movie.douban.com/subject/24696982/,
25444447.0,2014.0,Douban,87671,,,,5.7,黄飞鸿之英雄有梦,,Drama / Action / Romance / Chinese swordplay,,"['5.5', '13.6', '48.8', '24.8', '7.3']",https://movie.douban.com/subject/25444447/,
5159954.0,2014.0,Douban,434,,,,6.7,彻夜疯歌 Girltrash: All Night Long,,Drama / Musical / Crime,,"['10.2', '30.9', '44.3', '11.4', '3.3']",https://movie.douban.com/subject/5159954/,
10741871.0,2014.0,Douban,44197,,,,9.3,地球之盐 Le sel de la Terre,,Documentary / Biography,,"['72.0', '23.4', '4.0', '0.4', '0.2']",https://movie.douban.com/subject/10741871/,
26271866.0,2014.0,Douban,444,,,,5.5,恐怖之森 デスフォレスト 恐怖の森,,Horror,,"['8.9', '11.1', '38.9', '29.6', '11.5']",https://movie.douban.com/subject/26271866/,
26214079.0,2014.0,Douban,18043,,,,8.8,切尔诺贝利·禁区-无人原样而归 Чернобыль. Зона отчуждения,,Sci-Fi / Thriller,,"['50.7', '38.5', '9.4', '1.0', '0.4']",https://movie.douban.com/subject/26214079/,
24758396.0,2014.0,Douban,24069,,,,6.7,江湖论剑实录,,Comedy / Costume,,"['16.9', '27.2', '35.2', '14.3', '6.4']",https://movie.douban.com/subject/24758396/,
26466429.0,2014.0,Douban,7772,,,,8.3,一分钟时间机器 One-Minute Time Machine,,Comedy / Romance / Sci-Fi / Short,,"['30.6', '52.7', '15.6', '0.9', '0.2']",https://movie.douban.com/subject/26466429/,
4845723.0,2014.0,Douban,12146,,,,5.7,死亡录像4：启示录 [REC] 4: Apocalipsis,,Drama / Thriller / Horror,,"['7.2', '12.6', '45.9', '26.3', '8.0']",https://movie.douban.com/subject/4845723/,
3077742.0,2014.0,Douban,92363,,,,6.4,机械战警 RoboCop,,Action / Sci-Fi / Crime,,"['6.2', '23.6', '56.8', '11.6', '1.7']",https://movie.douban.com/subject/3077742/,
21319853.0,2014.0,Douban,9729,,,,7.4,透纳先生 Mr. Turner,,Drama / Biography,,"['13.7', '48.4', '33.5', '3.7', '0.8']",https://movie.douban.com/subject/21319853/,
25768128.0,2014.0,Douban,47014,,,,8.9,唐顿庄园 第五季 Downton Abbey Season 5,,Drama / Family,,"['56.4', '35.3', '7.7', '0.5', '0.1']",https://movie.douban.com/subject/25768128/,
24905970.0,2014.0,Douban,10423,,,,9.0,太空丹迪 スペース☆ダンディ,,Comedy / Action / Sci-Fi / Animation / Adventure,,"['63.3', '26.5', '7.8', '1.6', '0.7']",https://movie.douban.com/subject/24905970/,
24879820.0,2014.0,Douban,193511,,,,8.3,奇怪的她 수상한 그녀,,Comedy / Fantasy,,"['34.4', '48.9', '15.4', '1.1', '0.3']",https://movie.douban.com/subject/24879820/,
25815426.0,2014.0,Douban,11198,,,,7.9,玩具总动员：遗忘的时光 Toy Story That Time Forgot,,Animation / Short,,"['28.1', '42.8', '27.2', '1.6', '0.3']",https://movie.douban.com/subject/25815426/,
21351469.0,2014.0,Douban,19248,,,,8.6,十月围城,,Drama / History / War,,"['50.0', '34.2', '12.0', '2.1', '1.6']",https://movie.douban.com/subject/21351469/,
25878808.0,2014.0,Douban,5299,,,,7.5,一部关于咖啡的电影 A Film about Coffee,,Documentary,,"['17.4', '44.4', '34.7', '3.1', '0.4']",https://movie.douban.com/subject/25878808/,
20513061.0,2014.0,Douban,115632,,,,4.7,京城81号,,Drama / Mystery / Horror,,"['2.9', '6.3', '34.3', '38.4', '18.1']",https://movie.douban.com/subject/20513061/,
3014957.0,2014.0,Douban,32980,,,,5.8,一触即发 Jack Ryan: Shadow Recruit,,Drama / Action / Thriller,,"['3.6', '13.4', '55.2', '23.0', '4.8']",https://movie.douban.com/subject/3014957/,
25726259.0,2015.0,Douban,182525,,,,9.3,风骚律师 第一季 Better Call Saul Season 1,,Drama / Comedy / Crime,,"['72.4', '23.3', '3.8', '0.3', '0.2']",https://movie.douban.com/subject/25726259/,
25881247.0,2015.0,Douban,186109,,,,7.8,边境杀手 Sicario,,Drama / Thriller / Crime,,"['22.2', '48.7', '25.7', '2.8', '0.6']",https://movie.douban.com/subject/25881247/,
26285156.0,2015.0,Douban,69491,,,,9.7,排球少年 第二季 ハイキュー!! セカンドシーズン,,Drama / Animation / Sport,,"['87.6', '10.8', '1.3', '0.1', '0.2']",https://movie.douban.com/subject/26285156/,
26147706.0,2015.0,Douban,67395,,,,8.2,花与爱丽丝杀人事件 花とアリス殺人事件,,Comedy / Animation,,"['32.6', '46.5', '18.5', '2.0', '0.4']",https://movie.douban.com/subject/26147706/,
25766754.0,2015.0,Douban,149612,,,,8.2,年轻气盛 Youth,,Drama / Comedy,,"['33.4', '45.7', '18.1', '2.2', '0.6']",https://movie.douban.com/subject/25766754/,
26341777.0,2015.0,Douban,115986,,,,9.1,9号秘事 第二季 Inside No. 9 Season 2,,Comedy / Mystery,,"['62.1', '31.9', '5.5', '0.3', '0.1']",https://movie.douban.com/subject/26341777/,
11624706.0,2015.0,Douban,329722,,,,7.8,小黄人大眼萌 Minions,,Comedy / Animation,,"['25.7', '44.5', '26.4', '2.9', '0.5']",https://movie.douban.com/subject/11624706/,
25831924.0,2015.0,Douban,80304,,,,9.4,无耻之徒(美版) 第五季 Shameless Season 5,,Drama / Comedy,,"['74.1', '21.2', '4.2', '0.4', '0.2']",https://movie.douban.com/subject/25831924/,
25964071.0,2015.0,Douban,1112735,,,,7.9,夏洛特烦恼,,Comedy / Romance,,"['29.6', '42.1', '22.5', '4.0', '1.7']",https://movie.douban.com/subject/25964071/,
25814707.0,2015.0,Douban,418563,,,,9.0,小森林 冬春篇 リトル・フォレスト 冬・春,,Drama,,"['60.2', '32.0', '7.1', '0.5', '0.2']",https://movie.douban.com/subject/25814707/,
26592232.0,2015.0,Douban,13379,,,,8.4,莱利的初次约会 Riley's First Date,,Comedy / Animation / Short,,"['37.0', '48.0', '14.1', '0.7', '0.1']",https://movie.douban.com/subject/26592232/,
25890005.0,2015.0,Douban,369996,,,,8.1,山河故人,,Drama / Family,,"['31.0', '46.9', '19.1', '2.3', '0.6']",https://movie.douban.com/subject/25890005/,
26311973.0,2015.0,Douban,947950,,,,7.7,唐人街探案,,Comedy / Action / Mystery,,"['21.5', '49.3', '25.2', '3.0', '1.0']",https://movie.douban.com/subject/26311973/,
25826612.0,2015.0,Douban,220880,,,,9.4,权力的游戏 第五季 Game of Thrones Season 5,,Drama / Fantasy / Adventure,,"['74.1', '21.0', '4.0', '0.5', '0.4']",https://movie.douban.com/subject/25826612/,
25899379.0,2015.0,Douban,89889,,,,7.2,请叫我英雄 アイアムアヒーロー,,Action / Horror,,"['14.5', '41.3', '37.1', '5.7', '1.4']",https://movie.douban.com/subject/25899379/,
26419637.0,2015.0,Douban,294413,,,,8.7,误杀瞒天记 Drishyam,,Drama / Mystery / Crime,,"['43.5', '46.5', '9.2', '0.6', '0.2']",https://movie.douban.com/subject/26419637/,
10594965.0,2015.0,Douban,360149,,,,8.0,实习生 The Intern,,Comedy,,"['27.4', '49.3', '21.6', '1.5', '0.2']",https://movie.douban.com/subject/10594965/,
6875863.0,2015.0,Douban,66365,,,,7.5,恐龙当家 The Good Dinosaur,,Comedy / Animation / Family / Adventure,,"['19.5', '42.5', '33.7', '3.7', '0.5']",https://movie.douban.com/subject/6875863/,
26279229.0,2015.0,Douban,11651,,,,6.6,黑司祭们 검은 사제들,,Drama / Mystery,,"['8.6', '26.4', '51.9', '11.2', '1.8']",https://movie.douban.com/subject/26279229/,
6846893.0,2015.0,Douban,136419,,,,7.4,超能查派 Chappie,,Action / Sci-Fi / Thriller,,"['17.2', '42.8', '33.9', '5.0', '1.1']",https://movie.douban.com/subject/6846893/,
21350962.0,2015.0,Douban,30757,,,,6.3,代号47 Hitman: Agent 47,,Action / Thriller / Crime,,"['8.0', '20.7', '51.1', '16.8', '3.3']",https://movie.douban.com/subject/21350962/,
10741220.0,2015.0,Douban,136191,,,,7.9,布鲁克林 Brooklyn,,Drama / Romance,,"['23.0', '51.4', '23.8', '1.6', '0.2']",https://movie.douban.com/subject/10741220/,
26289144.0,2015.0,Douban,457107,,,,7.4,滚蛋吧！肿瘤君,,Comedy / Romance,,"['17.0', '43.2', '34.1', '4.7', '1.0']",https://movie.douban.com/subject/26289144/,
25728010.0,2015.0,Douban,148031,,,,7.7,老手 베테랑,,Drama / Action / Crime,,"['18.6', '50.6', '28.8', '1.8', '0.3']",https://movie.douban.com/subject/25728010/,
25955491.0,2015.0,Douban,136372,,,,8.3,罪恶之家 An Inspector Calls,,Drama / Mystery,,"['34.1', '47.4', '16.0', '1.8', '0.6']",https://movie.douban.com/subject/25955491/,
20645098.0,2015.0,Douban,356874,,,,8.4,小王子 Le Petit Prince,,Animation / Fantasy,,"['40.2', '41.7', '15.5', '1.8', '0.8']",https://movie.douban.com/subject/20645098/,
25839052.0,2015.0,Douban,240730,,,,8.3,无人生还 And Then There Were None,,Mystery / Crime,,"['32.7', '50.3', '15.5', '1.2', '0.3']",https://movie.douban.com/subject/25839052/,
25966085.0,2015.0,Douban,225848,,,,7.5,踏血寻梅 踏血尋梅,,Drama / Mystery / Crime,,"['16.0', '49.4', '30.4', '3.3', '0.9']",https://movie.douban.com/subject/25966085/,
25786077.0,2015.0,Douban,178691,,,,7.1,末日崩塌 San Andreas,,Action / Adventure / Disaster,,"['11.1', '37.4', '45.4', '5.4', '0.8']",https://movie.douban.com/subject/25786077/,
26302614.0,2015.0,Douban,1034019,,,,9.7,请回答1988 응답하라 1988,,Drama / Comedy / Romance,,"['87.7', '9.9', '1.6', '0.3', '0.5']",https://movie.douban.com/subject/26302614/,
26435736.0,2015.0,Douban,83727,,,,8.9,狐妖小红娘,,Comedy / Romance / Animation,,"['61.7', '27.6', '7.9', '1.4', '1.4']",https://movie.douban.com/subject/26435736/,
26259677.0,2015.0,Douban,518691,,,,8.3,垫底辣妹 ビリギャル,,Drama / Family,,"['36.9', '45.3', '16.3', '1.3', '0.3']",https://movie.douban.com/subject/26259677/,
25958713.0,2015.0,Douban,27468,,,,8.1,记住 Remember,,Drama / Thriller,,"['27.5', '53.9', '17.1', '1.1', '0.3']",https://movie.douban.com/subject/25958713/,
26276364.0,2015.0,Douban,49207,,,,7.1,女巫 The VVitch: A New-England Folktale,,Horror,,"['13.4', '40.0', '37.7', '7.2', '1.7']",https://movie.douban.com/subject/26276364/,
26700520.0,2015.0,Douban,21916,,,,8.2,太阳之下 V paprscích slunce,,Documentary,,"['33.2', '46.3', '17.8', '2.0', '0.8']",https://movie.douban.com/subject/26700520/,
26235839.0,2015.0,Douban,107960,,,,7.7,内在美 뷰티 인사이드,,Drama / Romance / Fantasy,,"['19.9', '46.3', '30.8', '2.6', '0.4']",https://movie.douban.com/subject/26235839/,
6874140.0,2015.0,Douban,25870,,,,6.8,童军手册之僵尸启示录 Scouts Guide to the Zombie Apocalypse,,Comedy / Horror,,"['9.6', '30.9', '49.6', '8.5', '1.4']",https://movie.douban.com/subject/6874140/,
26412106.0,2015.0,Douban,20817,,,,7.6,电击女孩 เมย์ไหน...ไฟแรงเฟร่อ,,Drama / Comedy,,"['19.2', '46.9', '30.3', '3.1', '0.4']",https://movie.douban.com/subject/26412106/,
6845667.0,2015.0,Douban,183743,,,,8.1,秘密特工 The Man from U.N.C.L.E.,,Comedy / Action / Adventure,,"['28.5', '49.7', '19.8', '1.7', '0.3']",https://movie.douban.com/subject/6845667/,
26275494.0,2015.0,Douban,19265,,,,7.9,橘色 Tangerine,,Drama / Comedy / Homosexual,,"['22.7', '51.4', '22.9', '2.4', '0.7']",https://movie.douban.com/subject/26275494/,
24397586.0,2015.0,Douban,120527,,,,8.4,小羊肖恩 Shaun the Sheep Movie,,Comedy / Animation / Adventure,,"['37.9', '47.0', '13.9', '0.9', '0.2']",https://movie.douban.com/subject/24397586/,
25767747.0,2015.0,Douban,64389,,,,7.7,故事的故事 Il racconto dei racconti,,Drama / Horror / Fantasy,,"['20.8', '47.7', '28.1', '2.8', '0.5']",https://movie.douban.com/subject/25767747/,
6039412.0,2015.0,Douban,84046,,,,6.8,时光尽头的恋人 The Age of Adaline,,Drama / Romance / Fantasy,,"['11.9', '30.0', '46.0', '10.4', '1.7']",https://movie.douban.com/subject/6039412/,
25907063.0,2015.0,Douban,109302,,,,5.6,盗墓笔记 第一季,,Mystery / Adventure,,"['16.1', '14.7', '27.7', '16.8', '24.7']",https://movie.douban.com/subject/25907063/,
25823132.0,2015.0,Douban,242556,,,,8.1,暗杀 암살,,Drama / Action / History / Crime,,"['27.5', '51.0', '19.6', '1.5', '0.4']",https://movie.douban.com/subject/25823132/,
26292143.0,2015.0,Douban,31550,,,,9.1,纽约灾星 第一季 The Jinx: The Life and Deaths of Robert Durst Season 1,,Mystery / Documentary / Crime,,"['61.8', '31.4', '6.1', '0.5', '0.2']",https://movie.douban.com/subject/26292143/,
26169716.0,2015.0,Douban,31098,,,,9.3,吹响悠风号 響け！ユーフォニアム,,Drama / Animation / Music,,"['70.7', '23.3', '5.1', '0.6', '0.4']",https://movie.douban.com/subject/26169716/,
25880986.0,2015.0,Douban,32621,,,,7.7,食梦者 バクマン。,,Comedy,,"['19.5', '49.7', '27.9', '2.5', '0.5']",https://movie.douban.com/subject/25880986/,
5327268.0,2015.0,Douban,452972,,,,8.0,荒野猎人 The Revenant,,Drama / Action / Adventure,,"['27.1', '50.3', '20.7', '1.6', '0.3']",https://movie.douban.com/subject/5327268/,
25919910.0,2015.0,Douban,363902,,,,8.1,师父,,Drama / Action / Chinese swordplay,,"['30.6', '49.4', '17.3', '1.9', '0.8']",https://movie.douban.com/subject/25919910/,
26310757.0,2015.0,Douban,9780,,,,9.2,排球少年：列夫参上 ハイキュー!! リエーフ見参!,,Animation / Short / Sport,,"['67.9', '25.5', '6.2', '0.2', '0.3']",https://movie.douban.com/subject/26310757/,
10486471.0,2015.0,Douban,17250,,,,5.7,怒火保镖 Wild Card,,Drama / Action / Crime,,"['6.6', '13.3', '44.9', '27.6', '7.6']",https://movie.douban.com/subject/10486471/,
25697098.0,2015.0,Douban,148397,,,,7.9,裁缝 The Dressmaker,,Drama,,"['23.1', '51.1', '23.6', '2.0', '0.3']",https://movie.douban.com/subject/25697098/,
26909515.0,2015.0,Douban,6873,,,,6.6,地狱屋 Hell House LLC,,Thriller / Horror,,"['9.0', '29.2', '46.6', '12.3', '2.9']",https://movie.douban.com/subject/26909515/,
25838463.0,2015.0,Douban,105706,,,,6.4,像素大战 Pixels,,Comedy / Action / Sci-Fi,,"['7.5', '23.7', '50.8', '15.1', '3.0']",https://movie.douban.com/subject/25838463/,
26461145.0,2015.0,Douban,114816,,,,9.2,一把青,,Drama / Romance,,"['70.4', '21.8', '5.6', '1.2', '1.0']",https://movie.douban.com/subject/26461145/,
26274814.0,2015.0,Douban,3848,,,,7.0,何种谋杀 어떤살인,,Thriller,,"['12.8', '33.4', '44.3', '7.5', '1.9']",https://movie.douban.com/subject/26274814/,
26303622.0,2015.0,Douban,263569,,,,8.5,大空头 The Big Short,,Drama / Biography,,"['40.7', '46.5', '11.7', '0.9', '0.2']",https://movie.douban.com/subject/26303622/,
25754848.0,2015.0,Douban,919663,,,,9.4,琅琊榜,,Drama / Costume,,"['76.7', '18.7', '3.3', '0.5', '0.8']",https://movie.douban.com/subject/25754848/,
3077412.0,2015.0,Douban,638825,,,,7.4,寻龙诀,,Drama / Action / Fantasy / Adventure,,"['17.2', '43.7', '32.8', '5.0', '1.3']",https://movie.douban.com/subject/3077412/,
24987018.0,2015.0,Douban,121795,,,,6.3,赤道,,Drama / Action / Mystery / Crime,,"['8.3', '23.7', '47.2', '16.2', '4.5']",https://movie.douban.com/subject/24987018/,
25859495.0,2015.0,Douban,141478,,,,8.5,思悼 사도,,Drama / History,,"['39.8', '45.5', '13.3', '1.1', '0.3']",https://movie.douban.com/subject/25859495/,
25823840.0,2015.0,Douban,97512,,,,6.6,奸臣 간신,,Drama / Eroticism / Costume,,"['9.7', '28.0', '48.7', '11.7', '1.9']",https://movie.douban.com/subject/25823840/,
23424586.0,2015.0,Douban,47839,,,,6.4,猩红山峰 Crimson Peak,,Drama / Mystery / Thriller,,"['7.7', '24.2', '52.3', '14.0', '1.8']",https://movie.douban.com/subject/23424586/,
26339248.0,2015.0,Douban,163580,,,,9.4,一拳超人 ワンパンマン,,Drama / Action / Animation,,"['74.5', '20.9', '3.9', '0.4', '0.3']",https://movie.douban.com/subject/26339248/,
24307637.0,2015.0,Douban,26648,,,,6.8,江南1970 강남 1970,,Drama / Action,,"['12.5', '29.3', '46.4', '9.8', '2.0']",https://movie.douban.com/subject/24307637/,
25905124.0,2015.0,Douban,60205,,,,8.3,澄沙之味 あん,,Drama,,"['34.1', '47.9', '16.8', '1.0', '0.2']",https://movie.douban.com/subject/25905124/,
25757716.0,2015.0,Douban,5313,,,,5.7,鬼影实录5：鬼次元 Paranormal Activity: The Ghost Dimension,,Horror,,"['6.6', '13.4', '45.8', '26.5', '7.7']",https://movie.douban.com/subject/25757716/,
6875263.0,2015.0,Douban,241018,,,,7.0,灰姑娘 Cinderella,,Romance / Fantasy / Adventure,,"['12.6', '33.1', '47.4', '6.1', '0.8']",https://movie.douban.com/subject/6875263/,
25881628.0,2015.0,Douban,18507,,,,6.7,幸存的女孩 The Final Girls,,Comedy / Horror,,"['8.2', '31.0', '48.6', '10.3', '1.9']",https://movie.douban.com/subject/25881628/,
10727641.0,2015.0,Douban,352558,,,,7.9,碟中谍5：神秘国度 Mission: Impossible - Rogue Nation,,Action / Thriller / Adventure,,"['22.5', '52.3', '23.7', '1.4', '0.2']",https://movie.douban.com/subject/10727641/,
25821498.0,2015.0,Douban,77436,,,,9.1,妇女参政论者 Suffragette,,Drama / Biography / History,,"['62.9', '28.9', '7.4', '0.5', '0.2']",https://movie.douban.com/subject/25821498/,
26591649.0,2015.0,Douban,11546,,,,6.2,一路向南 Southbound,,Mystery / Thriller / Horror,,"['6.6', '22.6', '50.6', '16.3', '3.8']",https://movie.douban.com/subject/26591649/,
25846858.0,2015.0,Douban,56658,,,,7.7,破碎人生 Demolition,,Drama,,"['22.0', '45.4', '28.9', '3.1', '0.6']",https://movie.douban.com/subject/25846858/,
26366465.0,2015.0,Douban,655289,,,,7.8,我的少女时代 我的少女時代,,Comedy / Romance,,"['25.2', '45.7', '25.5', '3.0', '0.8']",https://movie.douban.com/subject/26366465/,
26337866.0,2015.0,Douban,211466,,,,8.0,路边野餐,,Drama,,"['30.9', '45.2', '19.1', '3.3', '1.4']",https://movie.douban.com/subject/26337866/,
25850443.0,2015.0,Douban,54138,,,,7.2,史蒂夫·乔布斯 Steve Jobs,,Drama / Biography,,"['12.4', '42.9', '39.0', '4.8', '0.8']",https://movie.douban.com/subject/25850443/,
26277313.0,2015.0,Douban,733908,,,,8.3,西游记之大圣归来,,Drama / Animation / Fantasy,,"['38.2', '42.5', '16.6', '2.0', '0.7']",https://movie.douban.com/subject/26277313/,
25885442.0,2015.0,Douban,204898,,,,7.5,何以笙箫默,,Drama / Romance,,"['25.3', '34.9', '30.1', '6.5', '3.2']",https://movie.douban.com/subject/25885442/,
25908051.0,2015.0,Douban,111912,,,,8.2,间谍之桥 Bridge of Spies,,Drama / Biography / History,,"['28.4', '52.7', '17.6', '1.1', '0.2']",https://movie.douban.com/subject/25908051/,
3608742.0,2015.0,Douban,17155,,,,7.8,冲出康普顿 Straight Outta Compton,,Drama / Music / Biography,,"['25.0', '45.4', '26.3', '2.6', '0.7']",https://movie.douban.com/subject/3608742/,
26266666.0,2015.0,Douban,58274,,,,8.8,问题餐厅 問題のあるレストラン,,Drama,,"['50.6', '38.8', '9.5', '0.8', '0.3']",https://movie.douban.com/subject/26266666/,
26297388.0,2015.0,Douban,39973,,,,7.6,这时对，那时错 지금은맞고그때는틀리다,,Drama,,"['19.2', '47.6', '28.5', '3.7', '1.0']",https://movie.douban.com/subject/26297388/,
26320029.0,2015.0,Douban,225022,,,,5.7,万万没想到,,Comedy / Fantasy / Adventure / Costume,,"['6.8', '15.5', '43.8', '24.3', '9.5']",https://movie.douban.com/subject/26320029/,
25890082.0,2015.0,Douban,11911,,,,7.0,意外来客 손님,,Mystery / Thriller / Horror,,"['11.7', '35.2', '44.8', '6.9', '1.4']",https://movie.douban.com/subject/25890082/,
26961216.0,2015.0,Douban,6656,,,,7.6,灵魂摆渡2番外篇：不速之客,,Drama / Mystery / Thriller / Horror,,"['25.6', '35.7', '32.6', '5.0', '1.2']",https://movie.douban.com/subject/26961216/,
24708493.0,2015.0,Douban,15045,,,,7.4,美国情人 Mistress America,,Comedy,,"['15.5', '43.4', '35.1', '5.0', '1.0']",https://movie.douban.com/subject/24708493/,
30174640.0,2015.0,Douban,24465,,,,8.4,法制未来时,,Comedy / Short,,"['35.1', '52.2', '11.5', '0.9', '0.4']",https://movie.douban.com/subject/30174640/,
22265299.0,2015.0,Douban,64492,,,,7.5,绝命海拔 Everest,,Drama / Biography / Adventure,,"['16.1', '46.8', '33.7', '3.0', '0.5']",https://movie.douban.com/subject/22265299/,
25994712.0,2015.0,Douban,383020,,,,8.6,伪装者,,Drama / Mystery,,"['46.4', '41.7', '10.0', '1.2', '0.7']",https://movie.douban.com/subject/25994712/,
25853727.0,2015.0,Douban,156551,,,,7.3,破风 破風,,Drama / Sport,,"['15.3', '42.7', '36.0', '5.1', '0.9']",https://movie.douban.com/subject/25853727/,
25798448.0,2015.0,Douban,444733,,,,7.7,解救吾先生,,Drama / Crime,,"['17.9', '52.3', '27.3', '2.1', '0.4']",https://movie.douban.com/subject/25798448/,
25884541.0,2015.0,Douban,40087,,,,9.0,汉尼拔 第三季 Hannibal Season 3,,Drama / Thriller / Crime,,"['61.4', '27.6', '8.8', '1.4', '0.7']",https://movie.douban.com/subject/25884541/,
23011215.0,2015.0,Douban,130904,,,,8.9,超感猎杀 第一季 Sense8 Season 1,,Drama / Sci-Fi,,"['58.4', '30.1', '9.1', '1.6', '0.7']",https://movie.douban.com/subject/23011215/,
10604554.0,2015.0,Douban,17118,,,,6.7,躲藏 Hidden,,Thriller / Horror,,"['8.4', '32.2', '48.5', '8.9', '2.0']",https://movie.douban.com/subject/10604554/,
4075568.0,2015.0,Douban,36494,,,,7.3,假期历险记 Vacation,,Comedy / Family / Adventure,,"['16.8', '39.9', '36.8', '5.6', '1.0']",https://movie.douban.com/subject/4075568/,
26611801.0,2015.0,Douban,133642,,,,6.2,一念天堂,,Comedy,,"['10.2', '21.1', '41.9', '19.6', '7.1']",https://movie.douban.com/subject/26611801/,
25890928.0,2015.0,Douban,28009,,,,7.5,屌丝男士 第四季,,Comedy,,"['21.2', '40.4', '32.8', '3.7', '1.8']",https://movie.douban.com/subject/25890928/,
10568385.0,2015.0,Douban,30136,,,,7.5,地心营救 The 33,,Drama / Biography / History,,"['15.4', '47.8', '33.8', '2.7', '0.4']",https://movie.douban.com/subject/10568385/,
5152973.0,2015.0,Douban,4501,,,,5.7,人皮交易 Skin Trade,,Action / Thriller / Crime,,"['5.7', '11.4', '51.1', '26.3', '5.5']",https://movie.douban.com/subject/5152973/,
3582181.0,2015.0,Douban,45090,,,,7.5,海洋深处 In the Heart of the Sea,,Drama / Adventure,,"['16.1', '48.4', '32.6', '2.6', '0.3']",https://movie.douban.com/subject/3582181/,
24405378.0,2014.0,Douban,723151,,,,8.4,王牌特工：特工学院 Kingsman: The Secret Service,,Comedy / Action / Adventure,,"['37.0', '46.7', '14.7', '1.3', '0.3']",https://movie.douban.com/subject/24405378/,
25706773.0,2015.0,Douban,67249,,,,7.7,硬核亨利 Хардкор,,Action / Sci-Fi / Adventure,,"['25.7', '42.3', '26.4', '4.3', '1.2']",https://movie.douban.com/subject/25706773/,
25911595.0,2015.0,Douban,83606,,,,5.3,第三种爱情,,Romance,,"['8.3', '10.7', '35.7', '30.6', '14.7']",https://movie.douban.com/subject/25911595/,
25895276.0,2015.0,Douban,414685,,,,5.8,煎饼侠,,Comedy,,"['6.7', '17.0', '43.7', '23.2', '9.4']",https://movie.douban.com/subject/25895276/,
10484117.0,2015.0,Douban,103469,,,,7.7,天空之眼 Eye in the Sky,,Drama / War,,"['19.4', '53.2', '23.5', '2.6', '1.2']",https://movie.douban.com/subject/10484117/,
26429849.0,2015.0,Douban,17573,,,,7.0,残秽，不可以住的房间 残穢 住んではいけない部屋,,Horror,,"['11.8', '36.2', '41.9', '8.2', '1.9']",https://movie.douban.com/subject/26429849/,
22522269.0,2015.0,Douban,13269,,,,7.0,战斧骨 Bone Tomahawk,,Horror / Western,,"['12.6', '37.6', '40.9', '6.9', '1.9']",https://movie.douban.com/subject/22522269/,
3269088.0,2015.0,Douban,17233,,,,7.8,知无涯者 The Man Who Knew Infinity,,Drama / Biography,,"['22.8', '46.0', '27.9', '2.8', '0.4']",https://movie.douban.com/subject/3269088/,
26591654.0,2015.0,Douban,90127,,,,8.7,地雷区 Under sandet,,Drama / History / War,,"['43.6', '47.0', '8.8', '0.4', '0.1']",https://movie.douban.com/subject/26591654/,
25821673.0,2015.0,Douban,29847,,,,8.1,阿薇尔与虚构世界 Avril et le monde truqué,,Sci-Fi / Animation / Adventure,,"['27.4', '51.4', '19.5', '1.5', '0.3']",https://movie.douban.com/subject/25821673/,
26647032.0,2015.0,Douban,26550,,,,9.2,那年那兔那些事 第二季,,Animation,,"['74.0', '18.3', '4.0', '0.6', '3.0']",https://movie.douban.com/subject/26647032/,
21766654.0,2015.0,Douban,128040,,,,6.2,芈月传,,Drama / Costume,,"['12.8', '22.2', '38.3', '15.1', '11.5']",https://movie.douban.com/subject/21766654/,
24736278.0,2015.0,Douban,95272,,,,9.7,河西走廊,,Documentary,,"['85.9', '12.3', '1.5', '0.1', '0.1']",https://movie.douban.com/subject/24736278/,
11520649.0,2015.0,Douban,37041,,,,8.4,"麦克法兰 McFarland, USA",,Drama / Biography / Sport,,"['34.9', '50.2', '13.9', '0.8', '0.2']",https://movie.douban.com/subject/11520649/,
26606242.0,2015.0,Douban,161223,,,,7.8,冈仁波齐,,Drama,,"['24.1', '45.7', '25.5', '3.5', '1.3']",https://movie.douban.com/subject/26606242/,
26258113.0,2015.0,Douban,22212,,,,8.8,国土安全 第五季 Homeland Season 5,,Drama / Mystery / Thriller,,"['52.0', '36.7', '9.7', '1.1', '0.5']",https://movie.douban.com/subject/26258113/,
24879839.0,2015.0,Douban,234922,,,,5.5,道士下山,,Comedy / Action / Fantasy / Costume,,"['5.2', '14.1', '42.3', '27.5', '10.9']",https://movie.douban.com/subject/24879839/,
25850625.0,2015.0,Douban,24196,,,,7.9,路人女主的养成方法 冴えない彼女の育てかた,,Animation,,"['31.9', '40.4', '21.7', '4.3', '1.7']",https://movie.douban.com/subject/25850625/,
25860868.0,2015.0,Douban,14356,,,,5.2,敲敲门 Knock Knock,,Thriller / Horror,,"['5.3', '10.2', '37.4', '32.3', '14.8']",https://movie.douban.com/subject/25860868/,
26280710.0,2015.0,Douban,59360,,,,7.8,怪物之子 バケモノの子,,Action / Animation / Fantasy / Adventure,,"['21.6', '48.3', '27.4', '2.3', '0.4']",https://movie.douban.com/subject/26280710/,
11598977.0,2015.0,Douban,183632,,,,6.7,叶问3,,Drama / Action / Biography / History,,"['11.1', '27.8', '49.4', '9.9', '1.7']",https://movie.douban.com/subject/11598977/,
24716045.0,2015.0,Douban,16468,,,,7.0,远离尘嚣 Far From the Madding Crowd,,Drama / Romance,,"['13.7', '35.7', '41.2', '8.1', '1.3']",https://movie.douban.com/subject/24716045/,
26252157.0,2015.0,Douban,22887,,,,7.7,龙三和他的七人党 龍三と七人の子分たち,,Comedy / Action,,"['19.7', '47.4', '29.4', '3.1', '0.5']",https://movie.douban.com/subject/26252157/,
24523680.0,2015.0,Douban,19061,,,,7.3,麦克白 Macbeth,,Drama / History,,"['13.7', '43.6', '37.0', '4.6', '1.0']",https://movie.douban.com/subject/24523680/,
24746974.0,2015.0,Douban,12032,,,,6.4,僵尸来袭 Wyrmwood: Road of the Dead,,Comedy / Action / Horror,,"['7.6', '25.2', '51.0', '13.0', '3.2']",https://movie.douban.com/subject/24746974/,
24847343.0,2015.0,Douban,215598,,,,5.1,小时代4：灵魂尽头,,Comedy / Romance,,"['9.0', '10.6', '31.5', '24.3', '24.7']",https://movie.douban.com/subject/24847343/,
26274810.0,2015.0,Douban,8089,,,,6.9,侦探：开端 탐정 : 더 비기닝,,Comedy / Thriller / Crime,,"['8.9', '33.3', '50.9', '6.1', '0.8']",https://movie.douban.com/subject/26274810/,
11540651.0,2015.0,Douban,51757,,,,7.4,许三观 허삼관,,Drama / Family,,"['15.6', '43.5', '36.1', '4.2', '0.6']",https://movie.douban.com/subject/11540651/,
25789453.0,2015.0,Douban,10121,,,,6.1,纯真时代 순수의 시대,,Drama / Romance / History,,"['7.9', '17.4', '50.7', '20.4', '3.5']",https://movie.douban.com/subject/25789453/,
26254370.0,2015.0,Douban,53509,,,,9.4,唐顿庄园 第六季 Downton Abbey Season 6,,Drama / Romance / Family,,"['73.4', '22.3', '3.9', '0.3', '0.1']",https://movie.douban.com/subject/26254370/,
26356789.0,2015.0,Douban,91343,,,,8.5,心房客 Asphalte,,Drama / Comedy,,"['39.5', '47.2', '12.1', '1.0', '0.2']",https://movie.douban.com/subject/26356789/,
26266892.0,2015.0,Douban,48799,,,,8.9,红鳉鱼 赤めだか,,Drama / Biography,,"['55.6', '36.6', '7.2', '0.4', '0.2']",https://movie.douban.com/subject/26266892/,
25871679.0,2015.0,Douban,39926,,,,9.2,硅谷 第二季 Silicon Valley Season 2,,Comedy,,"['65.5', '28.5', '5.3', '0.5', '0.2']",https://movie.douban.com/subject/25871679/,
26125672.0,2015.0,Douban,18441,,,,7.7,我爱男保姆,,Drama / Comedy,,"['24.5', '43.4', '27.0', '3.6', '1.6']",https://movie.douban.com/subject/26125672/,
26393970.0,2015.0,Douban,712,,,,7.8,母亲与疯子们 Anyám és más futóbolondok a családból,,Drama,,"['23.7', '46.0', '26.4', '3.0', '0.8']",https://movie.douban.com/subject/26393970/,
26586488.0,2015.0,Douban,18822,,,,5.9,红衣小女孩 紅衣小女孩,,Thriller / Horror,,"['5.3', '15.9', '52.4', '21.7', '4.6']",https://movie.douban.com/subject/26586488/,
26328479.0,2015.0,Douban,19121,,,,5.4,我们都是超能力者！电影版 映画 みんな！エスパーだよ！,,Drama / Comedy / Mystery,,"['6.3', '11.4', '39.3', '31.1', '11.9']",https://movie.douban.com/subject/26328479/,
25862354.0,2015.0,Douban,133533,,,,8.1,局内人 내부자들,,Drama / Action / Thriller / Crime,,"['28.3', '50.1', '20.0', '1.4', '0.3']",https://movie.douban.com/subject/25862354/,
10440138.0,2015.0,Douban,469915,,,,7.8,侏罗纪世界 Jurassic World,,Action / Sci-Fi / Adventure,,"['20.7', '50.1', '26.8', '2.0', '0.3']",https://movie.douban.com/subject/10440138/,
26279433.0,2015.0,Douban,91978,,,,5.9,剩者为王,,Drama / Romance,,"['6.3', '16.8', '47.2', '22.9', '6.8']",https://movie.douban.com/subject/26279433/,
26631751.0,2015.0,Douban,12231,,,,7.0,下众之爱 下衆の愛,,Drama / Romance / Eroticism,,"['11.5', '39.9', '38.5', '7.4', '2.6']",https://movie.douban.com/subject/26631751/,
25845400.0,2015.0,Douban,73091,,,,9.2,生活大爆炸 第九季 The Big Bang Theory Season 9,,Comedy,,"['68.9', '24.9', '5.5', '0.5', '0.2']",https://movie.douban.com/subject/25845400/,
26304167.0,2015.0,Douban,26041,,,,8.1,出租车 تاکسی,,Drama / Comedy,,"['29.4', '50.2', '18.0', '1.9', '0.5']",https://movie.douban.com/subject/26304167/,
26287786.0,2015.0,Douban,40750,,,,7.8,情满四合院,,Drama / Romance / Family / History,,"['33.7', '39.5', '17.3', '4.2', '5.3']",https://movie.douban.com/subject/26287786/,
26726098.0,2015.0,Douban,256534,,,,7.6,他是龙 Он - дракон,,Romance / Fantasy / Adventure,,"['22.5', '41.7', '30.5', '4.4', '0.9']",https://movie.douban.com/subject/26726098/,
26304268.0,2015.0,Douban,19006,,,,6.7,致命礼物 The Gift,,Mystery / Thriller,,"['5.9', '31.8', '52.8', '7.9', '1.5']",https://movie.douban.com/subject/26304268/,
26393561.0,2015.0,Douban,497678,,,,8.4,小萝莉的猴神大叔 Bajrangi Bhaijaan,,Drama / Comedy / Action,,"['41.8', '40.6', '15.4', '1.8', '0.4']",https://movie.douban.com/subject/26393561/,
25835293.0,2015.0,Douban,111728,,,,6.9,失孤,,Drama,,"['12.9', '32.3', '43.7', '9.3', '1.8']",https://movie.douban.com/subject/25835293/,
26314556.0,2015.0,Douban,11009,,,,6.4,陷阱 함정,,Thriller / Crime,,"['8.5', '21.2', '55.4', '12.9', '2.0']",https://movie.douban.com/subject/26314556/,
26087257.0,2015.0,Douban,15246,,,,8.9,无头骑士异闻录第二季：转 デュラララ!!×2 転,,Animation,,"['57.3', '32.8', '8.9', '0.7', '0.3']",https://movie.douban.com/subject/26087257/,
26373154.0,2015.0,Douban,34608,,,,6.8,尸忆 屍憶,,Thriller / Horror,,"['10.4', '34.1', '43.9', '9.5', '2.2']",https://movie.douban.com/subject/26373154/,
26356055.0,2015.0,Douban,3573,,,,4.9,想爱就爱2.5 Yes or No 2.5 กลับมา... เพื่อรักเธอ,,Drama / Romance,,"['6.6', '8.8', '28.5', '34.9', '21.2']",https://movie.douban.com/subject/26356055/,
26357796.0,2015.0,Douban,50198,,,,9.1,野良神 第二季 ノラガミ ARAGOTO,,Drama / Animation,,"['62.3', '30.8', '6.1', '0.5', '0.2']",https://movie.douban.com/subject/26357796/,
26596361.0,2015.0,Douban,22963,,,,8.1,布兰卡和弹吉他的人 ブランカとギター弾き,,Drama / Music,,"['27.4', '52.7', '18.5', '1.2', '0.2']",https://movie.douban.com/subject/26596361/,
25727048.0,2015.0,Douban,46916,,,,7.8,福尔摩斯先生 Mr. Holmes,,Drama / Mystery / Crime,,"['20.7', '50.5', '26.1', '2.2', '0.4']",https://movie.douban.com/subject/25727048/,
26310750.0,2015.0,Douban,5461,,,,9.1,排球少年剧场版：结束与开始 劇場版 ハイキュー!! 終わりと始まり,,Animation / Sport,,"['66.9', '24.6', '7.2', '0.6', '0.7']",https://movie.douban.com/subject/26310750/,
26306676.0,2015.0,Douban,178,,,,6.5,狗女 La mujer de los perros,,Drama,,"['4.1', '26.2', '58.6', '10.3', '0.7']",https://movie.douban.com/subject/26306676/,
25770124.0,2015.0,Douban,21623,,,,9.2,政局边缘 The Brink,,Comedy,,"['67.6', '25.8', '5.4', '0.7', '0.4']",https://movie.douban.com/subject/25770124/,
3071604.0,2015.0,Douban,251175,,,,8.4,丹麦女孩 The Danish Girl,,Drama / Romance / Homosexual / Biography,,"['35.1', '48.9', '14.8', '1.0', '0.2']",https://movie.douban.com/subject/3071604/,
26613444.0,2015.0,Douban,36583,,,,8.7,水滴 Waterdrop,,Sci-Fi / Short,,"['54.0', '30.9', '11.8', '2.2', '1.1']",https://movie.douban.com/subject/26613444/,
25956520.0,2015.0,Douban,70456,,,,6.6,太平轮(下)·彼岸,,Drama / Romance / Disaster,,"['9.6', '27.6', '48.2', '11.7', '2.8']",https://movie.douban.com/subject/25956520/,
26372270.0,2015.0,Douban,24309,,,,9.4,元气少女缘结神 过去篇 神様はじめました 過去編,,Drama / Animation / Fantasy,,"['73.9', '21.6', '4.0', '0.3', '0.2']",https://movie.douban.com/subject/26372270/,
26372271.0,2015.0,Douban,4143,,,,7.7,死生契阔 Masaan,,Drama / Romance,,"['18.8', '48.4', '30.0', '2.3', '0.5']",https://movie.douban.com/subject/26372271/,
26259635.0,2015.0,Douban,7360,,,,7.3,恋人们 恋人たち,,Drama,,"['13.5', '46.4', '34.9', '4.4', '0.8']",https://movie.douban.com/subject/26259635/,
20277433.0,2015.0,Douban,53701,,,,6.9,焦点 Focus,,Drama / Comedy / Crime,,"['10.2', '34.8', '47.4', '6.8', '0.8']",https://movie.douban.com/subject/20277433/,
26415291.0,2015.0,Douban,346,,,,8.5,罗马隐藏的城市 Rome's Invisible City,,Documentary,,"['37.3', '48.9', '13.0', '0.7', '0.0']",https://movie.douban.com/subject/26415291/,
26290365.0,2015.0,Douban,195502,,,,4.5,恶棍天使,,Comedy,,"['5.3', '7.3', '25.8', '30.2', '31.5']",https://movie.douban.com/subject/26290365/,
26386465.0,2015.0,Douban,12158,,,,8.6,亚人1：冲动 亜人 第1部 衝動,,Drama / Animation / Mystery / Thriller / Crime,,"['44.2', '42.5', '11.6', '1.2', '0.5']",https://movie.douban.com/subject/26386465/,
11620560.0,2015.0,Douban,204144,,,,6.5,007：幽灵党 Spectre,,Action / Thriller / Adventure,,"['8.6', '26.3', '50.7', '12.2', '2.2']",https://movie.douban.com/subject/11620560/,
25944282.0,2015.0,Douban,9315,,,,6.2,纸镇 Paper Towns,,Drama / Romance / Mystery,,"['7.5', '21.7', '48.7', '17.8', '4.3']",https://movie.douban.com/subject/25944282/,
26353884.0,2015.0,Douban,7140,,,,7.4,公羊 Hrútar,,Drama,,"['13.0', '48.6', '34.9', '2.9', '0.5']",https://movie.douban.com/subject/26353884/,
25955372.0,2015.0,Douban,9225,,,,6.7,1980年代的爱情,,Romance,,"['13.2', '28.4', '41.2', '13.5', '3.7']",https://movie.douban.com/subject/25955372/,
25913617.0,2015.0,Douban,1996,,,,6.0,奔跑者 The Runner,,Drama,,"['6.8', '15.7', '51.6', '21.8', '4.2']",https://movie.douban.com/subject/25913617/,
26163480.0,2015.0,Douban,10467,,,,8.0,青春冒险王 Microbe et Gasoil,,Comedy,,"['25.4', '53.0', '20.1', '1.2', '0.4']",https://movie.douban.com/subject/26163480/,
26304900.0,2015.0,Douban,419,,,,6.6,铃木光司·真实的恐怖 鈴木光司・リアルホラー,,,,"['8.1', '26.8', '52.8', '9.5', '2.8']",https://movie.douban.com/subject/26304900/,
25817534.0,2016.0,Douban,174845,,,,7.3,哭声 곡성,,Drama / Mystery / Horror,,"['18.6', '40.7', '31.4', '6.6', '2.6']",https://movie.douban.com/subject/25817534/,
11589036.0,2016.0,Douban,398811,,,,7.8,功夫熊猫3 Kung Fu Panda 3,,Comedy / Action / Animation / Adventure,,"['22.3', '47.6', '27.4', '2.3', '0.4']",https://movie.douban.com/subject/11589036/,
26752075.0,2016.0,Douban,70873,,,,9.7,排球少年 第三季 ハイキュー!! 烏野高校 VS 白鳥沢学園高校,,Drama / Animation / Sport,,"['89.2', '9.2', '1.3', '0.1', '0.2']",https://movie.douban.com/subject/26752075/,
26279124.0,2016.0,Douban,53697,,,,6.7,新哥斯拉 シン・ゴジラ,,Drama / Sci-Fi / Disaster,,"['10.9', '32.9', '41.5', '11.8', '2.9']",https://movie.douban.com/subject/26279124/,
25977027.0,2016.0,Douban,570097,,,,8.5,小姐 아가씨,,Drama / Mystery / Eroticism / Homosexual,,"['42.9', '43.1', '12.6', '1.1', '0.3']",https://movie.douban.com/subject/25977027/,
25976733.0,2016.0,Douban,123117,,,,9.5,风骚律师 第二季 Better Call Saul Season 2,,Drama / Crime,,"['77.3', '19.8', '2.6', '0.2', '0.1']",https://movie.douban.com/subject/25976733/,
26284621.0,2016.0,Douban,377633,,,,7.9,追凶者也,,Drama / Comedy / Crime,,"['22.3', '54.4', '21.6', '1.4', '0.3']",https://movie.douban.com/subject/26284621/,
25862357.0,2016.0,Douban,230508,,,,9.5,权力的游戏 第六季 Game of Thrones Season 6,,Drama / War / Fantasy / Adventure,,"['77.7', '18.4', '3.3', '0.4', '0.2']",https://movie.douban.com/subject/25862357/,
26820833.0,2016.0,Douban,80545,,,,6.8,中邪,,Thriller / Horror,,"['8.4', '37.2', '41.7', '9.9', '2.9']",https://movie.douban.com/subject/26820833/,
25793398.0,2016.0,Douban,225881,,,,7.5,海洋奇缘 Moana,,Animation / Musical / Fantasy / Adventure,,"['17.6', '44.5', '34.6', '2.9', '0.4']",https://movie.douban.com/subject/25793398/,
25662327.0,2016.0,Douban,356835,,,,7.2,火锅英雄,,Drama / Crime,,"['11.8', '44.0', '38.8', '4.6', '0.8']",https://movie.douban.com/subject/25662327/,
26647711.0,2016.0,Douban,95461,,,,9.3,9号秘事 第三季 Inside No. 9 Season 3,,Comedy / Mystery / Horror,,"['69.9', '25.3', '4.4', '0.3', '0.1']",https://movie.douban.com/subject/26647711/,
24325861.0,2016.0,Douban,103356,,,,7.6,会计刺客 The Accountant,,Action / Thriller / Crime,,"['19.1', '47.2', '30.0', '3.2', '0.5']",https://movie.douban.com/subject/24325861/,
5327189.0,2016.0,Douban,117887,,,,8.9,伦敦一家人 Ethel & Ernest,,Drama / Animation / Family,,"['54.2', '37.5', '7.8', '0.4', '0.1']",https://movie.douban.com/subject/5327189/,
26302882.0,2016.0,Douban,70901,,,,9.4,无耻之徒(美版) 第六季 Shameless Season 6,,Drama / Comedy,,"['75.4', '20.3', '3.8', '0.3', '0.2']",https://movie.douban.com/subject/26302882/,
25986180.0,2016.0,Douban,1342727,,,,8.6,釜山行 부산행,,Action / Thriller / Disaster,,"['44.0', '44.0', '10.9', '0.8', '0.3']",https://movie.douban.com/subject/25986180/,
26838164.0,2016.0,Douban,253017,,,,8.9,伦敦生活 第一季 Fleabag Season 1,,Drama / Comedy,,"['54.9', '36.1', '8.0', '0.7', '0.3']",https://movie.douban.com/subject/26838164/,
26339213.0,2016.0,Douban,139843,,,,7.6,无名女尸 The Autopsy of Jane Doe,,Horror,,"['18.3', '48.2', '29.9', '3.0', '0.6']",https://movie.douban.com/subject/26339213/,
26357945.0,2016.0,Douban,111902,,,,8.0,恐袭波士顿 Patriots Day,,Drama / Thriller / History,,"['21.9', '59.0', '18.1', '0.9', '0.1']",https://movie.douban.com/subject/26357945/,
26022182.0,2016.0,Douban,131125,,,,7.7,她 Elle,,Drama / Thriller,,"['19.8', '48.5', '27.6', '3.3', '0.8']",https://movie.douban.com/subject/26022182/,
26575937.0,2016.0,Douban,35419,,,,6.7,楼下的房客 樓下的房客,,Drama / Mystery / Thriller,,"['9.9', '30.1', '45.6', '11.8', '2.6']",https://movie.douban.com/subject/26575937/,
25831874.0,2016.0,Douban,339065,,,,8.2,太阳的后裔 태양의 후예,,Drama / Romance,,"['38.2', '40.5', '17.3', '2.6', '1.4']",https://movie.douban.com/subject/25831874/,
26362351.0,2016.0,Douban,123543,,,,8.3,濑户内海 セトウツミ,,Drama / Comedy,,"['34.7', '46.4', '16.7', '1.8', '0.4']",https://movie.douban.com/subject/26362351/,
21324900.0,2016.0,Douban,517807,,,,7.8,降临 Arrival,,Drama / Sci-Fi,,"['23.5', '47.7', '25.0', '3.1', '0.7']",https://movie.douban.com/subject/21324900/,
26389148.0,2016.0,Douban,78114,,,,8.1,赴汤蹈火 Hell or High Water,,Drama / Crime / Western,,"['26.6', '53.2', '18.5', '1.3', '0.3']",https://movie.douban.com/subject/26389148/,
26815153.0,2016.0,Douban,127275,,,,8.8,一人之下 第一季,,Comedy / Action / Animation / Fantasy,,"['54.0', '35.0', '9.0', '1.2', '0.7']",https://movie.douban.com/subject/26815153/,
26704620.0,2016.0,Douban,114619,,,,7.2,屏住呼吸 Don't Breathe,,Thriller / Horror,,"['12.3', '41.9', '39.0', '5.5', '1.4']",https://movie.douban.com/subject/26704620/,
26614893.0,2016.0,Douban,545025,,,,8.5,完美陌生人 Perfetti sconosciuti,,Drama / Comedy,,"['39.7', '47.1', '12.2', '0.8', '0.2']",https://movie.douban.com/subject/26614893/,
3718279.0,2016.0,Douban,514091,,,,7.9,死侍 Deadpool,,Comedy / Action / Sci-Fi / Adventure,,"['24.4', '48.0', '24.9', '2.3', '0.5']",https://movie.douban.com/subject/3718279/,
26307755.0,2016.0,Douban,74829,,,,8.5,季春奶奶 계춘할망,,Drama / Family,,"['40.3', '46.0', '12.8', '0.8', '0.2']",https://movie.douban.com/subject/26307755/,
26363201.0,2016.0,Douban,48648,,,,7.1,救命解药 A Cure for Wellness,,Mystery / Thriller,,"['12.6', '38.7', '41.5', '6.0', '1.2']",https://movie.douban.com/subject/26363201/,
25920885.0,2016.0,Douban,266787,,,,7.3,神探夏洛克：可恶的新娘 Sherlock: The Abominable Bride,,Drama / Mystery / Crime,,"['18.5', '36.0', '37.1', '6.8', '1.6']",https://movie.douban.com/subject/25920885/,
25966044.0,2016.0,Douban,206148,,,,9.0,黑镜 第三季 Black Mirror Season 3,,Drama / Sci-Fi / Thriller,,"['58.5', '34.0', '6.8', '0.6', '0.2']",https://movie.douban.com/subject/25966044/,
26353372.0,2016.0,Douban,116073,,,,7.4,夜行动物 Nocturnal Animals,,Drama / Thriller,,"['15.3', '45.6', '33.9', '4.2', '1.0']",https://movie.douban.com/subject/26353372/,
21817627.0,2016.0,Douban,324093,,,,7.8,爱宠大机密 The Secret Life of Pets,,Comedy / Animation,,"['23.5', '47.8', '26.4', '2.1', '0.3']",https://movie.douban.com/subject/21817627/,
26681664.0,2016.0,Douban,26065,,,,9.4,辛普森：美国制造 O.J.: Made in America,,Documentary / Biography / Crime,,"['76.0', '20.7', '2.8', '0.2', '0.3']",https://movie.douban.com/subject/26681664/,
25911694.0,2016.0,Douban,247437,,,,4.1,摆渡人,,Comedy / Romance,,"['5.0', '7.1', '19.4', '24.7', '43.7']",https://movie.douban.com/subject/25911694/,
26649095.0,2016.0,Douban,25857,,,,7.1,恐吓运动 Scare Campaign,,Horror,,"['11.4', '39.2', '42.1', '6.2', '1.1']",https://movie.douban.com/subject/26649095/,
26815162.0,2016.0,Douban,132466,,,,8.0,生存家族 サバイバルファミリー,,Comedy / Family,,"['23.5', '55.3', '19.4', '1.5', '0.3']",https://movie.douban.com/subject/26815162/,
26733371.0,2016.0,Douban,67283,,,,9.8,地球脉动 第二季 Planet Earth Season 2,,Documentary,,"['93.4', '5.8', '0.6', '0.1', '0.2']",https://movie.douban.com/subject/26733371/,
26354572.0,2016.0,Douban,311728,,,,8.1,欢乐好声音 Sing,,Comedy / Animation / Musical,,"['28.8', '49.0', '20.2', '1.8', '0.2']",https://movie.douban.com/subject/26354572/,
26088403.0,2016.0,Douban,97612,,,,7.5,检察官外传 검사외전,,Comedy / Crime,,"['15.6', '46.5', '35.2', '2.5', '0.3']",https://movie.douban.com/subject/26088403/,
26596486.0,2016.0,Douban,96963,,,,6.1,名侦探柯南：纯黑的恶梦 名探偵コナン 純黒の悪夢,,Animation / Mystery,,"['6.2', '21.1', '49.5', '19.1', '4.0']",https://movie.douban.com/subject/26596486/,
26682565.0,2016.0,Douban,39772,,,,8.7,在西伯利亚森林中 Dans les forêts de Sibérie,,Drama / Adventure,,"['46.3', '41.4', '11.3', '0.8', '0.2']",https://movie.douban.com/subject/26682565/,
26600660.0,2016.0,Douban,140374,,,,7.4,分裂 Split,,Mystery / Thriller / Crime,,"['16.6', '44.3', '34.4', '4.1', '0.7']",https://movie.douban.com/subject/26600660/,
26611076.0,2016.0,Douban,200235,,,,7.5,溺水小刀 溺れるナイフ,,Drama / Romance,,"['23.8', '38.6', '29.9', '6.1', '1.5']",https://movie.douban.com/subject/26611076/,
25929151.0,2016.0,Douban,400460,,,,8.1,遇见你之前 Me Before You,,Drama / Romance,,"['32.8', '43.9', '20.7', '2.3', '0.4']",https://movie.douban.com/subject/25929151/,
26359270.0,2016.0,Douban,489460,,,,9.1,怪奇物语 第一季 Stranger Things Season 1,,Drama / Horror / Fantasy,,"['62.8', '30.1', '6.3', '0.6', '0.3']",https://movie.douban.com/subject/26359270/,
26785286.0,2016.0,Douban,61560,,,,8.4,荼蘼,,Romance,,"['39.0', '45.6', '13.2', '1.6', '0.6']",https://movie.douban.com/subject/26785286/,
26648249.0,2016.0,Douban,158077,,,,7.4,月光男孩 Moonlight,,Drama / Homosexual,,"['16.2', '44.1', '35.1', '3.7', '0.9']",https://movie.douban.com/subject/26648249/,
7065334.0,2016.0,Douban,59334,,,,8.2,金矿 Gold,,Drama / Thriller / Adventure,,"['28.2', '53.5', '17.2', '1.0', '0.2']",https://movie.douban.com/subject/7065334/,
26707767.0,2016.0,Douban,69103,,,,9.5,无耻之徒(美版) 第七季 Shameless Season 7,,Drama / Comedy,,"['79.6', '17.2', '2.7', '0.2', '0.2']",https://movie.douban.com/subject/26707767/,
25815034.0,2016.0,Douban,792188,,,,8.0,湄公河行动,,Drama / Action / Crime,,"['27.9', '46.0', '22.5', '2.9', '0.7']",https://movie.douban.com/subject/25815034/,
20471852.0,2016.0,Douban,281550,,,,6.5,生化危机：终章 Resident Evil: The Final Chapter,,Action / Sci-Fi / Horror,,"['8.5', '26.3', '48.8', '13.6', '2.8']",https://movie.douban.com/subject/20471852/,
26290367.0,2016.0,Douban,115179,,,,6.7,谁的青春不迷茫,,Romance,,"['12.8', '27.4', '45.4', '11.1', '3.3']",https://movie.douban.com/subject/26290367/,
3569910.0,2016.0,Douban,326235,,,,6.7,自杀小队 Suicide Squad,,Action / Crime / Fantasy,,"['12.2', '27.7', '44.6', '13.1', '2.5']",https://movie.douban.com/subject/3569910/,
26724684.0,2016.0,Douban,52677,,,,8.6,宽松世代又如何 ゆとりですがなにか,,Comedy,,"['46.8', '40.5', '11.1', '1.2', '0.3']",https://movie.douban.com/subject/26724684/,
25917787.0,2016.0,Douban,39894,,,,7.0,耐撕侦探 The Nice Guys,,Comedy / Action / Crime,,"['9.8', '38.6', '44.8', '6.0', '0.9']",https://movie.douban.com/subject/25917787/,
26376558.0,2016.0,Douban,16818,,,,7.7,红海龟 La tortue rouge,,Animation / Fantasy,,"['21.3', '45.8', '29.0', '3.3', '0.6']",https://movie.douban.com/subject/26376558/,
26684564.0,2016.0,Douban,68883,,,,6.8,关灯后 Lights Out,,Horror,,"['9.9', '32.1', '48.1', '8.6', '1.3']",https://movie.douban.com/subject/26684564/,
26761935.0,2016.0,Douban,576121,,,,8.9,孤单又灿烂的神：鬼怪 쓸쓸하고 찬란하神 - 도깨비,,Drama,,"['58.2', '30.5', '9.3', '1.4', '0.6']",https://movie.douban.com/subject/26761935/,
26215216.0,2016.0,Douban,69290,,,,8.2,将来的事 L'avenir,,Drama,,"['29.5', '52.9', '16.2', '1.1', '0.2']",https://movie.douban.com/subject/26215216/,
26674019.0,2016.0,Douban,199649,,,,7.0,法医秦明,,Drama / Mystery,,"['11.2', '39.3', '41.3', '6.5', '1.6']",https://movie.douban.com/subject/26674019/,
26313740.0,2016.0,Douban,54330,,,,6.4,玩命直播 Nerve,,Action / Thriller / Adventure,,"['4.5', '26.0', '56.8', '11.4', '1.3']",https://movie.douban.com/subject/26313740/,
6966372.0,2016.0,Douban,3144,,,,6.5,猫王与尼克松 Elvis & Nixon,,Comedy / History,,"['6.6', '25.7', '56.7', '9.5', '1.5']",https://movie.douban.com/subject/6966372/,
26653833.0,2016.0,Douban,93553,,,,7.1,生吃 Grave,,Drama / Horror,,"['13.4', '39.1', '39.4', '6.4', '1.6']",https://movie.douban.com/subject/26653833/,
26696879.0,2016.0,Douban,105415,,,,6.7,你好，疯子！,,Drama / Comedy / Mystery,,"['8.7', '32.0', '45.0', '12.1', '2.3']",https://movie.douban.com/subject/26696879/,
26655961.0,2016.0,Douban,19427,,,,9.5,吹响悠风号2 響け！ユーフォニアム2,,Animation / Music,,"['78.2', '17.7', '3.2', '0.5', '0.3']",https://movie.douban.com/subject/26655961/,
25978126.0,2016.0,Douban,86096,,,,7.0,间谍同盟 Allied,,Drama / Action / Romance / Thriller / War,,"['11.4', '35.9', '44.8', '7.0', '0.8']",https://movie.douban.com/subject/25978126/,
26334559.0,2016.0,Douban,162427,,,,4.5,澳门风云3 賭城風雲III,,Comedy / Action,,"['5.1', '6.8', '26.1', '31.9', '30.2']",https://movie.douban.com/subject/26334559/,
6860147.0,2016.0,Douban,27699,,,,6.3,霓虹恶魔 The Neon Demon,,Drama / Thriller,,"['8.9', '25.2', '44.1', '17.5', '4.3']",https://movie.douban.com/subject/6860147/,
5045678.0,2016.0,Douban,623859,,,,7.0,大鱼海棠,,Drama / Animation / Fantasy,,"['18.1', '32.3', '35.4', '10.2', '4.0']",https://movie.douban.com/subject/5045678/,
24751763.0,2016.0,Douban,431511,,,,7.7,罗曼蒂克消亡史,,Drama,,"['21.6', '47.7', '25.3', '4.3', '1.1']",https://movie.douban.com/subject/24751763/,
25835285.0,2016.0,Douban,95832,,,,8.1,男与女 남과여,,Drama / Romance,,"['30.0', '46.6', '21.0', '2.0', '0.4']",https://movie.douban.com/subject/25835285/,
4944008.0,2016.0,Douban,104477,,,,7.2,香肠派对 Sausage Party,,Comedy / Animation / Adventure,,"['14.0', '39.5', '39.3', '5.9', '1.3']",https://movie.douban.com/subject/4944008/,
26820836.0,2016.0,Douban,39991,,,,7.1,八月,,Drama / Family,,"['9.3', '41.9', '42.5', '5.7', '0.6']",https://movie.douban.com/subject/26820836/,
26857716.0,2016.0,Douban,2340,,,,9.2,卢米埃尔！冒险开始 Lumière ! L'aventure commence,,Documentary,,"['67.8', '26.3', '4.9', '0.4', '0.5']",https://movie.douban.com/subject/26857716/,
26280528.0,2016.0,Douban,371881,,,,5.3,从你的全世界路过,,Comedy / Romance,,"['6.4', '14.0', '35.9', '27.8', '15.9']",https://movie.douban.com/subject/26280528/,
26759792.0,2016.0,Douban,8405,,,,9.3,排球少年：VS“不及格” ハイキュー!! VS“赤点”,,Animation / Sport,,"['73.1', '21.1', '5.2', '0.2', '0.4']",https://movie.douban.com/subject/26759792/,
25866686.0,2016.0,Douban,17298,,,,4.9,第五波 The 5th Wave,,Action / Sci-Fi / Thriller / Adventure,,"['3.8', '7.5', '35.6', '37.8', '15.1']",https://movie.douban.com/subject/25866686/,
26710657.0,2016.0,Douban,45211,,,,8.5,芬妮的旅程 Le voyage de Fanny,,Drama / War,,"['38.3', '49.2', '11.6', '0.7', '0.2']",https://movie.douban.com/subject/26710657/,
26677934.0,2016.0,Douban,142973,,,,9.4,灵能百分百 モブサイコ100,,Sci-Fi / Animation,,"['75.0', '20.7', '3.7', '0.4', '0.2']",https://movie.douban.com/subject/26677934/,
22266320.0,2016.0,Douban,59104,,,,7.0,深海浩劫 Deepwater Horizon,,Drama / Adventure / Disaster,,"['7.2', '39.3', '48.8', '4.2', '0.5']",https://movie.douban.com/subject/22266320/,
26280709.0,2016.0,Douban,34743,,,,7.6,大创业家 The Founder,,Drama / Biography,,"['17.1', '48.5', '32.0', '1.9', '0.4']",https://movie.douban.com/subject/26280709/,
26592040.0,2016.0,Douban,30983,,,,7.7,瑞普·凡·温克尔的新娘 リップヴァンウィンクルの花嫁,,Drama,,"['22.1', '44.0', '29.2', '3.8', '0.9']",https://movie.douban.com/subject/26592040/,
26823498.0,2016.0,Douban,23282,,,,7.6,曲面 Curve,,Thriller / Horror / Short,,"['18.2', '46.6', '30.9', '3.5', '0.9']",https://movie.douban.com/subject/26823498/,
26000205.0,2016.0,Douban,113878,,,,7.2,鲨滩 The Shallows,,Thriller / Adventure,,"['10.4', '42.2', '42.6', '4.1', '0.6']",https://movie.douban.com/subject/26000205/,
26616719.0,2016.0,Douban,49766,,,,8.4,弗兰兹 Frantz,,Drama / Romance / History / War,,"['35.0', '50.2', '13.5', '1.0', '0.3']",https://movie.douban.com/subject/26616719/,
6982558.0,2016.0,Douban,425317,,,,4.9,长城 The Great Wall,,Action / Fantasy / Adventure,,"['5.1', '10.8', '31.7', '27.3', '25.1']",https://movie.douban.com/subject/6982558/,
26653676.0,2016.0,Douban,39845,,,,8.3,"我是布莱克 I, Daniel Blake",,Drama,,"['33.3', '50.8', '14.5', '1.1', '0.2']",https://movie.douban.com/subject/26653676/,
25855071.0,2016.0,Douban,133627,,,,8.2,初恋这首情歌 Sing Street,,Drama / Romance / Music,,"['31.0', '49.6', '17.9', '1.4', '0.1']",https://movie.douban.com/subject/25855071/,
25945280.0,2016.0,Douban,72790,,,,5.6,我的特工爷爷 特工爺爺,,Drama / Action / Adventure,,"['5.4', '12.6', '46.1', '27.2', '8.7']",https://movie.douban.com/subject/25945280/,
26602794.0,2016.0,Douban,11505,,,,6.5,死亡占卜2：恶灵始源 Ouija: Origin of Evil,,Horror,,"['8.1', '25.9', '52.4', '11.5', '2.1']",https://movie.douban.com/subject/26602794/,
26703158.0,2016.0,Douban,134891,,,,8.9,斯隆女士 Miss Sloane,,Drama / Mystery,,"['52.2', '39.3', '7.7', '0.6', '0.2']",https://movie.douban.com/subject/26703158/,
26785137.0,2016.0,Douban,15707,,,,7.8,无手的少女 La jeune fille sans mains,,Drama / Animation,,"['19.2', '53.1', '25.4', '1.8', '0.6']",https://movie.douban.com/subject/26785137/,
26661608.0,2016.0,Douban,16748,,,,6.4,恶魔蛙男 ミュージアム,,Drama / Thriller / Crime,,"['6.2', '23.4', '54.9', '13.2', '2.2']",https://movie.douban.com/subject/26661608/,
26125779.0,2016.0,Douban,82284,,,,6.0,危城,,Drama / Action / Crime / Chinese swordplay / Costume,,"['6.7', '18.1', '49.9', '20.0', '5.3']",https://movie.douban.com/subject/26125779/,
26707472.0,2016.0,Douban,83618,,,,7.7,明日的我与昨日的你约会 ぼくは明日、昨日のきみとデートする,,Drama / Romance / Fantasy,,"['24.7', '42.6', '28.6', '3.7', '0.5']",https://movie.douban.com/subject/26707472/,
26766869.0,2016.0,Douban,156209,,,,9.4,鹬 Piper,,Animation / Short,,"['71.8', '24.3', '3.8', '0.2', '0.0']",https://movie.douban.com/subject/26766869/,
25894431.0,2016.0,Douban,190162,,,,7.3,星球大战外传：侠盗一号 Rogue One: A Star Wars Story,,Action / Sci-Fi / Adventure,,"['16.1', '41.1', '36.3', '5.2', '1.3']",https://movie.douban.com/subject/25894431/,
26803835.0,2016.0,Douban,35246,,,,8.1,画江湖之不良人2,,Drama / Animation / Chinese swordplay,,"['34.4', '40.5', '20.0', '3.4', '1.7']",https://movie.douban.com/subject/26803835/,
26879159.0,2016.0,Douban,6675,,,,7.2,窒息 A martfüi rém,,Thriller / Crime,,"['11.3', '42.7', '41.1', '4.0', '0.9']",https://movie.douban.com/subject/26879159/,
26740396.0,2016.0,Douban,51974,,,,9.5,摩登家庭 第八季 Modern Family Season 8,,Comedy / Family,,"['79.6', '17.1', '3.0', '0.2', '0.1']",https://movie.douban.com/subject/26740396/,
25827963.0,2016.0,Douban,152275,,,,5.6,西游记之孙悟空三打白骨精,,Comedy / Action / Fantasy,,"['5.7', '14.8', '44.1', '26.0', '9.4']",https://movie.douban.com/subject/25827963/,
25794302.0,2016.0,Douban,54485,,,,6.0,分歧者3：忠诚世界 The Divergent Series: Allegiant,,Action / Sci-Fi / Adventure,,"['7.0', '15.9', '51.9', '20.5', '4.7']",https://movie.douban.com/subject/25794302/,
26648456.0,2016.0,Douban,1180,,,,7.0,路易十四的死亡纪事 La mort de Louis XIV,,Drama / Biography / History,,"['11.6', '39.7', '39.5', '6.8', '2.5']",https://movie.douban.com/subject/26648456/,
26296258.0,2016.0,Douban,20290,,,,7.5,胡丽叶塔 Julieta,,Drama / Romance / Mystery,,"['14.0', '48.4', '34.4', '2.7', '0.5']",https://movie.douban.com/subject/26296258/,
2131940.0,2016.0,Douban,326672,,,,7.6,魔兽 Warcraft,,Action / Fantasy / Adventure,,"['24.8', '40.0', '29.5', '4.4', '1.4']",https://movie.douban.com/subject/2131940/,
26685451.0,2016.0,Douban,216457,,,,7.9,流浪猫鲍勃 A Street Cat Named Bob,,Drama / Comedy / Biography,,"['25.0', '48.0', '24.7', '2.0', '0.3']",https://movie.douban.com/subject/26685451/,
26722331.0,2016.0,Douban,8511,,,,6.6,爱之女巫 The Love Witch,,Comedy / Horror / Eroticism,,"['12.3', '26.8', '43.7', '13.8', '3.4']",https://movie.douban.com/subject/26722331/,
26611806.0,2016.0,Douban,14187,,,,7.5,贝拉的奇幻花园 This Beautiful Fantastic,,Drama / Comedy / Romance,,"['18.6', '42.4', '34.4', '4.0', '0.6']",https://movie.douban.com/subject/26611806/,
26384493.0,2016.0,Douban,35324,,,,8.3,以女儿之名 Au nom de ma fille,,Drama / Biography,,"['31.9', '53.7', '13.4', '0.8', '0.2']",https://movie.douban.com/subject/26384493/,
26220717.0,2016.0,Douban,89011,,,,7.8,危机13小时 13 Hours: The Secret Soldiers of Benghazi,,Drama / Action / Thriller / War,,"['22.0', '51.1', '24.0', '2.3', '0.6']",https://movie.douban.com/subject/26220717/,
26421442.0,2016.0,Douban,24120,,,,8.0,滚烫的爱 湯を沸かすほどの熱い愛,,Drama / Family,,"['26.4', '49.3', '21.9', '1.9', '0.5']",https://movie.douban.com/subject/26421442/,
26704590.0,2016.0,Douban,112638,,,,7.9,一念无明 一念無明,,Drama / Family,,"['19.2', '56.2', '22.8', '1.7', '0.2']",https://movie.douban.com/subject/26704590/,
26794215.0,2016.0,Douban,186725,,,,9.5,我们这一天 第一季 This Is Us Season 1,,Drama / Family,,"['79.2', '16.8', '3.3', '0.4', '0.2']",https://movie.douban.com/subject/26794215/,
25808075.0,2017.0,Douban,242194,,,,6.9,猩球崛起3：终极之战 War for the Planet of the Apes,,Drama / Action / Sci-Fi,,"['10.2', '35.7', '44.0', '8.5', '1.6']",https://movie.douban.com/subject/25808075/,
26946510.0,2017.0,Douban,131583,,,,7.7,犯罪都市 범죄도시,,Action / Crime,,"['19.1', '48.5', '29.7', '2.2', '0.5']",https://movie.douban.com/subject/26946510/,
26727273.0,2017.0,Douban,502262,,,,8.3,人民的名义,,Drama / Mystery / Crime,,"['38.8', '42.7', '14.8', '2.3', '1.5']",https://movie.douban.com/subject/26727273/,
27109501.0,2017.0,Douban,17551,,,,6.0,复仇战姬 Revenge,,Action / Thriller,,"['6.2', '18.9', '48.7', '20.9', '5.3']",https://movie.douban.com/subject/27109501/,
11600078.0,2017.0,Douban,208477,,,,8.2,目击者之追凶 目擊者,,Mystery / Thriller / Crime,,"['29.9', '52.3', '16.0', '1.4', '0.4']",https://movie.douban.com/subject/11600078/,
26389601.0,2017.0,Douban,99985,,,,7.8,猎凶风河谷 Wind River,,Drama / Mystery / Crime,,"['15.2', '59.2', '24.2', '1.3', '0.1']",https://movie.douban.com/subject/26389601/,
26863778.0,2017.0,Douban,161698,,,,8.2,铁雨 강철비,,Action / Thriller,,"['31.1', '49.9', '17.3', '1.3', '0.4']",https://movie.douban.com/subject/26863778/,
26235354.0,2017.0,Douban,243201,,,,9.2,权力的游戏 第七季 Game of Thrones Season 7,,Drama / Fantasy / Adventure,,"['69.0', '23.1', '6.4', '1.0', '0.5']",https://movie.douban.com/subject/26235354/,
3578939.0,2017.0,Douban,31844,,,,5.6,缩小人生 Downsizing,,Drama / Comedy / Sci-Fi,,"['4.5', '14.2', '46.0', '29.0', '6.3']",https://movie.douban.com/subject/3578939/,
26391916.0,2017.0,Douban,88802,,,,7.8,杀人者的记忆法 살인자의 기억법,,Drama / Mystery / Thriller / Crime,,"['21.8', '50.2', '25.4', '2.2', '0.4']",https://movie.douban.com/subject/26391916/,
27027913.0,2017.0,Douban,289872,,,,7.0,忌日快乐 Happy Death Day,,Mystery / Thriller / Horror,,"['8.1', '41.6', '44.7', '5.0', '0.5']",https://movie.douban.com/subject/27027913/,
26309788.0,2017.0,Douban,249788,,,,6.5,金刚：骷髅岛 Kong: Skull Island,,Action / Fantasy / Adventure,,"['6.5', '27.8', '52.8', '11.0', '1.9']",https://movie.douban.com/subject/26309788/,
26930540.0,2017.0,Douban,361400,,,,8.0,无证之罪,,Mystery / Crime,,"['27.6', '49.3', '19.8', '2.5', '0.9']",https://movie.douban.com/subject/26930540/,
27038183.0,2017.0,Douban,761150,,,,6.8,羞羞的铁拳,,Comedy / Fantasy,,"['11.0', '33.0', '43.3', '10.1', '2.5']",https://movie.douban.com/subject/27038183/,
26888731.0,2017.0,Douban,125348,,,,9.2,良医 第一季 The Good Doctor Season 1,,Drama,,"['66.0', '29.0', '4.5', '0.3', '0.2']",https://movie.douban.com/subject/26888731/,
26895171.0,2017.0,Douban,258021,,,,9.1,四重奏 カルテット,,Drama / Romance / Mystery / Music,,"['63.0', '29.9', '6.2', '0.7', '0.3']",https://movie.douban.com/subject/26895171/,
26588314.0,2017.0,Douban,354582,,,,7.9,伯德小姐 Lady Bird,,Drama / Family,,"['22.8', '50.2', '24.8', '1.8', '0.3']",https://movie.douban.com/subject/26588314/,
27024903.0,2017.0,Douban,750771,,,,8.2,天才枪手 ฉลาดเกมส์โกง,,Drama / Mystery / Crime,,"['27.5', '54.2', '16.9', '1.1', '0.3']",https://movie.douban.com/subject/27024903/,
25907029.0,2017.0,Douban,129753,,,,7.7,宝贝老板 The Boss Baby,,Comedy / Animation,,"['20.8', '46.7', '29.5', '2.5', '0.4']",https://movie.douban.com/subject/25907029/,
27019527.0,2017.0,Douban,306179,,,,8.2,嘉年华,,Drama,,"['29.4', '52.6', '16.2', '1.5', '0.3']",https://movie.douban.com/subject/27019527/,
25750923.0,2017.0,Douban,256613,,,,8.7,神探夏洛克 第四季 Sherlock Season 4,,Drama / Mystery / Crime,,"['51.8', '34.1', '11.9', '1.7', '0.5']",https://movie.douban.com/subject/25750923/,
26718838.0,2017.0,Douban,159732,,,,6.5,异星觉醒 Life,,Sci-Fi / Thriller / Horror,,"['6.1', '28.7', '50.9', '11.5', '2.8']",https://movie.douban.com/subject/26718838/,
27062994.0,2017.0,Douban,12414,,,,7.6,睡沙发的人,,Drama / Comedy / Family,,"['18.8', '47.2', '27.7', '5.3', '1.1']",https://movie.douban.com/subject/27062994/,
26688480.0,2017.0,Douban,438877,,,,7.8,逃出绝命镇 Get Out,,Mystery / Thriller / Horror,,"['22.3', '49.8', '25.1', '2.3', '0.5']",https://movie.douban.com/subject/26688480/,
26883064.0,2017.0,Douban,699952,,,,8.9,白夜追凶,,Drama / Mystery / Crime,,"['56.8', '33.6', '8.4', '0.9', '0.3']",https://movie.douban.com/subject/26883064/,
26778790.0,2017.0,Douban,131211,,,,8.1,佛罗里达乐园 The Florida Project,,Drama / Children,,"['28.7', '51.5', '17.7', '1.7', '0.4']",https://movie.douban.com/subject/26778790/,
26748847.0,2017.0,Douban,115943,,,,9.6,风骚律师 第三季 Better Call Saul Season 3,,Drama / Crime,,"['82.0', '15.6', '2.1', '0.1', '0.1']",https://movie.douban.com/subject/26748847/,
27047871.0,2017.0,Douban,48561,,,,7.5,记忆之夜 기억의 밤,,Mystery / Thriller,,"['15.4', '47.8', '33.3', '3.0', '0.6']",https://movie.douban.com/subject/27047871/,
26335560.0,2017.0,Douban,14542,,,,6.7,轻松+愉快,,Comedy,,"['8.1', '32.0', '48.6', '9.9', '1.4']",https://movie.douban.com/subject/26335560/,
26972688.0,2017.0,Douban,148125,,,,8.4,"三流之路 쌈, 마이웨이",,Drama / Comedy / Romance,,"['38.0', '44.9', '15.6', '1.3', '0.3']",https://movie.douban.com/subject/26972688/,
26718828.0,2017.0,Douban,108202,,,,8.3,勇往直前 Only the Brave,,Drama / Biography / Disaster,,"['32.1', '52.9', '13.9', '1.0', '0.1']",https://movie.douban.com/subject/26718828/,
25752323.0,2017.0,Douban,112668,,,,8.8,风筝,,Drama / Mystery,,"['55.9', '31.9', '9.1', '2.0', '1.0']",https://movie.douban.com/subject/25752323/,
26270502.0,2017.0,Douban,446755,,,,7.2,绣春刀II：修罗战场,,Drama / Action / Chinese swordplay / Costume,,"['11.0', '44.4', '38.4', '5.3', '0.9']",https://movie.douban.com/subject/26270502/,
25818101.0,2017.0,Douban,217539,,,,6.4,攻壳机动队 Ghost in the Shell,,Action / Sci-Fi / Crime,,"['6.3', '25.0', '52.5', '13.8', '2.3']",https://movie.douban.com/subject/25818101/,
26926321.0,2017.0,Douban,408876,,,,6.6,缝纫机乐队,,Comedy / Music,,"['11.5', '27.0', '43.7', '13.8', '3.9']",https://movie.douban.com/subject/26926321/,
27098373.0,2017.0,Douban,9175,,,,8.3,废头 Junk Head,,Sci-Fi / Animation / Fantasy / Adventure,,"['37.9', '44.4', '15.5', '1.7', '0.6']",https://movie.douban.com/subject/27098373/,
26770697.0,2017.0,Douban,51714,,,,7.5,骗子 꾼,,Drama / Crime,,"['16.1', '45.9', '34.9', '2.8', '0.4']",https://movie.douban.com/subject/26770697/,
26386034.0,2017.0,Douban,76622,,,,7.2,极寒之城 Atomic Blonde,,Action / Thriller,,"['13.8', '41.3', '39.1', '5.1', '0.8']",https://movie.douban.com/subject/26386034/,
25849480.0,2017.0,Douban,65736,,,,7.0,赛车总动员3：极速挑战 Cars 3,,Comedy / Animation / Adventure,,"['10.8', '33.7', '49.1', '5.6', '0.8']",https://movie.douban.com/subject/25849480/,
3604148.0,2017.0,Douban,225332,,,,7.5,小丑回魂 It,,Drama / Horror,,"['17.5', '45.3', '32.1', '4.2', '0.9']",https://movie.douban.com/subject/3604148/,
26992330.0,2017.0,Douban,109213,,,,9.0,暗黑 第一季 Dark Season 1,,Sci-Fi / Mystery,,"['61.2', '30.2', '7.1', '0.9', '0.5']",https://movie.douban.com/subject/26992330/,
30234317.0,2017.0,Douban,228,,,,6.9,午后阴云 Afternoon Clouds,,,,"['5.4', '36.0', '55.4', '3.2', '0.0']",https://movie.douban.com/subject/30234317/,
26826398.0,2017.0,Douban,179660,,,,7.0,杀破狼·贪狼 殺破狼‧貪狼,,Drama / Action,,"['9.9', '38.9', '43.5', '6.7', '1.1']",https://movie.douban.com/subject/26826398/,
20451290.0,2017.0,Douban,137952,,,,4.8,新木乃伊 The Mummy,,Action / Fantasy / Adventure,,"['1.6', '5.5', '37.1', '41.1', '14.7']",https://movie.douban.com/subject/20451290/,
26990609.0,2017.0,Douban,126534,,,,8.3,华盛顿邮报 The Post,,Drama / Biography / History,,"['32.4', '51.1', '15.1', '1.0', '0.3']",https://movie.douban.com/subject/26990609/,
26593587.0,2017.0,Douban,280912,,,,8.3,天才少女 Gifted,,Drama / Family,,"['31.6', '51.9', '15.7', '0.7', '0.1']",https://movie.douban.com/subject/26593587/,
26605881.0,2017.0,Douban,166107,,,,8.2,大军师司马懿之军师联盟,,Drama / Romance / War / Costume,,"['34.5', '45.2', '15.9', '2.5', '1.8']",https://movie.douban.com/subject/26605881/,
26775933.0,2017.0,Douban,162643,,,,7.0,暴雪将至,,Drama / Mystery / Crime,,"['7.7', '41.0', '45.3', '5.2', '0.8']",https://movie.douban.com/subject/26775933/,
26800978.0,2017.0,Douban,37743,,,,7.9,南汉山城 남한산성,,Drama / History / War,,"['24.0', '51.0', '22.5', '2.0', '0.5']",https://movie.douban.com/subject/26800978/,
27087788.0,2017.0,Douban,103080,,,,8.4,虎啸龙吟,,Drama / War / Costume,,"['43.0', '40.2', '11.9', '2.1', '2.8']",https://movie.douban.com/subject/27087788/,
27188152.0,2017.0,Douban,34068,,,,6.7,诡怪疑云 Aterrados,,Horror,,"['11.4', '30.5', '42.5', '12.5', '3.1']",https://movie.douban.com/subject/27188152/,
26946508.0,2017.0,Douban,23424,,,,6.4,恶女 악녀,,Drama / Action,,"['8.7', '24.3', '50.4', '14.1', '2.5']",https://movie.douban.com/subject/26946508/,
27034748.0,2017.0,Douban,108115,,,,8.9,一人之下 第二季,,Comedy / Action / Animation / Fantasy,,"['54.6', '36.8', '7.7', '0.7', '0.3']",https://movie.douban.com/subject/27034748/,
27000061.0,2017.0,Douban,115294,,,,8.8,我能说 아이 캔 스피크,,Drama / Comedy,,"['49.9', '39.8', '9.5', '0.7', '0.2']",https://movie.douban.com/subject/27000061/,
26862893.0,2017.0,Douban,35689,,,,7.6,极恶非道3 アウトレイジ 最終章,,Drama / Action / Crime,,"['19.9', '44.8', '31.9', '2.9', '0.5']",https://movie.douban.com/subject/26862893/,
26748223.0,2017.0,Douban,19260,,,,6.3,失眠,,Horror,,"['8.5', '22.5', '49.0', '16.7', '3.2']",https://movie.douban.com/subject/26748223/,
26945135.0,2017.0,Douban,15118,,,,7.1,罗马假日 로마의 휴일,,Drama / Comedy,,"['13.0', '35.8', '44.2', '5.9', '1.0']",https://movie.douban.com/subject/26945135/,
30234315.0,2017.0,Douban,215295,,,,8.2,摄影机不要停！ カメラを止めるな！,,Comedy / Horror,,"['32.9', '47.7', '16.1', '2.4', '0.9']",https://movie.douban.com/subject/30234315/,
26748673.0,2017.0,Douban,197163,,,,6.2,拆弹专家,,Action / Mystery / Crime,,"['4.4', '21.1', '57.2', '15.0', '2.3']",https://movie.douban.com/subject/26748673/,
26963810.0,2017.0,Douban,50588,,,,9.1,月色真美 月がきれい,,Romance / Animation,,"['65.4', '25.4', '7.7', '1.1', '0.4']",https://movie.douban.com/subject/26963810/,
26961821.0,2017.0,Douban,45614,,,,7.6,马柔本宅秘事 El secreto de Marrowbone,,Drama / Thriller / Horror,,"['19.6', '46.4', '30.0', '3.3', '0.8']",https://movie.douban.com/subject/26961821/,
26935251.0,2017.0,Douban,151334,,,,8.7,春宵苦短，少女前进吧！ 夜は短し歩けよ乙女,,Comedy / Romance / Animation / Fantasy,,"['51.1', '35.7', '11.2', '1.5', '0.5']",https://movie.douban.com/subject/26935251/,
25933890.0,2017.0,Douban,173957,,,,7.0,极盗车神 Baby Driver,,Action / Music / Crime,,"['10.5', '39.4', '42.7', '6.3', '1.2']",https://movie.douban.com/subject/25933890/,
26935675.0,2017.0,Douban,20382,,,,7.6,肉与灵 Teströl és lélekröl,,Drama / Romance,,"['19.7', '45.6', '30.0', '3.8', '0.8']",https://movie.douban.com/subject/26935675/,
26806528.0,2017.0,Douban,51112,,,,8.0,一呼一吸 Breathe,,Drama / Romance / Biography,,"['27.7', '48.3', '22.3', '1.4', '0.3']",https://movie.douban.com/subject/26806528/,
26260853.0,2017.0,Douban,354573,,,,7.0,速度与激情8 The Fate of the Furious,,Action / Crime,,"['13.7', '35.9', '41.0', '7.8', '1.6']",https://movie.douban.com/subject/26260853/,
26968495.0,2017.0,Douban,8499,,,,7.6,最后的诗句 最後的詩句,,Drama / Romance,,"['18.2', '48.2', '29.6', '3.3', '0.7']",https://movie.douban.com/subject/26968495/,
26610229.0,2017.0,Douban,54522,,,,7.7,方形 The Square,,Comedy,,"['21.3', '48.5', '25.1', '4.0', '1.1']",https://movie.douban.com/subject/26610229/,
26862259.0,2017.0,Douban,631270,,,,6.8,乘风破浪,,Drama / Comedy,,"['12.3', '32.9', '40.8', '10.4', '3.5']",https://movie.douban.com/subject/26862259/,
26872545.0,2017.0,Douban,12863,,,,8.4,24帧 24 فریم,,Drama,,"['43.2', '39.6', '13.7', '2.2', '1.3']",https://movie.douban.com/subject/26872545/,
27114240.0,2017.0,Douban,97023,,,,8.6,冒牌上尉 Der Hauptmann,,Drama / History / War,,"['40.6', '48.8', '9.8', '0.6', '0.2']",https://movie.douban.com/subject/27114240/,
26743573.0,2017.0,Douban,154543,,,,5.4,欢乐颂2,,Drama / Romance,,"['5.4', '13.4', '41.0', '27.8', '12.4']",https://movie.douban.com/subject/26743573/,
26723165.0,2017.0,Douban,42517,,,,7.0,神偷联盟 Logan Lucky,,Comedy / Crime,,"['7.3', '43.4', '44.2', '4.5', '0.7']",https://movie.douban.com/subject/26723165/,
26061679.0,2017.0,Douban,116682,,,,7.5,触不可及(美版) The Upside,,Drama / Comedy,,"['16.8', '47.4', '31.2', '4.0', '0.5']",https://movie.douban.com/subject/26061679/,
26934346.0,2017.0,Douban,207019,,,,9.2,秘密森林 비밀의 숲,,Drama / Mystery / Thriller / Crime,,"['68.2', '26.1', '4.9', '0.5', '0.2']",https://movie.douban.com/subject/26934346/,
27008102.0,2017.0,Douban,3974,,,,7.6,丹特的午餐 Dante's Lunch,,Comedy / Animation / Short,,"['18.9', '42.9', '35.8', '2.2', '0.2']",https://movie.douban.com/subject/27008102/,
25953429.0,2017.0,Douban,156155,,,,9.0,大小谎言 第一季 Big Little Lies Season 1,,Drama / Mystery / Crime,,"['58.1', '34.9', '6.3', '0.5', '0.2']",https://movie.douban.com/subject/25953429/,
26606743.0,2017.0,Douban,310271,,,,6.3,嫌疑人X的献身,,Drama / Mystery / Crime,,"['5.4', '23.6', '54.6', '14.0', '2.3']",https://movie.douban.com/subject/26606743/,
26774722.0,2017.0,Douban,172288,,,,5.8,心理罪之城市之光,,Action / Mystery / Crime,,"['4.3', '16.4', '50.9', '23.7', '4.6']",https://movie.douban.com/subject/26774722/,
27081753.0,2017.0,Douban,287023,,,,9.4,机智牢房生活 슬기로운 감빵생활,,Drama / Comedy,,"['74.9', '21.1', '3.5', '0.4', '0.2']",https://movie.douban.com/subject/27081753/,
26363186.0,2017.0,Douban,218666,,,,5.4,楚乔传,,Drama / Romance / Costume,,"['11.0', '13.1', '30.3', '24.0', '21.7']",https://movie.douban.com/subject/26363186/,
7052637.0,2017.0,Douban,677,,,,6.8,网络贩卖少女 Trafficked,,Drama / Thriller,,"['14.6', '27.2', '47.0', '7.4', '3.7']",https://movie.douban.com/subject/7052637/,
26916229.0,2017.0,Douban,132856,,,,6.9,镰仓物语 DESTINY 鎌倉ものがたり,,Drama / Fantasy,,"['10.8', '33.3', '46.4', '8.5', '0.9']",https://movie.douban.com/subject/26916229/,
26445216.0,2017.0,Douban,90383,,,,7.9,军舰岛 군함도,,Drama / Action / History,,"['23.6', '50.8', '23.6', '1.6', '0.4']",https://movie.douban.com/subject/26445216/,
26832363.0,2017.0,Douban,14618,,,,7.3,借口公司 Alibi.com,,Comedy,,"['13.9', '40.8', '40.5', '4.2', '0.6']",https://movie.douban.com/subject/26832363/,
26644002.0,2017.0,Douban,115709,,,,4.7,傲娇与偏见,,Comedy / Romance,,"['4.2', '8.8', '30.0', '31.7', '25.5']",https://movie.douban.com/subject/26644002/,
26410593.0,2017.0,Douban,80391,,,,7.8,王者 더 킹,,Drama / Action / Crime,,"['22.6', '47.8', '26.6', '2.5', '0.4']",https://movie.douban.com/subject/26410593/,
25864124.0,2017.0,Douban,72046,,,,6.9,亚瑟王：斗兽争霸 King Arthur: Legend of the Sword,,Action / Fantasy / Adventure,,"['10.6', '36.5', '43.1', '8.7', '1.2']",https://movie.douban.com/subject/25864124/,
26992240.0,2017.0,Douban,15358,,,,8.5,宽松世代又如何SP：纯米吟酿纯情篇 ゆとりですがなにか こんなにうれしいことはない,,Drama / Comedy,,"['42.2', '42.5', '13.8', '1.2', '0.3']",https://movie.douban.com/subject/26992240/,
26837952.0,2017.0,Douban,37574,,,,7.7,游戏人生 零 ノーゲーム・ノーライフ ゼロ,,Romance / Animation / Fantasy,,"['28.7', '34.6', '29.5', '6.0', '1.1']",https://movie.douban.com/subject/26837952/,
26801805.0,2017.0,Douban,24533,,,,8.8,ACCA13区监察课 ACCA13区監察課,,Animation,,"['53.1', '35.8', '9.5', '1.1', '0.4']",https://movie.douban.com/subject/26801805/,
27078344.0,2017.0,Douban,12866,,,,6.3,黑森灵 The Ritual,,Thriller / Horror,,"['5.8', '23.4', '54.8', '13.8', '2.2']",https://movie.douban.com/subject/27078344/,
26984189.0,2017.0,Douban,78742,,,,8.6,坂本龙一：终曲 Ryuichi Sakamoto: CODA,,Documentary / Music,,"['43.0', '46.3', '10.0', '0.7', '0.1']",https://movie.douban.com/subject/26984189/,
26365236.0,2017.0,Douban,43988,,,,6.7,玉子 옥자,,Drama / Action / Sci-Fi / Adventure,,"['8.7', '30.0', '50.1', '9.7', '1.5']",https://movie.douban.com/subject/26365236/,
26740543.0,2017.0,Douban,5715,,,,7.3,野小子们 Les Garçons sauvages,,Drama / Mystery / Fantasy / Adventure,,"['18.0', '40.7', '31.4', '7.2', '2.7']",https://movie.douban.com/subject/26740543/,
27031389.0,2017.0,Douban,378992,,,,9.1,去他*的世界 第一季 The End of the F***ing World Season 1,,Drama / Comedy / Romance / Crime,,"['64.4', '28.1', '6.4', '0.8', '0.4']",https://movie.douban.com/subject/27031389/,
25765735.0,2017.0,Douban,446026,,,,8.3,金刚狼3：殊死一战 Logan,,Drama / Action / Sci-Fi,,"['35.4', '45.9', '16.9', '1.5', '0.4']",https://movie.douban.com/subject/25765735/,
25900945.0,2017.0,Douban,429038,,,,7.1,美女与野兽 Beauty and the Beast,,Romance / Musical / Fantasy,,"['13.8', '36.1', '42.6', '6.6', '0.9']",https://movie.douban.com/subject/25900945/,
26910060.0,2017.0,Douban,169907,,,,9.3,小谢尔顿 第一季 Young Sheldon Season 1,,Comedy,,"['69.5', '26.2', '3.9', '0.3', '0.1']",https://movie.douban.com/subject/26910060/,
2158490.0,2017.0,Douban,321422,,,,6.3,正义联盟 Justice League,,Action / Sci-Fi / Fantasy / Adventure,,"['7.0', '23.3', '52.0', '15.2', '2.6']",https://movie.douban.com/subject/2158490/,
26691486.0,2017.0,Douban,87144,,,,9.0,心灵猎人 第一季 Mindhunter Season 1,,Drama / Thriller / Crime,,"['57.4', '35.3', '6.4', '0.7', '0.3']",https://movie.douban.com/subject/26691486/,
26951692.0,2017.0,Douban,47436,,,,8.3,阿德尔曼夫妇 Monsieur & Madame Adelman,,Comedy / Romance,,"['32.5', '49.9', '15.8', '1.4', '0.4']",https://movie.douban.com/subject/26951692/,
27115563.0,2017.0,Douban,34903,,,,9.1,珍·古道尔的传奇一生 Jane,,Documentary / Biography,,"['62.2', '32.1', '5.2', '0.5', '0.1']",https://movie.douban.com/subject/27115563/,
27046252.0,2017.0,Douban,48611,,,,7.5,黑皮记事本 黒革の手帖,,Mystery / Crime,,"['18.1', '43.9', '33.2', '4.0', '0.8']",https://movie.douban.com/subject/27046252/,
26994753.0,2017.0,Douban,4825,,,,8.5,奇诺之旅：新作动画 キノの旅 -the Beautiful World- the Animated Series,,Animation / Adventure,,"['45.9', '38.7', '12.6', '1.8', '1.0']",https://movie.douban.com/subject/26994753/,
26937474.0,2017.0,Douban,12350,,,,7.9,精灵宝可梦：就决定是你了 劇場版ポケットモンスター キミにきめた！,,Animation / Fantasy / Adventure,,"['30.3', '41.1', '24.5', '3.3', '0.8']",https://movie.douban.com/subject/26937474/,
26957989.0,2017.0,Douban,50179,,,,9.4,王冠 第二季 The Crown Season 2,,Drama / History,,"['71.4', '25.3', '3.1', '0.2', '0.1']",https://movie.douban.com/subject/26957989/,
27000999.0,2017.0,Douban,74700,,,,9.5,生活大爆炸 第十一季 The Big Bang Theory Season 11,,Comedy / Romance,,"['77.6', '18.7', '3.2', '0.3', '0.2']",https://movie.douban.com/subject/27000999/,
26269726.0,2017.0,Douban,16239,,,,7.0,无尽 The Endless,,Drama / Horror / Fantasy,,"['11.7', '38.8', '41.0', '6.8', '1.7']",https://movie.douban.com/subject/26269726/,
26847445.0,2017.0,Douban,29570,,,,7.5,夜空总有最大密度的蓝色 夜空はいつでも最高密度の青色だ,,Drama / Romance,,"['16.9', '45.0', '33.1', '4.3', '0.7']",https://movie.douban.com/subject/26847445/,
27621575.0,2017.0,Douban,7940,,,,8.5,恐怖分子的孩子 Of Fathers and Sons,,Documentary / War,,"['39.8', '46.7', '12.2', '0.9', '0.4']",https://movie.douban.com/subject/27621575/,
26145033.0,2017.0,Douban,66522,,,,8.0,乐高蝙蝠侠大电影 The Lego Batman Movie,,Comedy / Action / Animation / Adventure,,"['26.2', '49.9', '21.5', '2.1', '0.3']",https://movie.douban.com/subject/26145033/,
26842503.0,2017.0,Douban,35587,,,,8.4,啊，荒野 前篇 あゝ、荒野 前篇,,Drama,,"['36.5', '47.8', '14.2', '1.2', '0.3']",https://movie.douban.com/subject/26842503/,
6308210.0,2017.0,Douban,31357,,,,7.7,美国众神 第一季 American Gods Season 1,,Drama / Mystery / Fantasy,,"['23.9', '44.4', '25.9', '4.4', '1.4']",https://movie.douban.com/subject/6308210/,
26952153.0,2017.0,Douban,39037,,,,7.0,第三度嫌疑人 三度目の殺人,,Drama / Mystery / Crime,,"['9.1', '40.2', '44.1', '6.1', '0.5']",https://movie.douban.com/subject/26952153/,
26266085.0,2017.0,Douban,100849,,,,7.8,三个老枪手 Going in Style,,Comedy / Crime,,"['21.2', '51.7', '25.6', '1.3', '0.2']",https://movie.douban.com/subject/26266085/,
30157353.0,2017.0,Douban,10197,,,,9.3,黎明墙 The Dawn Wall,,Documentary / Adventure,,"['70.6', '24.8', '4.1', '0.3', '0.2']",https://movie.douban.com/subject/30157353/,
26718795.0,2017.0,Douban,36541,,,,7.5,纸牌屋 第五季 House of Cards Season 5,,Drama,,"['21.4', '39.0', '33.2', '5.1', '1.3']",https://movie.douban.com/subject/26718795/,
26940008.0,2017.0,Douban,56617,,,,9.1,来自深渊 メイドインアビス,,Animation / Fantasy,,"['65.9', '24.7', '6.7', '1.3', '1.3']",https://movie.douban.com/subject/26940008/,
26718836.0,2017.0,Douban,25614,,,,7.8,底特律 Detroit,,Drama / History / Crime,,"['19.2', '54.6', '23.5', '2.0', '0.7']",https://movie.douban.com/subject/26718836/,
26946197.0,2017.0,Douban,6389,,,,7.7,梅格雷的十字路口之夜 Maigret: Night at the Crossroads,,Drama / Mystery / Crime,,"['18.3', '50.8', '28.8', '1.8', '0.3']",https://movie.douban.com/subject/26946197/,
30335351.0,2017.0,Douban,1458,,,,8.8,找到花了！ Flower Found!,,Animation / Short,,"['50.6', '41.0', '7.5', '0.6', '0.2']",https://movie.douban.com/subject/30335351/,
26821415.0,2017.0,Douban,1756,,,,6.9,武装少女马基雅维利主义 武装少女マキャヴェリズム,,Drama / Animation,,"['18.8', '27.4', '37.2', '11.3', '5.3']",https://movie.douban.com/subject/26821415/,
27073291.0,2017.0,Douban,72884,,,,7.6,太空救援 Салют-7,,Action / Adventure,,"['16.1', '51.6', '29.9', '2.2', '0.2']",https://movie.douban.com/subject/27073291/,
27041242.0,2017.0,Douban,49081,,,,9.5,摩登家庭 第九季 Modern Family Season 9,,Comedy / Family,,"['78.8', '17.4', '3.5', '0.3', '0.1']",https://movie.douban.com/subject/27041242/,
26304310.0,2017.0,Douban,49778,,,,7.3,美国行动 American Made,,Comedy / Action / Biography / Crime,,"['10.0', '49.9', '37.1', '2.6', '0.3']",https://movie.douban.com/subject/26304310/,
26788667.0,2017.0,Douban,85588,,,,7.0,名侦探柯南：唐红的恋歌 名探偵コナン から紅の恋歌,,Animation / Mystery,,"['14.6', '31.2', '44.1', '8.6', '1.4']",https://movie.douban.com/subject/26788667/,
26731376.0,2017.0,Douban,42950,,,,8.0,天上再见 Au revoir là-haut,,Comedy / War / Crime,,"['26.1', '50.4', '21.8', '1.4', '0.3']",https://movie.douban.com/subject/26731376/,
26919823.0,2017.0,Douban,4964,,,,6.7,向阳之处必有声 ひだまりが聴こえる,,Drama / Romance / Homosexual,,"['12.0', '27.5', '46.1', '12.5', '1.9']",https://movie.douban.com/subject/26919823/,
26837905.0,2017.0,Douban,9842,,,,8.3,橘衫男子 Man in an Orange Shirt,,Drama / Romance / Homosexual,,"['37.7', '43.9', '16.3', '1.7', '0.4']",https://movie.douban.com/subject/26837905/,
26815381.0,2017.0,Douban,5250,,,,6.1,黑夜造访 It Comes at Night,,Mystery / Horror,,"['5.4', '21.2', '49.7', '19.3', '4.5']",https://movie.douban.com/subject/26815381/,
26887064.0,2017.0,Douban,201960,,,,8.4,当你沉睡时 당신이 잠든 사이에,,Romance / Fantasy,,"['39.9', '42.8', '15.5', '1.5', '0.4']",https://movie.douban.com/subject/26887064/,
26684329.0,2017.0,Douban,19805,,,,8.9,国土安全 第六季 Homeland Season 6,,Drama / Mystery,,"['56.7', '32.7', '8.9', '1.1', '0.6']",https://movie.douban.com/subject/26684329/,
26977244.0,2017.0,Douban,35235,,,,8.4,狂赌之渊 賭ケグルイ,,Drama / Animation,,"['39.7', '42.7', '15.2', '1.7', '0.6']",https://movie.douban.com/subject/26977244/,
26942631.0,2017.0,Douban,224446,,,,7.9,起跑线 Hindi Medium,,Drama / Comedy,,"['21.3', '52.8', '23.9', '1.8', '0.3']",https://movie.douban.com/subject/26942631/,
26938395.0,2017.0,Douban,64104,,,,9.4,无耻之徒(美版) 第八季 Shameless Season 8,,Drama / Comedy,,"['75.7', '19.0', '4.5', '0.5', '0.3']",https://movie.douban.com/subject/26938395/,
27018296.0,2017.0,Douban,22324,,,,7.6,之后 그 후,,Drama / Romance,,"['16.6', '52.6', '27.6', '2.6', '0.7']",https://movie.douban.com/subject/27018296/,
26989728.0,2017.0,Douban,53332,,,,6.8,哥哥太爱我了怎么办 兄に愛されすぎて困ってます,,Comedy / Romance,,"['13.6', '28.6', '46.0', '9.8', '2.1']",https://movie.douban.com/subject/26989728/,
26873005.0,2017.0,Douban,4560,,,,8.8,鲁邦三世：血烟的石川五右卫门 LUPIN THE IIIRD 血煙の石川五ェ門,,Action / Animation,,"['52.4', '35.2', '10.8', '1.2', '0.4']",https://movie.douban.com/subject/26873005/,
26877106.0,2017.0,Douban,96814,,,,6.4,昼颜 昼顔,,Drama / Romance,,"['7.2', '24.3', '50.0', '16.0', '2.6']",https://movie.douban.com/subject/26877106/,
26942674.0,2017.0,Douban,424470,,,,7.7,神秘巨星 Secret Superstar,,Drama / Music,,"['23.5', '44.3', '27.8', '3.7', '0.7']",https://movie.douban.com/subject/26942674/,
27034868.0,2017.0,Douban,2821,,,,7.1,少女邂逅,,Drama,,"['16.6', '33.3', '39.6', '8.6', '1.8']",https://movie.douban.com/subject/27034868/,
26809592.0,2017.0,Douban,106887,,,,7.5,魅影缝匠 Phantom Thread,,Drama / Romance,,"['18.4', '45.1', '31.8', '4.0', '0.8']",https://movie.douban.com/subject/26809592/,
26803471.0,2017.0,Douban,57913,,,,9.2,浴血黑帮 第四季 Peaky Blinders Season 4,,Drama / Crime,,"['68.4', '25.0', '5.7', '0.7', '0.2']",https://movie.douban.com/subject/26803471/,
26844438.0,2017.0,Douban,334316,,,,8.9,怪奇物语 第二季 Stranger Things Season 2,,Drama / Horror / Fantasy,,"['55.8', '35.2', '8.0', '0.7', '0.2']",https://movie.douban.com/subject/26844438/,
27166047.0,2017.0,Douban,8156,,,,6.2,撒旦的奴隶 Pengabdi Setan,,Mystery / Horror,,"['6.9', '19.2', '52.7', '17.9', '3.4']",https://movie.douban.com/subject/27166047/,
26985857.0,2017.0,Douban,46875,,,,5.6,巨额来电,,Drama / Crime,,"['3.3', '12.4', '52.1', '26.2', '6.0']",https://movie.douban.com/subject/26985857/,
26889606.0,2017.0,Douban,13148,,,,8.5,金科长 김과장,,Drama,,"['42.4', '41.0', '14.4', '1.6', '0.6']",https://movie.douban.com/subject/26889606/,
2133433.0,2017.0,Douban,26013,,,,6.1,迷镇凶案 Suburbicon,,Comedy / Mystery / Crime,,"['3.0', '20.5', '57.4', '17.3', '1.7']",https://movie.douban.com/subject/2133433/,
26654146.0,2017.0,Douban,223419,,,,5.0,解忧杂货店,,Drama / Fantasy,,"['4.4', '9.8', '34.1', '33.3', '18.4']",https://movie.douban.com/subject/26654146/,
26842605.0,2017.0,Douban,37635,,,,6.8,行尸走肉 第八季 The Walking Dead Season 8,,Drama / Thriller / Horror,,"['19.6', '26.1', '37.2', '10.8', '6.3']",https://movie.douban.com/subject/26842605/,
26704137.0,2017.0,Douban,49916,,,,7.2,茉莉牌局 Molly's Game,,Drama / Biography / Crime,,"['10.3', '41.8', '44.1', '3.5', '0.3']",https://movie.douban.com/subject/26704137/,
26698676.0,2017.0,Douban,2002,,,,6.8,见习修女 Novitiate,,Drama / Homosexual,,"['10.4', '33.5', '46.1', '7.8', '2.2']",https://movie.douban.com/subject/26698676/,
25994856.0,2017.0,Douban,755,,,,5.2,散焦 Bokeh,,Drama / Sci-Fi,,"['3.5', '10.7', '39.8', '34.7', '11.4']",https://movie.douban.com/subject/25994856/,
26939444.0,2017.0,Douban,9094,,,,6.4,死亡半径 Radius,,Sci-Fi / Thriller,,"['6.5', '24.6', '54.7', '12.1', '2.1']",https://movie.douban.com/subject/26939444/,
26648284.0,2017.0,Douban,32020,,,,6.6,母亲！ Mother!,,Drama / Mystery / Horror,,"['11.3', '30.1', '41.0', '12.8', '4.9']",https://movie.douban.com/subject/26648284/,
26756049.0,2017.0,Douban,76969,,,,7.9,"我，花样女王 I, Tonya",,Drama / Comedy / Biography / Sport,,"['18.9', '59.7', '19.9', '1.2', '0.2']",https://movie.douban.com/subject/26756049/,
27170563.0,2017.0,Douban,21726,,,,7.0,下海,,Drama,,"['8.7', '38.2', '46.7', '5.7', '0.7']",https://movie.douban.com/subject/27170563/,
22265634.0,2017.0,Douban,161138,,,,7.1,星球大战8：最后的绝地武士 Star Wars: The Last Jedi,,Action / Sci-Fi / Adventure,,"['13.5', '37.6', '39.3', '7.8', '1.8']",https://movie.douban.com/subject/22265634/,
26752852.0,2017.0,Douban,467075,,,,7.2,水形物语 The Shape of Water,,Drama / Romance / Fantasy,,"['14.1', '40.7', '38.2', '5.8', '1.2']",https://movie.douban.com/subject/26752852/,
26726261.0,2017.0,Douban,8483,,,,7.0,丛林 Jungle,,Drama / Thriller / Adventure,,"['12.1', '35.3', '45.6', '6.0', '0.9']",https://movie.douban.com/subject/26726261/,
27103212.0,2017.0,Douban,4430,,,,6.1,靶场 Downrange,,Action / Thriller / Horror,,"['6.8', '20.9', '47.4', '18.9', '5.9']",https://movie.douban.com/subject/27103212/,
26753020.0,2017.0,Douban,69371,,,,5.0,空天猎,,Drama / Action / War,,"['5.7', '10.7', '32.6', '27.9', '23.1']",https://movie.douban.com/subject/26753020/,
27041451.0,2017.0,Douban,16502,,,,8.0,红色气球 紅色氣球,,Drama / Romance / Homosexual,,"['31.8', '40.1', '23.5', '3.8', '0.8']",https://movie.douban.com/subject/27041451/,
27199831.0,2017.0,Douban,1098,,,,6.2,预兆 散步的侵略者 电影版 予兆 散歩する侵略者 劇場版,,Sci-Fi,,"['9.9', '23.5', '40.8', '18.9', '6.9']",https://movie.douban.com/subject/27199831/,
26732578.0,2017.0,Douban,3539,,,,5.6,王牌保安 Security,,Action / Thriller / Crime,,"['4.4', '10.4', '50.8', '28.8', '5.6']",https://movie.douban.com/subject/26732578/,
27013174.0,2017.0,Douban,2492,,,,8.5,路人女主的养成方法♭：恋与纯情的福利回 冴えない彼女の育てかた♭ 第0話 恋と純情のサービス回,,Animation,,"['46.8', '35.5', '14.4', '2.2', '1.0']",https://movie.douban.com/subject/27013174/,
26997663.0,2018.0,Douban,325318,,,,6.3,寂静之地 A Quiet Place,,Thriller / Horror,,"['5.5', '26.0', '50.2', '15.2', '3.2']",https://movie.douban.com/subject/26997663/,
27621727.0,2018.0,Douban,192327,,,,7.4,遗传厄运 Hereditary,,Horror,,"['18.2', '41.1', '33.0', '5.9', '1.9']",https://movie.douban.com/subject/27621727/,
30282707.0,2018.0,Douban,1499,,,,7.9,这绝妙的蛋糕！ Ce magnifique gâteau!,,Drama / Comedy / Animation / Mystery / Short,,"['23.4', '50.8', '23.3', '2.2', '0.3']",https://movie.douban.com/subject/30282707/,
30335799.0,2018.0,Douban,35328,,,,6.9,城市猎人 Nicky Larson et le parfum de Cupidon,,Comedy / Action / Crime,,"['7.4', '36.9', '47.7', '7.1', '1.0']",https://movie.douban.com/subject/30335799/,
26999852.0,2018.0,Douban,463478,,,,7.1,延禧攻略,,Drama / Romance / Costume,,"['15.8', '40.1', '33.7', '6.0', '4.3']",https://movie.douban.com/subject/26999852/,
26928226.0,2018.0,Douban,695942,,,,8.0,知否知否应是绿肥红瘦,,Drama / Romance / Costume,,"['31.5', '42.9', '20.3', '3.2', '2.1']",https://movie.douban.com/subject/26928226/,
27062637.0,2018.0,Douban,47653,,,,8.9,利兹与青鸟 リズと青い鳥,,Drama / Animation / Music,,"['58.4', '29.4', '10.4', '1.4', '0.4']",https://movie.douban.com/subject/27062637/,
26949241.0,2018.0,Douban,94588,,,,7.2,游戏之夜 Game Night,,Comedy / Mystery / Crime,,"['12.8', '42.6', '39.1', '4.7', '0.8']",https://movie.douban.com/subject/26949241/,
26602900.0,2018.0,Douban,198013,,,,7.7,魔女 마녀,,Action / Mystery,,"['21.1', '45.4', '29.6', '3.3', '0.6']",https://movie.douban.com/subject/26602900/,
26842702.0,2018.0,Douban,439117,,,,8.1,燃烧 버닝,,Drama / Mystery / Crime,,"['31.5', '46.4', '18.7', '2.5', '1.0']",https://movie.douban.com/subject/26842702/,
25812730.0,2018.0,Douban,366572,,,,7.5,如懿传,,Drama / Romance / History / Costume,,"['28.7', '33.2', '25.3', '7.7', '5.1']",https://movie.douban.com/subject/25812730/,
26366496.0,2018.0,Douban,738425,,,,7.0,邪不压正,,Drama / Comedy / Action,,"['14.2', '36.7', '38.4', '8.3', '2.3']",https://movie.douban.com/subject/26366496/,
30197500.0,2018.0,Douban,784,,,,7.5,先生 Sir,,Drama / Romance,,"['18.3', '46.1', '30.1', '4.5', '1.0']",https://movie.douban.com/subject/30197500/,
27140017.0,2018.0,Douban,747483,,,,9.5,非自然死亡 アンナチュラル,,Drama / Mystery,,"['76.5', '20.4', '2.7', '0.2', '0.1']",https://movie.douban.com/subject/27140017/,
26728669.0,2018.0,Douban,453705,,,,7.2,风中有朵雨做的云,,Drama / Mystery / Crime,,"['13.4', '42.3', '36.5', '6.3', '1.4']",https://movie.douban.com/subject/26728669/,
30317630.0,2018.0,Douban,48094,,,,7.1,坏种 The Bad Seed,,Drama / Mystery / Horror,,"['13.9', '34.9', '43.3', '6.8', '1.1']",https://movie.douban.com/subject/30317630/,
27077785.0,2018.0,Douban,104185,,,,9.5,风骚律师 第四季 Better Call Saul Season 4,,Drama / Crime,,"['80.1', '17.0', '2.5', '0.2', '0.2']",https://movie.douban.com/subject/27077785/,
30346866.0,2018.0,Douban,20649,,,,8.9,梦的背后,,Documentary,,"['54.6', '37.2', '7.2', '0.8', '0.2']",https://movie.douban.com/subject/30346866/,
21328095.0,2018.0,Douban,29867,,,,6.2,科洛弗悖论 The Cloverfield Paradox,,Sci-Fi / Mystery / Horror,,"['7.9', '21.2', '48.8', '18.2', '4.0']",https://movie.douban.com/subject/21328095/,
27072988.0,2018.0,Douban,80271,,,,7.2,一个小忙 A Simple Favor,,Comedy / Mystery / Thriller / Crime,,"['10.8', '43.2', '41.3', '4.2', '0.6']",https://movie.douban.com/subject/27072988/,
33455706.0,2018.0,Douban,173,,,,6.0,斗争 La lotta,,Drama / Short,,"['5.6', '15.9', '53.2', '23.0', '2.4']",https://movie.douban.com/subject/33455706/,
30291583.0,2018.0,Douban,42791,,,,8.9,我们由奇迹构成 僕らは奇跡でできている,,Drama,,"['58.2', '32.5', '8.1', '0.9', '0.3']",https://movie.douban.com/subject/30291583/,
4058933.0,2018.0,Douban,134035,,,,7.4,一个明星的诞生 A Star Is Born,,Drama / Romance / Music,,"['19.3', '39.5', '34.7', '5.6', '0.9']",https://movie.douban.com/subject/4058933/,
30140229.0,2018.0,Douban,35719,,,,7.0,来了 来る,,Mystery / Thriller / Horror,,"['14.1', '35.5', '38.2', '9.3', '2.9']",https://movie.douban.com/subject/30140229/,
26683421.0,2018.0,Douban,252470,,,,8.8,特工 공작,,Drama,,"['49.9', '40.6', '8.8', '0.6', '0.2']",https://movie.douban.com/subject/26683421/,
30163504.0,2018.0,Douban,50627,,,,9.1,良医 第二季 The Good Doctor Season 2,,Drama,,"['61.0', '32.7', '5.7', '0.4', '0.2']",https://movie.douban.com/subject/30163504/,
26004132.0,2018.0,Douban,106045,,,,5.3,移动迷宫3：死亡解药 Maze Runner: The Death Cure,,Action / Sci-Fi / Adventure,,"['2.4', '10.1', '45.5', '33.1', '8.8']",https://movie.douban.com/subject/26004132/,
26985127.0,2018.0,Douban,937509,,,,7.1,一出好戏,,Drama / Comedy,,"['12.3', '40.3', '38.0', '7.4', '1.9']",https://movie.douban.com/subject/26985127/,
26794701.0,2018.0,Douban,232911,,,,8.3,孟买酒店 Hotel Mumbai,,Drama / Thriller / History,,"['33.8', '51.1', '13.9', '1.0', '0.3']",https://movie.douban.com/subject/26794701/,
26813224.0,2018.0,Douban,63750,,,,8.4,继承之战 第一季 Succession Season 1,,Drama,,"['38.4', '46.4', '13.4', '1.3', '0.5']",https://movie.douban.com/subject/26813224/,
30135113.0,2018.0,Douban,146613,,,,7.9,骡子 The Mule,,Drama / Crime,,"['20.0', '56.9', '21.6', '1.3', '0.2']",https://movie.douban.com/subject/30135113/,
27059183.0,2018.0,Douban,56238,,,,9.0,阳光先生 미스터 션샤인,,Drama / Romance,,"['64.7', '25.3', '8.0', '1.3', '0.7']",https://movie.douban.com/subject/27059183/,
26336252.0,2018.0,Douban,534022,,,,8.1,碟中谍6：全面瓦解 Mission: Impossible - Fallout,,Action / Thriller / Adventure,,"['27.1', '51.1', '20.0', '1.6', '0.3']",https://movie.douban.com/subject/26336252/,
26952704.0,2018.0,Douban,155596,,,,8.5,巴斯特·斯克鲁格斯的歌谣 The Ballad of Buster Scruggs,,Drama / Comedy / Romance / Mystery / Musical / Western,,"['39.2', '47.7', '12.0', '0.9', '0.2']",https://movie.douban.com/subject/26952704/,
26961208.0,2018.0,Douban,90357,,,,9.4,9号秘事 第四季 Inside No. 9 Season 4,,Comedy / Mystery / Thriller,,"['74.2', '22.3', '3.2', '0.2', '0.1']",https://movie.douban.com/subject/26961208/,
26877492.0,2018.0,Douban,46244,,,,7.5,小森林 리틀 포레스트,,Drama,,"['18.9', '41.7', '34.1', '4.3', '0.9']",https://movie.douban.com/subject/26877492/,
27043736.0,2018.0,Douban,15148,,,,6.4,三角草的春天 ミスミソウ,,Drama,,"['12.0', '22.9', '43.4', '16.4', '5.3']",https://movie.douban.com/subject/27043736/,
30283179.0,2018.0,Douban,64503,,,,7.1,撞死了一只羊,,Drama,,"['8.6', '46.4', '39.5', '4.5', '0.9']",https://movie.douban.com/subject/30283179/,
26945085.0,2018.0,Douban,211497,,,,6.3,昆池岩 곤지암,,Horror,,"['7.8', '23.4', '48.1', '16.6', '4.0']",https://movie.douban.com/subject/26945085/,
26972258.0,2018.0,Douban,324219,,,,7.6,江湖儿女,,Romance / Crime,,"['17.0', '50.0', '29.1', '3.3', '0.6']",https://movie.douban.com/subject/26972258/,
30283526.0,2018.0,Douban,18307,,,,7.5,塔巴德 तुम्बाड,,Drama / Thriller / Fantasy,,"['17.9', '46.1', '31.3', '3.7', '0.9']",https://movie.douban.com/subject/30283526/,
27172891.0,2018.0,Douban,229332,,,,8.1,大象席地而坐,,Drama,,"['31.1', '46.2', '18.4', '3.2', '1.1']",https://movie.douban.com/subject/27172891/,
26994789.0,2018.0,Douban,78165,,,,3.8,天气预爆,,Comedy / Fantasy,,"['2.2', '3.9', '17.6', '33.5', '42.8']",https://movie.douban.com/subject/26994789/,
27615467.0,2018.0,Douban,107131,,,,9.5,大法官金斯伯格 RBG,,Documentary / Biography,,"['76.9', '20.1', '2.8', '0.2', '0.1']",https://movie.douban.com/subject/27615467/,
27185563.0,2018.0,Douban,69131,,,,8.2,日日是好日,,Drama,,"['31.9', '48.3', '18.2', '1.3', '0.3']",https://movie.douban.com/subject/27185563/,
27003543.0,2018.0,Douban,128453,,,,7.6,与神同行2：因与缘 신과함께-인과 연,,Action / Fantasy,,"['20.1', '45.3', '30.6', '3.4', '0.6']",https://movie.douban.com/subject/27003543/,
27605698.0,2018.0,Douban,1094704,,,,6.6,西虹市首富,,Comedy,,"['10.3', '28.4', '43.7', '13.5', '4.0']",https://movie.douban.com/subject/27605698/,
30194940.0,2018.0,Douban,10645,,,,7.8,玩家 플레이어,,Drama / Action / Crime,,"['28.2', '39.6', '27.2', '3.7', '1.3']",https://movie.douban.com/subject/30194940/,
26969120.0,2018.0,Douban,34376,,,,7.7,你的鸟儿会唱歌 きみの鳥はうたえる,,Drama / Romance,,"['19.1', '49.7', '27.7', '2.9', '0.6']",https://movie.douban.com/subject/26969120/,
27036727.0,2018.0,Douban,64192,,,,9.2,黄石 第一季 Yellowstone Season 1,,Drama / Western,,"['66.3', '27.3', '5.2', '0.7', '0.6']",https://movie.douban.com/subject/27036727/,
21339393.0,2018.0,Douban,2380,,,,7.1,昆虫物语 Hmyz,,Drama / Comedy / Animation,,"['13.8', '38.0', '38.4', '7.4', '2.4']",https://movie.douban.com/subject/21339393/,
26920281.0,2018.0,Douban,597582,,,,7.8,香蜜沉沉烬如霜,,Romance / Fantasy / Costume,,"['33.3', '34.0', '24.2', '5.1', '3.4']",https://movie.douban.com/subject/26920281/,
26701196.0,2018.0,Douban,91092,,,,8.6,无主之作 Werk ohne Autor,,Drama,,"['44.2', '43.5', '11.2', '0.9', '0.3']",https://movie.douban.com/subject/26701196/,
6538807.0,2018.0,Douban,30560,,,,6.7,冰海陷落 Hunter Killer,,Action / War,,"['7.3', '31.7', '50.6', '9.1', '1.3']",https://movie.douban.com/subject/6538807/,
26797690.0,2018.0,Douban,260242,,,,8.8,大江大河,,Drama,,"['49.7', '41.0', '8.3', '0.7', '0.3']",https://movie.douban.com/subject/26797690/,
27012731.0,2018.0,Douban,44994,,,,7.3,噩梦娃娃屋 Ghostland,,Mystery / Thriller / Horror,,"['17.0', '41.9', '33.6', '5.8', '1.7']",https://movie.douban.com/subject/27012731/,
30238385.0,2018.0,Douban,134107,,,,9.6,强风吹拂 風が強く吹いている,,Animation / Sport,,"['82.4', '14.6', '2.5', '0.3', '0.2']",https://movie.douban.com/subject/30238385/,
25882296.0,2018.0,Douban,278877,,,,6.1,狄仁杰之四大天王,,Action / Mystery / Fantasy / Chinese swordplay / Costume,,"['4.6', '22.6', '49.5', '19.0', '4.2']",https://movie.douban.com/subject/25882296/,
27039358.0,2018.0,Douban,18495,,,,7.0,蜂鸟计划 The Hummingbird Project,,Drama,,"['6.2', '41.6', '48.2', '3.7', '0.3']",https://movie.douban.com/subject/27039358/,
25704492.0,2018.0,Douban,58737,,,,6.5,红雀 Red Sparrow,,Drama / Mystery / Thriller,,"['8.1', '25.7', '50.1', '13.8', '2.3']",https://movie.douban.com/subject/25704492/,
30181455.0,2018.0,Douban,239995,,,,8.0,金秘书为何那样 김비서가 왜 그럴까,,Comedy / Romance,,"['29.5', '46.3', '21.5', '2.2', '0.5']",https://movie.douban.com/subject/30181455/,
27001001.0,2018.0,Douban,108559,,,,9.7,生活大爆炸 第十二季 The Big Bang Theory Season 12,,Comedy / Romance,,"['85.9', '11.6', '2.0', '0.3', '0.2']",https://movie.douban.com/subject/27001001/,
26628282.0,2018.0,Douban,92298,,,,7.5,宠儿 The Favourite,,Drama / Comedy / Homosexual / Biography,,"['14.1', '50.0', '33.1', '2.4', '0.4']",https://movie.douban.com/subject/26628282/,
26290410.0,2018.0,Douban,113274,,,,6.1,昨日青空,,Romance / Animation,,"['7.5', '20.1', '46.8', '20.6', '5.1']",https://movie.douban.com/subject/26290410/,
27072838.0,2018.0,Douban,4036,,,,6.3,八四年夏天 Summer of 84,,Drama / Thriller / Horror,,"['7.2', '21.5', '53.8', '14.6', '2.9']",https://movie.douban.com/subject/27072838/,
30370121.0,2018.0,Douban,4578,,,,8.3,莫衣娜阿姨 Auntie Edna,,Comedy / Sci-Fi / Animation / Short,,"['35.5', '45.4', '17.9', '1.0', '0.2']",https://movie.douban.com/subject/30370121/,
1950330.0,2018.0,Douban,154444,,,,8.2,罗马 Roma,,Drama / Family,,"['30.4', '49.6', '17.8', '1.8', '0.3']",https://movie.douban.com/subject/1950330/,
30192401.0,2018.0,Douban,63647,,,,8.4,气球 Ballon,,Drama / Thriller / History,,"['33.9', '51.4', '13.5', '0.9', '0.3']",https://movie.douban.com/subject/30192401/,
27191431.0,2018.0,Douban,381330,,,,7.7,过春天,,Drama,,"['14.1', '56.7', '27.3', '1.8', '0.2']",https://movie.douban.com/subject/27191431/,
30164448.0,2018.0,Douban,393227,,,,7.6,海市蜃楼 Durante la tormenta,,Sci-Fi / Mystery / Thriller,,"['17.3', '50.6', '29.2', '2.7', '0.3']",https://movie.douban.com/subject/30164448/,
26805209.0,2018.0,Douban,98965,,,,9.0,紫罗兰永恒花园 ヴァイオレット・エヴァーガーデン,,Drama / Animation,,"['64.6', '25.3', '8.2', '1.4', '0.6']",https://movie.douban.com/subject/26805209/,
3095514.0,2018.0,Douban,39982,,,,6.8,阴风阵阵 Suspiria,,Thriller / Horror,,"['13.4', '32.5', '40.1', '10.8', '3.2']",https://movie.douban.com/subject/3095514/,
27110363.0,2018.0,Douban,132666,,,,5.7,名侦探柯南：零的执行人 名探偵コナン ゼロの執行人,,Animation / Mystery,,"['4.9', '12.8', '49.2', '27.3', '5.8']",https://movie.douban.com/subject/27110363/,
27040735.0,2018.0,Douban,9599,,,,6.8,消失的夜晚 사라진 밤,,Mystery / Thriller / Crime,,"['9.8', '31.1', '49.9', '8.0', '1.3']",https://movie.douban.com/subject/27040735/,
27040737.0,2018.0,Douban,175187,,,,7.9,祈祷落幕时 祈りの幕が下りる時,,Drama / Mystery,,"['21.0', '54.1', '23.3', '1.5', '0.1']",https://movie.douban.com/subject/27040737/,
26786642.0,2018.0,Douban,128488,,,,6.0,摘金奇缘 Crazy Rich Asians,,Comedy / Romance,,"['4.6', '19.8', '51.6', '19.5', '4.5']",https://movie.douban.com/subject/26786642/,
26252279.0,2018.0,Douban,40433,,,,8.3,利器 Sharp Objects,,Drama / Mystery / Thriller,,"['35.6', '45.7', '15.7', '2.2', '0.8']",https://movie.douban.com/subject/26252279/,
3878007.0,2018.0,Douban,920852,,,,7.6,海王 Aquaman,,Action / Fantasy / Adventure,,"['20.7', '42.9', '31.0', '4.5', '0.9']",https://movie.douban.com/subject/3878007/,
26430636.0,2018.0,Douban,170974,,,,6.3,狂暴巨兽 Rampage,,Action / Sci-Fi / Adventure,,"['4.8', '22.1', '57.8', '13.5', '1.8']",https://movie.douban.com/subject/26430636/,
26854273.0,2018.0,Douban,17679,,,,9.0,国土安全 第七季 Homeland Season 7,,Drama / Mystery / Thriller,,"['62.7', '28.8', '7.1', '0.9', '0.5']",https://movie.douban.com/subject/26854273/,
27102505.0,2018.0,Douban,27072,,,,7.7,去年冬天与你分手 去年の冬、きみと別れ,,Drama / Mystery / Crime,,"['18.6', '50.6', '27.7', '2.6', '0.4']",https://movie.douban.com/subject/27102505/,
27161899.0,2018.0,Douban,9578,,,,6.7,那些年，我们一起追的女孩 あの頃、君を追いかけた,,Comedy / Romance,,"['11.5', '26.3', '48.4', '11.5', '2.2']",https://movie.douban.com/subject/27161899/,
30170448.0,2018.0,Douban,1154390,,,,9.1,何以为家 كفرناحوم,,Drama,,"['60.2', '33.8', '5.5', '0.4', '0.2']",https://movie.douban.com/subject/30170448/,
26600786.0,2018.0,Douban,19691,,,,7.7,希斯特斯兄弟 The Sisters Brothers,,Crime / Western / Adventure,,"['16.9', '54.6', '25.6', '2.5', '0.5']",https://movie.douban.com/subject/26600786/,
27037053.0,2018.0,Douban,67700,,,,7.8,夜以继日 寝ても覚めても,,Drama / Romance,,"['24.8', '44.2', '25.8', '4.0', '1.2']",https://movie.douban.com/subject/27037053/,
30334399.0,2018.0,Douban,39211,,,,5.6,三夫,,Drama / Eroticism,,"['5.3', '15.3', '42.5', '25.9', '10.9']",https://movie.douban.com/subject/30334399/,
27091624.0,2018.0,Douban,17377,,,,6.6,邻里的人们 동네사람들,,Action / Mystery,,"['10.4', '23.6', '54.3', '10.5', '1.3']",https://movie.douban.com/subject/27091624/,
27041245.0,2018.0,Douban,48429,,,,9.5,摩登家庭 第十季 Modern Family Season 10,,Comedy / Family,,"['79.2', '16.7', '3.4', '0.4', '0.2']",https://movie.douban.com/subject/27041245/,
27608785.0,2018.0,Douban,37454,,,,8.3,沉默的教室 Das schweigende Klassenzimmer,,Drama / History,,"['34.0', '51.0', '13.5', '1.1', '0.4']",https://movie.douban.com/subject/27608785/,
30301288.0,2018.0,Douban,308,,,,6.5,双姝疑云 Duelles,,Drama / Mystery / Thriller,,"['5.5', '23.0', '62.1', '8.2', '1.2']",https://movie.douban.com/subject/30301288/,
27093707.0,2018.0,Douban,185173,,,,8.2,升级 Upgrade,,Action / Sci-Fi / Thriller,,"['28.7', '51.8', '18.2', '1.2', '0.2']",https://movie.douban.com/subject/27093707/,
26793852.0,2018.0,Douban,35872,,,,8.2,信笺故事 The Tale,,Drama,,"['27.9', '54.8', '15.8', '1.2', '0.3']",https://movie.douban.com/subject/26793852/,
26996640.0,2018.0,Douban,124243,,,,5.7,反贪风暴3 L風暴,,Drama / Action / Crime,,"['3.3', '13.1', '52.6', '26.5', '4.5']",https://movie.douban.com/subject/26996640/,
26992553.0,2018.0,Douban,34527,,,,6.8,皇家酒店谋杀案 Bad Times at the El Royale,,Drama / Mystery / Thriller / Crime,,"['9.1', '34.5', '46.3', '8.8', '1.3']",https://movie.douban.com/subject/26992553/,
27194302.0,2018.0,Douban,66768,,,,9.5,无耻之徒(美版) 第九季 Shameless Season 9,,Drama / Comedy,,"['81.7', '14.9', '3.0', '0.3', '0.3']",https://movie.douban.com/subject/27194302/,
30150636.0,2018.0,Douban,13967,,,,7.6,哥布林杀手 ゴブリンスレイヤー,,Animation / Fantasy / Adventure,,"['23.5', '42.5', '27.8', '4.6', '1.6']",https://movie.douban.com/subject/30150636/,
26828285.0,2018.0,Douban,120308,,,,7.8,和平饭店,,Drama / Mystery,,"['25.7', '45.5', '24.0', '3.6', '1.3']",https://movie.douban.com/subject/26828285/,
30394435.0,2018.0,Douban,1463,,,,7.9,最佳朋友 best friend,,Animation,,"['22.2', '51.2', '24.9', '1.2', '0.5']",https://movie.douban.com/subject/30394435/,
27623506.0,2018.0,Douban,94076,,,,9.5,小谢尔顿 第二季 Young Sheldon Season 2,,Comedy,,"['75.6', '21.8', '2.4', '0.1', '0.1']",https://movie.douban.com/subject/27623506/,
27621494.0,2018.0,Douban,4923,,,,5.8,人面鱼：红衣小女孩外传 人面魚：紅衣小女孩外傳,,Horror,,"['6.0', '13.4', '49.9', '24.9', '5.8']",https://movie.douban.com/subject/27621494/,
26955946.0,2018.0,Douban,44193,,,,8.2,你 第一季 You Season 1,,Drama / Romance / Thriller / Crime,,"['31.9', '48.7', '17.2', '1.7', '0.5']",https://movie.douban.com/subject/26955946/,
26628329.0,2018.0,Douban,114461,,,,6.6,南极之恋,,Romance / Adventure,,"['9.8', '29.1', '45.5', '13.1', '2.6']",https://movie.douban.com/subject/26628329/,
27072795.0,2018.0,Douban,123606,,,,8.5,幸福的拉扎罗 Lazzaro felice,,Drama / Fantasy,,"['43.2', '42.6', '12.1', '1.6', '0.5']",https://movie.douban.com/subject/27072795/,
27611429.0,2018.0,Douban,5159,,,,7.7,孪生陌生人 Three Identical Strangers,,Drama / Mystery / Documentary / Biography,,"['18.7', '50.5', '27.6', '2.6', '0.6']",https://movie.douban.com/subject/27611429/,
27607378.0,2018.0,Douban,55228,,,,7.2,龙珠超：布罗利 ドラゴンボール超 ブロリー,,Action / Animation / Fantasy / Adventure,,"['14.3', '38.7', '39.7', '6.4', '0.9']",https://movie.douban.com/subject/27607378/,
25917789.0,2018.0,Douban,56318,,,,4.9,铁血战士 The Predator,,Action / Sci-Fi / Thriller / Adventure,,"['2.1', '7.0', '38.7', '40.3', '11.9']",https://movie.douban.com/subject/25917789/,
26384741.0,2018.0,Douban,386741,,,,7.2,湮灭 Annihilation,,Drama / Sci-Fi / Thriller,,"['11.6', '43.0', '38.6', '5.7', '1.0']",https://movie.douban.com/subject/26384741/,
22266236.0,2018.0,Douban,3137,,,,5.7,地狱游乐园 Hell Fest,,Horror,,"['4.8', '14.1', '48.7', '26.6', '5.8']",https://movie.douban.com/subject/22266236/,
30394779.0,2018.0,Douban,5845,,,,7.2,海角上的兄妹 岬の兄妹,,Drama / Comedy / Eroticism / Family,,"['14.1', '41.9', '36.4', '5.4', '2.2']",https://movie.douban.com/subject/30394779/,
30470562.0,2018.0,Douban,1408,,,,8.2,七位一起生活的单身女人 女7人おひとりさま みんなで一緒に暮らしたら,,Documentary,,"['31.3', '50.3', '16.9', '1.0', '0.5']",https://movie.douban.com/subject/30470562/,
27664846.0,2018.0,Douban,26636,,,,7.7,行尸走肉 第九季 The Walking Dead Season 9,,Drama / Sci-Fi / Thriller,,"['27.8', '38.2', '27.1', '4.8', '2.1']",https://movie.douban.com/subject/27664846/,
27605548.0,2018.0,Douban,82412,,,,8.7,行骗天下JP コンフィデンスマンJP,,Drama / Comedy,,"['47.2', '40.9', '10.5', '1.1', '0.3']",https://movie.douban.com/subject/27605548/,
30163509.0,2019.0,Douban,1009006,,,,6.8,飞驰人生,,Drama / Comedy / Sport,,"['11.1', '34.3', '41.7', '10.6', '2.3']",https://movie.douban.com/subject/30163509/,
26796664.0,2018.0,Douban,59476,,,,5.5,叶问外传：张天志 葉問外傳：張天志,,Drama / Action / Crime,,"['2.4', '11.9', '50.9', '29.3', '5.4']",https://movie.douban.com/subject/26796664/,
26707067.0,2018.0,Douban,4495,,,,6.4,切小金家的旅馆 切小金家的旅館,,Comedy / Horror,,"['8.7', '24.5', '49.0', '14.4', '3.4']",https://movie.douban.com/subject/26707067/,
30167509.0,2018.0,Douban,177959,,,,8.8,徒手攀岩 Free Solo,,Documentary,,"['51.4', '39.6', '8.5', '0.4', '0.1']",https://movie.douban.com/subject/30167509/,
26975011.0,2018.0,Douban,16060,,,,6.1,猖獗 창궐,,Action / Horror,,"['8.0', '16.4', '51.0', '21.0', '3.5']",https://movie.douban.com/subject/26975011/,
27190054.0,2018.0,Douban,10066,,,,8.1,女鼓手 The Little Drummer Girl,,Drama / Thriller,,"['30.2', '48.2', '18.3', '2.5', '0.9']",https://movie.douban.com/subject/27190054/,
30192454.0,2018.0,Douban,1145,,,,5.5,灵异疗养院 Heilstätten,,Thriller / Horror,,"['6.0', '11.2', '43.4', '30.4', '9.1']",https://movie.douban.com/subject/30192454/,
4864908.0,2018.0,Douban,615642,,,,7.2,影,,Drama / Action / Chinese swordplay / Costume,,"['13.0', '43.4', '35.8', '6.2', '1.6']",https://movie.douban.com/subject/4864908/,
27114417.0,2018.0,Douban,124002,,,,4.2,祖宗十九代,,Comedy / Fantasy,,"['3.5', '4.4', '23.4', '37.6', '31.2']",https://movie.douban.com/subject/27114417/,
27034594.0,2018.0,Douban,9792,,,,8.6,少女☆歌剧 Revue Starlight 少女☆歌劇 レヴュースタァライト,,Animation / Musical,,"['52.5', '31.6', '12.4', '2.5', '1.0']",https://movie.douban.com/subject/27034594/,
26887153.0,2018.0,Douban,16515,,,,6.5,冥王星时刻,,Drama,,"['5.9', '30.5', '48.2', '12.7', '2.8']",https://movie.douban.com/subject/26887153/,
26649604.0,2018.0,Douban,109517,,,,7.0,比得兔 Peter Rabbit,,Comedy / Animation / Adventure,,"['11.3', '37.8', '43.8', '6.0', '1.1']",https://movie.douban.com/subject/26649604/,
30304087.0,2018.0,Douban,139165,,,,8.8,天空之城 SKY 캐슬,,Drama,,"['51.2', '38.8', '8.7', '0.9', '0.4']",https://movie.douban.com/subject/30304087/,
30272143.0,2018.0,Douban,59106,,,,8.3,"盗梦特攻队 Ruben Brandt, a gyüjtö",,Animation / Crime,,"['34.9', '47.4', '16.1', '1.4', '0.2']",https://movie.douban.com/subject/30272143/,
27066203.0,2018.0,Douban,14510,,,,5.4,曼蒂 Mandy,,Action / Horror / Crime,,"['4.4', '14.7', '37.9', '30.9', '12.1']",https://movie.douban.com/subject/27066203/,
6390825.0,2018.0,Douban,471744,,,,6.5,黑豹 Black Panther,,Action / Sci-Fi / Adventure,,"['6.6', '26.6', '52.6', '11.9', '2.3']",https://movie.douban.com/subject/6390825/,
27184199.0,2018.0,Douban,17451,,,,7.5,挪威7·22爆炸枪击案 22 July,,Drama / Thriller / History,,"['13.7', '52.6', '30.6', '2.5', '0.6']",https://movie.douban.com/subject/27184199/,
30327894.0,2018.0,Douban,131479,,,,8.3,禁忌女孩 เด็กใหม่,,Drama / Thriller / Crime,,"['39.3', '43.5', '13.7', '1.9', '1.7']",https://movie.douban.com/subject/30327894/,
27070655.0,2018.0,Douban,32895,,,,9.4,德雷尔一家 第三季 The Durrells Season 3,,Drama / Biography,,"['74.0', '22.1', '3.5', '0.3', '0.1']",https://movie.douban.com/subject/27070655/,
27094897.0,2018.0,Douban,35655,,,,8.4,宅男腐女恋爱真难 ヲタクに恋は難しい,,Comedy / Romance / Animation,,"['39.0', '43.9', '15.2', '1.6', '0.4']",https://movie.douban.com/subject/27094897/,
27043023.0,2018.0,Douban,37338,,,,8.8,紧急呼救 第一季 9-1-1 Season 1,,Drama / Action / Thriller,,"['50.2', '39.7', '9.0', '0.7', '0.4']",https://movie.douban.com/subject/27043023/,
27157760.0,2018.0,Douban,49390,,,,8.9,机甲拳击 メガロボクス,,Animation,,"['58.2', '30.8', '9.3', '1.3', '0.4']",https://movie.douban.com/subject/27157760/,
30135594.0,2018.0,Douban,31610,,,,7.6,黑色止血钳 ブラックぺアン,,Drama / Mystery,,"['24.3', '40.3', '29.4', '4.9', '1.1']",https://movie.douban.com/subject/30135594/,
30195228.0,2018.0,Douban,21421,,,,7.7,男人要自爱 Je ne suis pas un homme facile,,Comedy,,"['20.9', '46.4', '29.2', '3.1', '0.4']",https://movie.douban.com/subject/30195228/,
26633257.0,2018.0,Douban,234645,,,,6.9,地球最后的夜晚,,Drama / Romance / Mystery,,"['16.0', '34.8', '31.7', '10.9', '6.6']",https://movie.douban.com/subject/26633257/,
26925317.0,2018.0,Douban,574909,,,,7.2,动物世界,,Drama / Action / Adventure,,"['11.4', '43.7', '37.6', '5.9', '1.5']",https://movie.douban.com/subject/26925317/,
27016554.0,2018.0,Douban,68199,,,,8.6,鬼入侵 The Haunting of Hill House,,Mystery / Thriller / Horror,,"['47.9', '38.3', '11.4', '1.7', '0.7']",https://movie.douban.com/subject/27016554/,
27133303.0,2018.0,Douban,541298,,,,6.8,超时空同居,,Comedy / Romance / Fantasy,,"['7.9', '34.0', '48.7', '8.3', '1.2']",https://movie.douban.com/subject/27133303/,
26942853.0,2018.0,Douban,16060,,,,6.4,镜中人 Look Away,,Thriller,,"['9.0', '20.9', '51.5', '15.7', '2.9']",https://movie.douban.com/subject/26942853/,
30221777.0,2018.0,Douban,14965,,,,9.2,紫罗兰永恒花园 Extra Episode ヴァイオレット・エヴァーガーデン Extra Episode,,Drama / Animation,,"['69.2', '23.9', '6.0', '0.5', '0.4']",https://movie.douban.com/subject/30221777/,
27147739.0,2018.0,Douban,33799,,,,8.3,有熊谷守一在的地方 モリのいる場所,,Drama / Comedy / Biography,,"['34.5', '49.0', '15.0', '1.2', '0.3']",https://movie.douban.com/subject/27147739/,
26992114.0,2018.0,Douban,23001,,,,7.8,孤狼之血 孤狼の血,,Drama / Crime,,"['21.7', '51.1', '24.5', '2.1', '0.5']",https://movie.douban.com/subject/26992114/,
28427782.0,2018.0,Douban,235923,,,,9.4,我的天才女友 第一季 L'amica geniale Season 1,,Drama,,"['73.9', '22.1', '3.5', '0.4', '0.2']",https://movie.douban.com/subject/28427782/,
30361134.0,2018.0,Douban,39636,,,,8.6,9号秘事 万圣节特别篇 Inside No. 9 Dead Line,,Comedy / Horror,,"['49.3', '35.4', '13.1', '1.6', '0.6']",https://movie.douban.com/subject/30361134/,
27055699.0,2018.0,Douban,29112,,,,9.2,硅谷 第五季 Silicon Valley Season 5,,Comedy,,"['67.9', '26.4', '4.9', '0.5', '0.3']",https://movie.douban.com/subject/27055699/,
6874741.0,2018.0,Douban,748546,,,,7.5,无问西东,,Drama / Romance / War,,"['25.2', '38.6', '26.6', '7.2', '2.4']",https://movie.douban.com/subject/6874741/,
3026559.0,2018.0,Douban,52527,,,,7.7,登月第一人 First Man,,Drama / Biography / History,,"['18.6', '50.9', '27.9', '2.2', '0.4']",https://movie.douban.com/subject/3026559/,
30318230.0,2018.0,Douban,49420,,,,8.0,蜂鸟 벌새,,Drama,,"['24.9', '52.0', '20.7', '2.0', '0.4']",https://movie.douban.com/subject/30318230/,
27092648.0,2018.0,Douban,60704,,,,7.2,蒙上你的眼 Bird Box,,Drama / Sci-Fi / Thriller,,"['12.3', '42.1', '39.5', '5.1', '1.0']",https://movie.douban.com/subject/27092648/,
26754734.0,2018.0,Douban,5945,,,,8.2,狼屋 La casa lobo,,Drama / Animation / Horror,,"['36.3', '43.8', '16.0', '2.6', '1.2']",https://movie.douban.com/subject/26754734/,
27178676.0,2018.0,Douban,35505,,,,9.1,战栗杀机 BANANA FISH,,Animation,,"['67.5', '21.4', '8.3', '1.9', '0.9']",https://movie.douban.com/subject/27178676/,
25300674.0,2018.0,Douban,15183,,,,2.8,冰封侠：时空行者,,Action / Fantasy,,"['1.5', '1.0', '6.6', '18.1', '72.9']",https://movie.douban.com/subject/25300674/,
27133913.0,2018.0,Douban,33129,,,,7.2,黑色党徒 BlacKkKlansman,,Comedy / Biography / Crime,,"['10.4', '44.9', '39.2', '4.6', '1.0']",https://movie.douban.com/subject/27133913/,
30157327.0,2018.0,Douban,4502,,,,5.7,完美琴仇 The Perfection,,Drama / Thriller / Horror,,"['4.7', '16.5', '47.7', '22.5', '8.7']",https://movie.douban.com/subject/30157327/,
30154537.0,2018.0,Douban,8765,,,,6.5,高潮 Climax,,Drama / Thriller / Eroticism / Musical,,"['13.9', '26.1', '37.5', '16.0', '6.5']",https://movie.douban.com/subject/30154537/,
27140066.0,2018.0,Douban,8403,,,,8.2,Re：从零开始的异世界生活 雪之回忆 Re:ゼロから始める異世界生活 Memory Snow,,Animation / Fantasy,,"['37.7', '39.4', '19.6', '2.4', '0.9']",https://movie.douban.com/subject/27140066/,
26369884.0,2018.0,Douban,89188,,,,7.4,此房是我造 The House That Jack Built,,Thriller / Horror / Crime,,"['20.2', '40.7', '29.4', '6.4', '3.4']",https://movie.douban.com/subject/26369884/,
26920842.0,2018.0,Douban,20001,,,,7.0,副总统 Vice,,Drama / Comedy / Biography / History,,"['10.1', '36.6', '45.5', '6.7', '1.0']",https://movie.douban.com/subject/26920842/,
27041677.0,2018.0,Douban,21091,,,,6.4,"人间，空间，时间和人 인간, 공간, 시간 그리고 인간",,Drama / Crime / Fantasy,,"['13.2', '24.7', '39.7', '16.0', '6.4']",https://movie.douban.com/subject/27041677/,
25900947.0,2018.0,Douban,66171,,,,6.7,游侠索罗：星球大战外传 Solo: A Star Wars Story,,Action / Sci-Fi / Adventure,,"['8.7', '32.0', '48.3', '9.8', '1.1']",https://movie.douban.com/subject/25900947/,
30343068.0,2018.0,Douban,1171,,,,6.5,三级片：香港剥削电影不为人知的故事 Category III: The Untold Story of Hong Kong Exploitation Cinema,,Documentary,,"['10.0', '24.3', '50.5', '11.3', '3.8']",https://movie.douban.com/subject/30343068/,
27080661.0,2018.0,Douban,27871,,,,9.2,比宇宙更遥远的地方 宇宙よりも遠い場所,,Animation,,"['70.0', '22.8', '6.0', '0.8', '0.4']",https://movie.douban.com/subject/27080661/,
30209020.0,2018.0,Douban,10939,,,,5.7,粽邪,,Drama / Thriller / Horror,,"['4.9', '13.1', '48.5', '27.0', '6.5']",https://movie.douban.com/subject/30209020/,
26640371.0,2018.0,Douban,248475,,,,8.2,犬之岛 Isle of Dogs,,Comedy / Animation / Adventure,,"['32.3', '49.6', '16.4', '1.3', '0.3']",https://movie.douban.com/subject/26640371/,
30175274.0,2018.0,Douban,637,,,,5.4,阳关道 陽關道,,Mystery / Horror / Crime,,"['9.5', '12.9', '35.1', '23.8', '18.7']",https://movie.douban.com/subject/30175274/,
26992036.0,2018.0,Douban,6634,,,,7.4,旅猫日记 旅猫リポート,,Drama,,"['18.3', '40.8', '35.4', '4.3', '1.1']",https://movie.douban.com/subject/26992036/,
25853071.0,2019.0,Douban,1157621,,,,7.9,庆余年 第一季,,Drama / Costume,,"['30.2', '44.3', '19.3', '3.3', '2.9']",https://movie.douban.com/subject/25853071/,
27109171.0,2019.0,Douban,74607,,,,7.2,娑婆诃 사바하,,Drama / Mystery / Thriller,,"['13.1', '41.6', '39.4', '4.9', '0.9']",https://movie.douban.com/subject/27109171/,
30288638.0,2019.0,Douban,114478,,,,7.0,仲夏夜惊魂 Midsommar,,Horror,,"['13.8', '35.3', '39.1', '9.0', '2.8']",https://movie.douban.com/subject/30288638/,
3703650.0,2019.0,Douban,187047,,,,8.6,黑袍纠察队 第一季 The Boys Season 1,,Action / Sci-Fi / Crime,,"['44.9', '43.8', '10.1', '0.9', '0.3']",https://movie.douban.com/subject/3703650/,
30181230.0,2019.0,Douban,514492,,,,9.4,我们与恶的距离 我們與惡的距離,,Drama,,"['75.0', '21.1', '3.1', '0.4', '0.4']",https://movie.douban.com/subject/30181230/,
34805219.0,2019.0,Douban,348230,,,,7.9,饥饿站台 El hoyo,,Sci-Fi / Thriller,,"['22.5', '51.0', '24.0', '2.0', '0.4']",https://movie.douban.com/subject/34805219/,
30210221.0,2019.0,Douban,289103,,,,9.1,鬼灭之刃 鬼滅の刃,,Animation / Fantasy,,"['66.0', '26.2', '6.3', '0.9', '0.5']",https://movie.douban.com/subject/30210221/,
30176393.0,2019.0,Douban,973650,,,,7.5,误杀,,Drama / Mystery / Crime,,"['15.4', '49.6', '30.0', '4.0', '0.9']",https://movie.douban.com/subject/30176393/,
30211998.0,2019.0,Douban,249858,,,,8.3,绅士们 The Gentlemen,,Comedy / Action / Crime,,"['35.0', '47.3', '14.9', '1.7', '1.2']",https://movie.douban.com/subject/30211998/,
34785763.0,2019.0,Douban,291039,,,,9.3,俗女养成记 俗女養成記,,Drama / Comedy,,"['70.3', '24.9', '4.1', '0.5', '0.3']",https://movie.douban.com/subject/34785763/,
27594938.0,2019.0,Douban,95151,,,,6.8,准备好了没 Ready or Not,,Mystery / Thriller / Horror,,"['9.3', '32.7', '48.1', '8.5', '1.4']",https://movie.douban.com/subject/27594938/,
30292777.0,2019.0,Douban,417922,,,,8.6,阳光普照 陽光普照,,Drama / Family / Crime,,"['41.3', '47.4', '10.4', '0.8', '0.2']",https://movie.douban.com/subject/30292777/,
30416100.0,2019.0,Douban,31420,,,,8.2,绝叫 絶叫,,Drama / Crime,,"['30.6', '49.9', '17.0', '2.1', '0.5']",https://movie.douban.com/subject/30416100/,
26584183.0,2019.0,Douban,303865,,,,6.0,权力的游戏 第八季 Game of Thrones Season 8,,Drama / Fantasy / Adventure,,"['19.8', '16.3', '28.8', '16.7', '18.4']",https://movie.douban.com/subject/26584183/,
30402296.0,2019.0,Douban,468921,,,,7.0,天气之子 天気の子,,Romance / Animation / Fantasy,,"['13.2', '35.8', '41.9', '7.8', '1.2']",https://movie.douban.com/subject/30402296/,
30204413.0,2019.0,Douban,101325,,,,7.7,气球,,Drama,,"['13.3', '60.4', '24.7', '1.5', '0.2']",https://movie.douban.com/subject/30204413/,
34670642.0,2019.0,Douban,116534,,,,9.1,我的事说来话长 俺の話は長い,,Drama,,"['63.3', '29.7', '6.0', '0.7', '0.3']",https://movie.douban.com/subject/34670642/,
34836778.0,2019.0,Douban,3011,,,,7.2,夜车,,Animation / Thriller / Short,,"['14.8', '39.2', '39.2', '5.6', '1.2']",https://movie.douban.com/subject/34836778/,
30159567.0,2019.0,Douban,52184,,,,7.7,金都,,Drama,,"['15.5', '55.5', '26.4', '2.0', '0.6']",https://movie.douban.com/subject/30159567/,
27087724.0,2019.0,Douban,268056,,,,7.3,好莱坞往事 Once Upon a Time... in Hollywood,,Drama / Comedy,,"['13.7', '43.1', '37.0', '5.0', '1.2']",https://movie.douban.com/subject/27087724/,
33464312.0,2019.0,Douban,7696,,,,7.5,八月处子 La Virgen de Agosto,,Drama,,"['13.2', '51.1', '32.2', '3.0', '0.5']",https://movie.douban.com/subject/33464312/,
30401122.0,2019.0,Douban,651405,,,,9.4,致命女人 第一季 Why Women Kill Season 1,,Drama / Comedy / Crime,,"['73.7', '22.7', '3.2', '0.2', '0.1']",https://movie.douban.com/subject/30401122/,
25986662.0,2019.0,Douban,726268,,,,6.4,疯狂的外星人,,Comedy / Sci-Fi,,"['8.2', '26.9', '44.9', '15.8', '4.3']",https://movie.douban.com/subject/25986662/,
27010768.0,2019.0,Douban,1537421,,,,8.8,寄生虫 기생충,,Drama,,"['50.4', '40.9', '7.9', '0.6', '0.3']",https://movie.douban.com/subject/27010768/,
30246685.0,2019.0,Douban,45572,,,,9.3,继承之战 第二季 Succession Season 2,,Drama,,"['68.4', '26.9', '4.1', '0.4', '0.2']",https://movie.douban.com/subject/30246685/,
30257608.0,2019.0,Douban,18342,,,,6.9,净化之时 The Cleansing Hour,,Horror,,"['10.9', '34.9', '43.7', '8.7', '1.9']",https://movie.douban.com/subject/30257608/,
33446363.0,2019.0,Douban,106804,,,,7.5,偶然发现的一天 어쩌다 발견한 하루,,Romance / Fantasy,,"['23.4', '36.3', '33.3', '5.6', '1.3']",https://movie.douban.com/subject/33446363/,
30210691.0,2019.0,Douban,174784,,,,7.5,极限逃生 엑시트,,Comedy / Action / Disaster,,"['16.1', '47.1', '32.9', '3.3', '0.6']",https://movie.douban.com/subject/30210691/,
27131198.0,2019.0,Douban,5574,,,,7.8,赛马女孩 Ride Like a Girl,,Drama / Biography / Sport,,"['20.7', '49.9', '26.9', '2.1', '0.4']",https://movie.douban.com/subject/27131198/,
3097572.0,2019.0,Douban,346945,,,,6.8,双子杀手 Gemini Man,,Drama / Action / Sci-Fi,,"['7.6', '34.7', '49.3', '7.6', '0.8']",https://movie.douban.com/subject/3097572/,
26846856.0,2019.0,Douban,114036,,,,8.8,好兆头 第一季 Good Omens Season 1,,Drama / Comedy / Fantasy,,"['52.3', '36.1', '10.2', '1.1', '0.3']",https://movie.douban.com/subject/26846856/,
27002635.0,2019.0,Douban,110785,,,,8.0,唐顿庄园 Downton Abbey,,Drama,,"['26.5', '47.6', '23.5', '2.1', '0.3']",https://movie.douban.com/subject/27002635/,
26667010.0,2019.0,Douban,255671,,,,5.7,X战警：黑凤凰 Dark Phoenix,,Action / Sci-Fi / Adventure,,"['3.4', '15.0', '50.9', '26.0', '4.7']",https://movie.douban.com/subject/26667010/,
25823280.0,2019.0,Douban,288997,,,,7.6,东宫,,Romance / Costume,,"['27.8', '36.4', '26.3', '6.4', '3.0']",https://movie.douban.com/subject/25823280/,
30181462.0,2019.0,Douban,142416,,,,8.2,亢奋 第一季 Euphoria Season 1,,Drama / Mystery,,"['35.9', '41.2', '18.8', '2.9', '1.1']",https://movie.douban.com/subject/30181462/,
30198539.0,2019.0,Douban,89495,,,,8.5,痛苦与荣耀 Dolor y gloria,,Drama / Homosexual,,"['40.5', '46.1', '12.0', '1.1', '0.3']",https://movie.douban.com/subject/30198539/,
30468961.0,2019.0,Douban,887636,,,,9.3,想见你 想見你,,Romance / Mystery / Fantasy,,"['70.5', '23.6', '4.6', '0.6', '0.7']",https://movie.douban.com/subject/30468961/,
27053768.0,2019.0,Douban,225493,,,,9.5,伦敦生活 第二季 Fleabag Season 2,,Comedy,,"['79.1', '18.1', '2.5', '0.2', '0.1']",https://movie.douban.com/subject/27053768/,
30347029.0,2019.0,Douban,9839,,,,6.9,野兽 비스트,,Action / Crime,,"['11.5', '32.7', '46.2', '7.9', '1.8']",https://movie.douban.com/subject/30347029/,
30331149.0,2019.0,Douban,821379,,,,7.8,白蛇：缘起,,Romance / Animation / Fantasy,,"['23.5', '45.3', '27.3', '3.3', '0.5']",https://movie.douban.com/subject/30331149/,
25932065.0,2019.0,Douban,38057,,,,7.0,睡梦医生 Doctor Sleep,,Drama / Thriller / Horror / Fantasy,,"['12.6', '37.8', '40.2', '7.8', '1.6']",https://movie.douban.com/subject/25932065/,
26882339.0,2019.0,Douban,71345,,,,8.1,一拳超人 第二季 ワンパンマン 第2期,,Drama / Action / Animation,,"['34.9', '42.3', '18.6', '2.9', '1.3']",https://movie.douban.com/subject/26882339/,
30372377.0,2019.0,Douban,97050,,,,8.1,续命之徒：绝命毒师电影 El Camino: A Breaking Bad Movie,,Drama / Thriller / Crime,,"['32.8', '42.3', '21.6', '2.6', '0.7']",https://movie.douban.com/subject/30372377/,
1652592.0,2019.0,Douban,636632,,,,7.5,阿丽塔：战斗天使 Alita: Battle Angel,,Action / Sci-Fi / Adventure,,"['18.4', '42.6', '33.6', '4.6', '0.8']",https://movie.douban.com/subject/1652592/,
32659890.0,2019.0,Douban,1069603,,,,7.6,我和我的祖国,,Drama,,"['20.6', '44.6', '29.6', '4.0', '1.2']",https://movie.douban.com/subject/32659890/,
27597250.0,2019.0,Douban,221536,,,,7.8,极限职业 극한직업,,Comedy / Action / Crime,,"['21.7', '50.1', '25.9', '1.9', '0.3']",https://movie.douban.com/subject/27597250/,
30424374.0,2019.0,Douban,514825,,,,9.2,"爱，死亡和机器人 第一季 Love, Death & Robots Season 1",,Comedy / Sci-Fi / Animation / Horror / Fantasy,,"['68.0', '26.5', '4.9', '0.4', '0.2']",https://movie.douban.com/subject/30424374/,
30211753.0,2019.0,Douban,26417,,,,6.3,生态箱 Vivarium,,Sci-Fi / Mystery / Horror,,"['7.1', '22.9', '51.4', '15.2', '3.4']",https://movie.douban.com/subject/30211753/,
27099158.0,2019.0,Douban,45025,,,,8.6,早间新闻 第一季 The Morning Show Season 1,,Drama,,"['45.8', '41.5', '11.1', '1.2', '0.3']",https://movie.douban.com/subject/27099158/,
26419635.0,2019.0,Douban,34893,,,,6.5,高草丛中 In the Tall Grass,,Drama / Thriller / Horror,,"['6.8', '26.0', '53.2', '12.1', '1.9']",https://movie.douban.com/subject/26419635/,
30327842.0,2019.0,Douban,397077,,,,8.6,82年生的金智英 82년생 김지영,,Drama,,"['43.4', '44.9', '10.7', '0.7', '0.2']",https://movie.douban.com/subject/30327842/,
30327897.0,2019.0,Douban,42877,,,,7.6,漫长的告别 長いお別れ,,Drama / Family,,"['16.0', '51.5', '29.7', '2.6', '0.3']",https://movie.douban.com/subject/30327897/,
30360724.0,2019.0,Douban,84378,,,,7.9,全裸导演 第一季 全裸監督 シーズン1,,Drama / Eroticism / Biography,,"['24.3', '49.5', '23.5', '2.1', '0.6']",https://movie.douban.com/subject/30360724/,
30467485.0,2019.0,Douban,70803,,,,9.4,小谢尔顿 第三季 Young Sheldon Season 3,,Comedy,,"['74.2', '22.7', '2.8', '0.1', '0.1']",https://movie.douban.com/subject/30467485/,
34809360.0,2019.0,Douban,17040,,,,7.6,在街上 街の上で,,Drama / Romance,,"['19.1', '48.2', '28.6', '3.3', '0.8']",https://movie.douban.com/subject/34809360/,
30255079.0,2019.0,Douban,17740,,,,7.2,杀手寓言 ザ・ファブル,,Comedy / Action,,"['11.7', '41.4', '41.1', '4.7', '1.0']",https://movie.douban.com/subject/30255079/,
27166976.0,2019.0,Douban,205771,,,,7.8,安娜 Anna,,Action / Thriller,,"['22.8', '48.8', '25.7', '2.3', '0.4']",https://movie.douban.com/subject/27166976/,
4811807.0,2019.0,Douban,56510,,,,7.6,亚当斯一家 The Addams Family,,Comedy / Animation / Family / Fantasy,,"['20.1', '43.2', '32.6', '3.6', '0.5']",https://movie.douban.com/subject/4811807/,
27088750.0,2019.0,Douban,81237,,,,7.3,我身体里的那个家伙 내안의 그놈,,Drama / Comedy,,"['14.7', '41.4', '39.4', '3.9', '0.6']",https://movie.douban.com/subject/27088750/,
33377603.0,2019.0,Douban,25676,,,,8.6,海昏侯,,Documentary,,"['41.6', '49.5', '8.4', '0.5', '0.1']",https://movie.douban.com/subject/33377603/,
33418567.0,2019.0,Douban,234381,,,,8.8,凪的新生活 凪のお暇,,Drama,,"['52.6', '37.1', '9.2', '0.8', '0.3']",https://movie.douban.com/subject/33418567/,
30371818.0,2019.0,Douban,43745,,,,8.0,好梦一日游 La belle époque,,Drama / Comedy / Romance,,"['26.4', '51.8', '19.7', '1.6', '0.5']",https://movie.douban.com/subject/30371818/,
30371819.0,2019.0,Douban,98106,,,,7.4,热带雨,,Drama / Romance,,"['10.1', '55.1', '32.2', '2.3', '0.2']",https://movie.douban.com/subject/30371819/,
30200087.0,2019.0,Douban,44680,,,,6.5,白头山 백두산,,Action / Disaster,,"['8.0', '24.3', '53.0', '12.2', '2.5']",https://movie.douban.com/subject/30200087/,
30391726.0,2019.0,Douban,33624,,,,9.0,蜂蜜之地 Медена земја,,Drama / Documentary,,"['56.4', '36.6', '6.4', '0.5', '0.1']",https://movie.douban.com/subject/30391726/,
33428622.0,2019.0,Douban,30234,,,,7.6,叔·叔,,Drama / Homosexual,,"['15.3', '52.2', '28.9', '2.6', '0.9']",https://movie.douban.com/subject/33428622/,
27202818.0,2019.0,Douban,334721,,,,8.5,婚姻故事 Marriage Story,,Drama / Romance,,"['40.1', '48.3', '10.7', '0.8', '0.2']",https://movie.douban.com/subject/27202818/,
34805216.0,2019.0,Douban,5659,,,,6.4,圣人莫德 Saint Maud,,Horror,,"['8.2', '26.2', '46.9', '15.5', '3.3']",https://movie.douban.com/subject/34805216/,
30365915.0,2019.0,Douban,6950,,,,6.9,西比勒 Sibyl,,Drama,,"['9.5', '38.2', '42.4', '8.3', '1.6']",https://movie.douban.com/subject/30365915/,
30390532.0,2019.0,Douban,79129,,,,9.0,坡道上的家 坂の途中の家,,Drama / Mystery / Family / Crime,,"['58.7', '34.3', '6.1', '0.6', '0.3']",https://movie.douban.com/subject/30390532/,
21354767.0,2019.0,Douban,25990,,,,7.6,"伯纳黛特你去了哪 Where'd You Go, Bernadette",,Drama / Comedy,,"['19.6', '46.0', '30.9', '3.1', '0.5']",https://movie.douban.com/subject/21354767/,
30390700.0,2019.0,Douban,107637,,,,8.4,美国工厂 American Factory,,Documentary,,"['31.3', '55.9', '12.0', '0.6', '0.2']",https://movie.douban.com/subject/30390700/,
30464551.0,2019.0,Douban,132540,,,,9.1,浪漫的体质 멜로가 체질,,Comedy / Romance,,"['66.8', '25.3', '6.3', '1.0', '0.6']",https://movie.douban.com/subject/30464551/,
30446788.0,2019.0,Douban,276157,,,,7.6,轮到你了 あなたの番です,,Drama / Mystery / Crime,,"['25.0', '42.2', '25.3', '5.1', '2.4']",https://movie.douban.com/subject/30446788/,
30211551.0,2019.0,Douban,301028,,,,7.8,恶人传 악인전,,Drama / Action / Crime,,"['21.4', '49.5', '26.9', '1.9', '0.3']",https://movie.douban.com/subject/30211551/,
27008551.0,2019.0,Douban,47858,,,,8.8,心灵猎人 第二季 Mindhunter Season 2,,Drama / Thriller / Crime,,"['50.3', '40.7', '8.0', '0.7', '0.2']",https://movie.douban.com/subject/27008551/,
27180759.0,2019.0,Douban,206769,,,,7.0,送我上青云,,Drama,,"['9.8', '39.8', '41.2', '7.9', '1.3']",https://movie.douban.com/subject/27180759/,
30170894.0,2019.0,Douban,273381,,,,7.8,大宋少年志,,Mystery / Costume,,"['25.2', '45.4', '24.9', '3.4', '1.1']",https://movie.douban.com/subject/30170894/,
30212622.0,2019.0,Douban,27293,,,,7.2,前哨 The Outpost,,Drama / History / War,,"['13.0', '41.4', '40.0', '4.4', '1.2']",https://movie.douban.com/subject/30212622/,
30261964.0,2019.0,Douban,19734,,,,7.1,古田军号,,Drama / History / War,,"['17.7', '33.1', '37.9', '8.5', '2.7']",https://movie.douban.com/subject/30261964/,
33415943.0,2019.0,Douban,35399,,,,8.1,我失去了身体 J'ai perdu mon corps,,Drama / Romance / Animation / Fantasy,,"['28.8', '51.6', '17.7', '1.5', '0.3']",https://movie.douban.com/subject/33415943/,
34800399.0,2019.0,Douban,76553,,,,8.6,守护解放西,,Documentary,,"['41.6', '47.7', '9.8', '0.6', '0.3']",https://movie.douban.com/subject/34800399/,
30385409.0,2019.0,Douban,144467,,,,8.8,摩登情爱 第一季 Modern Love Season 1,,Comedy / Romance,,"['50.6', '38.1', '10.2', '0.9', '0.2']",https://movie.douban.com/subject/30385409/,
34825976.0,2019.0,Douban,67053,,,,8.0,白蛇传·情,,Drama / Romance / Drama,,"['25.4', '51.7', '20.2', '2.3', '0.4']",https://movie.douban.com/subject/34825976/,
30377729.0,2019.0,Douban,212966,,,,8.6,3年A班：从现在起，大家都是人质 3年A組 -今から皆さんは、人質です-,,Drama / Mystery,,"['48.4', '37.6', '12.0', '1.6', '0.4']",https://movie.douban.com/subject/30377729/,
33425578.0,2019.0,Douban,296888,,,,8.3,爱的迫降 사랑의 불시착,,Drama / Comedy / Romance,,"['40.7', '39.6', '16.6', '2.3', '0.9']",https://movie.douban.com/subject/33425578/,
30271841.0,2019.0,Douban,114140,,,,8.8,多哥 Togo,,Drama / Adventure,,"['51.7', '38.2', '9.4', '0.6', '0.2']",https://movie.douban.com/subject/30271841/,
33393167.0,2019.0,Douban,32969,,,,9.1,鬼灭之刃：兄妹的羁绊 鬼滅の刃 兄妹の絆,,Action / Animation / Thriller / Fantasy,,"['65.8', '26.2', '6.4', '0.6', '0.9']",https://movie.douban.com/subject/33393167/,
27126336.0,2019.0,Douban,88532,,,,6.3,假面饭店 マスカレード・ホテル,,Drama / Mystery / Crime,,"['3.3', '21.6', '61.3', '12.8', '1.1']",https://movie.douban.com/subject/27126336/,
26348103.0,2019.0,Douban,522570,,,,8.0,小妇人 Little Women,,Drama / Romance,,"['26.2', '49.8', '21.4', '2.3', '0.3']",https://movie.douban.com/subject/26348103/,
30305530.0,2019.0,Douban,122377,,,,8.9,真相捕捉 第一季 The Capture Season 1,,Mystery / Thriller,,"['53.7', '38.1', '7.2', '0.6', '0.3']",https://movie.douban.com/subject/30305530/,
10546436.0,2019.0,Douban,54936,,,,7.6,第一滴血5：最后的血 Rambo: Last Blood,,Action / Thriller / Adventure,,"['22.6', '41.2', '30.9', '4.4', '0.9']",https://movie.douban.com/subject/10546436/,
30264607.0,2019.0,Douban,10442,,,,5.9,鬼娃回魂 Child's Play,,Horror,,"['6.4', '15.8', '49.8', '22.9', '5.1']",https://movie.douban.com/subject/30264607/,
27611018.0,2019.0,Douban,70666,,,,9.3,暗黑 第二季 Dark Season 2,,Mystery / Thriller / Fantasy,,"['72.8', '21.9', '4.4', '0.5', '0.3']",https://movie.douban.com/subject/27611018/,
30249076.0,2019.0,Douban,31508,,,,6.7,坏家伙们 나쁜 녀석들,,Action / Crime,,"['10.5', '27.5', '52.0', '8.8', '1.2']",https://movie.douban.com/subject/30249076/,
27179039.0,2019.0,Douban,39427,,,,7.6,朱迪 Judy,,Drama / Romance / Biography,,"['16.8', '47.6', '32.8', '2.4', '0.4']",https://movie.douban.com/subject/27179039/,
30257386.0,2019.0,Douban,41299,,,,7.2,停尸房收藏 The Mortuary Collection,,Horror / Fantasy,,"['12.4', '41.6', '40.0', '5.0', '0.9']",https://movie.douban.com/subject/30257386/,
30306764.0,2019.0,Douban,35395,,,,7.8,证人 증인,,Drama / Crime,,"['19.3', '52.2', '26.4', '1.8', '0.3']",https://movie.douban.com/subject/30306764/,
26849758.0,2019.0,Douban,514245,,,,8.1,长安十二时辰,,Drama / Mystery / Costume,,"['36.0', '40.6', '18.6', '3.3', '1.5']",https://movie.douban.com/subject/26849758/,
30462527.0,2019.0,Douban,15824,,,,7.8,基督圣体 Boże Ciało,,Drama,,"['18.2', '53.9', '25.5', '1.9', '0.4']",https://movie.douban.com/subject/30462527/,
26891256.0,2019.0,Douban,323236,,,,7.4,阿拉丁 Aladdin,,Romance / Musical / Fantasy / Adventure,,"['14.2', '45.2', '36.4', '3.8', '0.4']",https://movie.douban.com/subject/26891256/,
30331959.0,2019.0,Douban,148133,,,,8.6,黑水 Dark Waters,,Drama,,"['40.4', '48.3', '10.6', '0.6', '0.1']",https://movie.douban.com/subject/30331959/,
25941405.0,2019.0,Douban,5110,,,,6.6,金翅雀 The Goldfinch,,Drama,,"['10.3', '28.0', '47.3', '11.9', '2.4']",https://movie.douban.com/subject/25941405/,
30269016.0,2019.0,Douban,578189,,,,7.3,半个喜剧,,Comedy / Romance,,"['13.7', '44.4', '34.9', '5.7', '1.2']",https://movie.douban.com/subject/30269016/,
26752547.0,2019.0,Douban,57168,,,,5.7,催眠·裁决 催眠裁決,,Mystery / Crime,,"['2.6', '13.4', '55.5', '25.4', '3.1']",https://movie.douban.com/subject/26752547/,
27195020.0,2019.0,Douban,1834405,,,,7.7,陈情令,,Drama / Costume,,"['44.8', '25.8', '11.9', '3.8', '13.6']",https://movie.douban.com/subject/27195020/,
27073057.0,2019.0,Douban,85427,,,,5.2,鼠胆英雄,,Comedy,,"['2.5', '9.3', '43.8', '33.1', '11.2']",https://movie.douban.com/subject/27073057/,
27089612.0,2019.0,Douban,246191,,,,7.3,纽约的一个雨天 A Rainy Day in New York,,Comedy / Romance,,"['12.4', '45.3', '37.6', '4.1', '0.5']",https://movie.douban.com/subject/27089612/,
30301264.0,2019.0,Douban,11938,,,,7.8,看不见的女人 A vida invisível de Eurídice Gusmão,,Drama,,"['20.0', '53.8', '23.7', '2.1', '0.4']",https://movie.douban.com/subject/30301264/,
26909790.0,2019.0,Douban,226505,,,,7.9,疾速追杀3 John Wick: Chapter 3 - Parabellum,,Action / Thriller / Crime,,"['28.5', '44.8', '23.0', '3.0', '0.7']",https://movie.douban.com/subject/26909790/,
2244426.0,2019.0,Douban,266078,,,,6.2,雷霆沙赞！ Shazam!,,Action / Fantasy / Adventure,,"['5.2', '22.4', '52.2', '17.1', '3.2']",https://movie.douban.com/subject/2244426/,
27663742.0,2019.0,Douban,293931,,,,6.6,老师·好,,Drama,,"['9.4', '29.0', '47.3', '12.1', '2.2']",https://movie.douban.com/subject/27663742/,
3882427.0,2019.0,Douban,89039,,,,8.4,我在雨中等你 The Art of Racing in the Rain,,Drama / Comedy / Romance / Sport,,"['37.6', '46.2', '14.7', '1.2', '0.3']",https://movie.douban.com/subject/3882427/,
27180599.0,2019.0,Douban,65401,,,,6.6,极线杀手 Polar,,Action,,"['7.4', '29.0', '49.9', '11.9', '1.8']",https://movie.douban.com/subject/27180599/,
30433391.0,2019.0,Douban,13279,,,,6.1,变身 변신,,Horror,,"['6.8', '18.3', '51.8', '19.5', '3.5']",https://movie.douban.com/subject/30433391/,
33464695.0,2019.0,Douban,122547,,,,8.8,东京大饭店 グランメゾン東京,,Drama,,"['51.0', '39.6', '8.7', '0.6', '0.2']",https://movie.douban.com/subject/33464695/,
30450209.0,2019.0,Douban,55059,,,,9.4,无耻之徒(美版) 第十季 Shameless Season 10,,Drama / Comedy,,"['77.4', '17.9', '4.0', '0.4', '0.3']",https://movie.douban.com/subject/30450209/,
35594903.0,2019.0,Douban,2203,,,,7.8,玩偶芬利 Finley,,Comedy / Short,,"['19.8', '52.8', '25.0', '1.9', '0.4']",https://movie.douban.com/subject/35594903/,
30188253.0,2019.0,Douban,32218,,,,6.3,珍品 Curiosa,,Drama / Eroticism / History,,"['7.5', '20.5', '52.5', '16.6', '3.0']",https://movie.douban.com/subject/30188253/,
30442369.0,2019.0,Douban,54091,,,,8.8,昨日的美食 きのう何食べた,,Drama / Homosexual / Family,,"['51.6', '37.9', '9.5', '0.8', '0.3']",https://movie.douban.com/subject/30442369/,
33424345.0,2019.0,Douban,55278,,,,7.4,紫罗兰永恒花园外传：永远与自动手记人偶 ヴァイオレット・エヴァーガーデン 外伝 - 永遠と自動手記人形 -,,Drama / Animation,,"['19.1', '38.8', '36.2', '5.0', '0.9']",https://movie.douban.com/subject/33424345/,
30344167.0,2019.0,Douban,121816,,,,9.2,曼达洛人 第一季 The Mandalorian Season 1,,Sci-Fi / Fantasy,,"['66.6', '27.1', '5.5', '0.6', '0.2']",https://movie.douban.com/subject/30344167/,
30402056.0,2019.0,Douban,18070,,,,6.8,致我的陌生恋人 Mon inconnue,,Comedy / Romance,,"['8.3', '33.8', '49.8', '7.3', '0.7']",https://movie.douban.com/subject/30402056/,
34800706.0,2019.0,Douban,3530,,,,6.2,地狱女子 Perempuan Tanah Jahanam,,Mystery / Horror,,"['5.8', '20.0', '54.4', '16.6', '3.3']",https://movie.douban.com/subject/34800706/,
30327898.0,2019.0,Douban,81185,,,,8.9,耀眼 눈이 부시게,,Drama / Romance / Fantasy,,"['59.2', '30.4', '8.7', '1.1', '0.5']",https://movie.douban.com/subject/30327898/,
30295134.0,2019.0,Douban,5162,,,,6.0,森林恶鬼 The Wretched,,Horror,,"['5.4', '16.3', '56.1', '18.6', '3.7']",https://movie.douban.com/subject/30295134/,
26100958.0,2019.0,Douban,1144990,,,,8.5,复仇者联盟4：终局之战 Avengers: Endgame,,Drama / Action / Sci-Fi / Fantasy / Adventure,,"['46.2', '35.2', '15.7', '2.0', '0.9']",https://movie.douban.com/subject/26100958/,
26715636.0,2019.0,Douban,399669,,,,8.0,地久天长,,Drama / Family,,"['28.3', '46.5', '21.4', '3.1', '0.7']",https://movie.douban.com/subject/26715636/,
30181079.0,2019.0,Douban,22749,,,,6.4,阴曹使者 사자,,Action / Horror,,"['8.4', '22.7', '53.7', '13.2', '2.0']",https://movie.douban.com/subject/30181079/,
34875261.0,2019.0,Douban,10491,,,,6.4,忠贞 Верность,,Eroticism,,"['8.4', '20.0', '54.7', '14.5', '2.4']",https://movie.douban.com/subject/34875261/,
30191950.0,2019.0,Douban,5038,,,,6.8,飞翔吧！埼玉 翔んで埼玉,,Comedy,,"['12.3', '31.4', '43.9', '9.6', '2.8']",https://movie.douban.com/subject/30191950/,
27625457.0,2019.0,Douban,261346,,,,9.2,去他*的世界 第二季 The End of the F***ing World Season 2,,Drama / Comedy / Romance / Adventure,,"['65.4', '28.2', '5.7', '0.5', '0.2']",https://movie.douban.com/subject/27625457/,
27052168.0,2019.0,Douban,193703,,,,6.8,破冰行动,,Drama / Mystery / Crime,,"['13.5', '31.5', '40.8', '9.6', '4.7']",https://movie.douban.com/subject/27052168/,
30230682.0,2019.0,Douban,254149,,,,8.3,宸汐缘,,Drama / Romance / Fantasy / Costume,,"['48.2', '28.0', '16.8', '4.9', '2.1']",https://movie.douban.com/subject/30230682/,
30279836.0,2019.0,Douban,252249,,,,7.2,第十一回,,Drama / Comedy,,"['11.2', '46.4', '35.6', '5.9', '1.0']",https://movie.douban.com/subject/30279836/,
27129560.0,2019.0,Douban,26502,,,,7.4,吾乃母亲 I Am Mother,,Sci-Fi / Thriller,,"['14.8', '44.3', '36.1', '4.0', '0.8']",https://movie.douban.com/subject/27129560/,
30157168.0,2019.0,Douban,76804,,,,6.6,烈火军校,,Drama / Romance,,"['12.1', '28.0', '43.2', '11.0', '5.7']",https://movie.douban.com/subject/30157168/,
27011763.0,2019.0,Douban,117525,,,,9.5,灵能百分百 II モブサイコ100 II,,Drama / Animation / Fantasy,,"['80.6', '16.4', '2.6', '0.3', '0.2']",https://movie.douban.com/subject/27011763/,
30419744.0,2019.0,Douban,35231,,,,7.3,春江水暖,,Drama / Family,,"['12.6', '47.5', '34.3', '4.5', '1.1']",https://movie.douban.com/subject/30419744/,
34679722.0,2019.0,Douban,21240,,,,9.4,女人 Woman,,Documentary,,"['74.7', '20.7', '4.0', '0.4', '0.2']",https://movie.douban.com/subject/34679722/,
30329902.0,2019.0,Douban,42435,,,,8.7,青春猪头少年不会梦到怀梦美少女 青春ブタ野郎はゆめみる少女の夢を見ない,,Drama / Romance / Animation,,"['55.8', '29.8', '11.5', '1.9', '1.0']",https://movie.douban.com/subject/30329902/,
26954859.0,2019.0,Douban,140349,,,,7.2,兰心大剧院,,Drama,,"['10.4', '44.1', '38.8', '5.9', '0.7']",https://movie.douban.com/subject/26954859/,
33418361.0,2019.0,Douban,109831,,,,9.0,但是还有书籍,,Documentary,,"['57.1', '35.7', '6.7', '0.4', '0.1']",https://movie.douban.com/subject/33418361/,
34909343.0,2019.0,Douban,11754,,,,7.6,谁偷了我的粉兔子 Als Hitler das rosa Kaninchen stahl,,Drama / History,,"['13.9', '53.9', '29.2', '2.9', '0.1']",https://movie.douban.com/subject/34909343/,
30174419.0,2019.0,Douban,39742,,,,9.3,冰海战记 ヴィンランド・サガ,,Drama / Animation,,"['74.2', '19.2', '4.8', '1.0', '0.8']",https://movie.douban.com/subject/30174419/,
30272753.0,2019.0,Douban,12212,,,,6.1,宝可梦：超梦的逆袭 进化 劇場版 ポケットモンスター ミュウツーの逆襲 EVOLUTION,,Animation / Fantasy / Adventure,,"['3.8', '19.4', '56.2', '18.0', '2.5']",https://movie.douban.com/subject/30272753/,
34606671.0,2019.0,Douban,6499,,,,7.3,继园台七号 繼園臺七號,,Animation,,"['16.4', '45.2', '29.0', '6.9', '2.4']",https://movie.douban.com/subject/34606671/,
30272986.0,2019.0,Douban,8687,,,,5.3,0.0兆赫 0.0MHz,,Horror,,"['5.2', '8.4', '41.3', '34.5', '10.6']",https://movie.douban.com/subject/30272986/,
27119156.0,2019.0,Douban,308024,,,,8.7,怪奇物语 第三季 Stranger Things Season 3,,Drama / Horror / Fantasy,,"['50.6', '34.9', '12.2', '1.7', '0.5']",https://movie.douban.com/subject/27119156/,
27080653.0,2019.0,Douban,14501,,,,6.0,盾之勇者成名录 盾の勇者の成り上がり,,Animation / Fantasy / Adventure,,"['5.5', '22.3', '47.1', '17.8', '7.4']",https://movie.douban.com/subject/27080653/,
27094895.0,2019.0,Douban,83924,,,,6.0,大明风华,,Drama / Costume,,"['11.0', '18.9', '39.4', '20.6', '10.2']",https://movie.douban.com/subject/27094895/,
30207919.0,2019.0,Douban,40402,,,,6.1,安娜贝尔3：回家 Annabelle Comes Home,,Mystery / Thriller / Horror,,"['8.7', '17.1', '50.6', '19.9', '3.7']",https://movie.douban.com/subject/30207919/,
32567391.0,2019.0,Douban,1184,,,,6.9,逃出危城 Эпидемия,,Sci-Fi,,"['14.7', '33.9', '38.2', '8.7', '4.5']",https://movie.douban.com/subject/32567391/,
26923111.0,2019.0,Douban,11063,,,,7.6,必是天堂 إن شئت كما في السماء,,Comedy,,"['16.9', '50.7', '27.9', '3.7', '0.8']",https://movie.douban.com/subject/26923111/,
34795703.0,2019.0,Douban,16303,,,,9.1,伦敦生活 National Theatre Live: Fleabag,,Comedy,,"['64.6', '27.7', '6.5', '0.7', '0.4']",https://movie.douban.com/subject/34795703/,
30241102.0,2019.0,Douban,64521,,,,8.1,行骗天下JP：浪漫篇 コンフィデンスマンJP,,Comedy / Mystery,,"['30.6', '47.8', '19.6', '1.7', '0.4']",https://movie.douban.com/subject/30241102/,
27062638.0,2019.0,Douban,12045,,,,9.2,吹响悠风号剧场版：誓言的终章 劇場版 響け！ユーフォニアム～誓いのフィナーレ～,,Animation,,"['67.5', '25.4', '6.0', '0.7', '0.4']",https://movie.douban.com/subject/27062638/,
26947951.0,2019.0,Douban,262206,,,,8.6,王国 第一季 킹덤 시즌1,,Drama / Horror / Costume,,"['42.6', '45.1', '11.1', '0.9', '0.3']",https://movie.douban.com/subject/26947951/,
30306756.0,2019.0,Douban,11576,,,,6.9,大饿 大餓,,Drama,,"['10.4', '34.7', '47.7', '6.1', '1.1']",https://movie.douban.com/subject/30306756/,
30454227.0,2019.0,Douban,61112,,,,9.7,摩登家庭 第十一季 Modern Family Season 11,,Comedy / Romance / Homosexual,,"['87.2', '10.5', '2.0', '0.2', '0.1']",https://movie.douban.com/subject/30454227/,
30454230.0,2019.0,Douban,32620,,,,8.2,良医 第三季 The Good Doctor Season 3,,Drama,,"['36.8', '41.9', '18.1', '2.3', '0.8']",https://movie.douban.com/subject/30454230/,
30372448.0,2019.0,Douban,30494,,,,8.2,这个勇者明明超强却过分慎重 慎重勇者～この勇者が俺TUEEEくせに慎重すぎる～,,Animation / Fantasy / Adventure,,"['33.9', '45.5', '17.5', '2.3', '0.8']",https://movie.douban.com/subject/30372448/,
27145024.0,2019.0,Douban,17190,,,,8.9,拳愿阿修罗 ケンガンアシュラ,,Action / Animation / Sport,,"['54.9', '35.2', '8.5', '1.0', '0.5']",https://movie.douban.com/subject/27145024/,
30143333.0,2019.0,Douban,87261,,,,8.3,我的一级兄弟 나의 특별한 형제,,Comedy,,"['32.8', '50.3', '15.7', '0.9', '0.3']",https://movie.douban.com/subject/30143333/,
30143336.0,2019.0,Douban,59204,,,,7.3,灯塔 The Lighthouse,,Horror / Fantasy,,"['16.5', '43.3', '32.5', '5.8', '1.9']",https://movie.douban.com/subject/30143336/,
30307197.0,2019.0,Douban,26782,,,,6.5,星之彩 Color Out of Space,,Sci-Fi / Horror,,"['9.3', '28.4', '45.0', '14.0', '3.3']",https://movie.douban.com/subject/30307197/,
30290826.0,2019.0,Douban,11110,,,,8.2,命运/冠位指定 绝对魔兽战线巴比伦尼亚 Fate/Grand Order -絶対魔獣戦線バビロニア-,,Drama / Animation / Fantasy,,"['39.3', '38.0', '17.3', '3.6', '1.7']",https://movie.douban.com/subject/30290826/,
30299311.0,2019.0,Douban,223468,,,,6.5,受益人,,Drama / Comedy / Romance,,"['5.3', '28.0', '54.7', '10.7', '1.3']",https://movie.douban.com/subject/30299311/,
30299356.0,2019.0,Douban,60451,,,,6.2,友情以上 ระวัง..สิ้นสุดทางเพื่อน,,Comedy / Romance,,"['5.4', '22.0', '52.8', '17.0', '2.8']",https://movie.douban.com/subject/30299356/,
30274839.0,2019.0,Douban,17656,,,,5.8,丧尸未逝 The Dead Don't Die,,Comedy / Horror,,"['5.1', '17.8', '44.5', '24.9', '7.7']",https://movie.douban.com/subject/30274839/,
27153693.0,2019.0,Douban,37089,,,,8.1,浪客行 배가본드,,Action / Romance / Thriller,,"['35.1', '39.9', '20.3', '3.5', '1.2']",https://movie.douban.com/subject/27153693/,
26637615.0,2019.0,Douban,59807,,,,7.5,猎魔人 第一季 The Witcher Season 1,,Action / Fantasy / Adventure,,"['22.2', '40.1', '29.0', '6.5', '2.2']",https://movie.douban.com/subject/26637615/,
35288417.0,2019.0,Douban,1732,,,,6.3,曼德拉效应 The Mandela Effect,,Drama / Thriller,,"['7.5', '20.5', '54.9', '13.8', '3.2']",https://movie.douban.com/subject/35288417/,
1428602.0,2005.0,Douban,162416,,,,7.7,杀破狼 殺破狼,,Drama / Action / Crime,,"['20.0', '47.6', '29.3', '2.7', '0.5']",https://movie.douban.com/subject/1428602/,
1437109.0,2005.0,Douban,127121,,,,7.6,黑暗侵袭 The Descent,,Thriller / Horror / Adventure,,"['19.8', '45.7', '29.8', '3.9', '0.8']",https://movie.douban.com/subject/1437109/,
2212901.0,2005.0,Douban,38753,,,,8.4,平凡岁月的魅力 The Magic of Ordinary Days,,Drama / Romance,,"['39.1', '44.6', '14.6', '1.1', '0.5']",https://movie.douban.com/subject/2212901/,
1309044.0,2005.0,Douban,100699,,,,6.7,世界之战 War of the Worlds,,Sci-Fi / Thriller / Adventure,,"['9.7', '30.3', '48.1', '10.0', '1.9']",https://movie.douban.com/subject/1309044/,
1309027.0,2005.0,Douban,213504,,,,8.4,罪恶之城 Sin City,,Action / Thriller / Crime,,"['42.4', '40.1', '14.9', '1.9', '0.6']",https://movie.douban.com/subject/1309027/,
1309199.0,2005.0,Douban,564603,,,,7.8,史密斯夫妇 Mr. & Mrs. Smith,,Comedy / Action / Romance,,"['22.7', '49.3', '25.8', '1.8', '0.3']",https://movie.douban.com/subject/1309199/,
1438041.0,2005.0,Douban,38475,,,,7.4,求求你，表扬我,,Comedy,,"['15.8', '42.5', '36.0', '4.8', '0.9']",https://movie.douban.com/subject/1438041/,
1309021.0,2005.0,Douban,275717,,,,8.1,康斯坦丁 Constantine,,Action / Thriller / Fantasy,,"['29.7', '47.5', '20.8', '1.7', '0.3']",https://movie.douban.com/subject/1309021/,
1309043.0,2005.0,Douban,333333,,,,8.0,金刚 King Kong,,Action / Fantasy / Adventure,,"['26.6', '49.8', '22.0', '1.4', '0.2']",https://movie.douban.com/subject/1309043/,
1438338.0,2005.0,Douban,49775,,,,7.9,慕尼黑 Munich,,Drama / Action / Thriller / History,,"['21.3', '53.0', '23.3', '1.9', '0.5']",https://movie.douban.com/subject/1438338/,
1756057.0,2005.0,Douban,9830,,,,8.4,静静的嘛呢石,,Drama,,"['35.1', '52.6', '11.6', '0.6', '0.2']",https://movie.douban.com/subject/1756057/,
1433577.0,2005.0,Douban,203691,,,,8.1,赛末点 Match Point,,Drama / Romance / Mystery / Crime,,"['27.2', '52.6', '18.6', '1.3', '0.3']",https://movie.douban.com/subject/1433577/,
1456197.0,2005.0,Douban,64363,,,,6.9,人皮客栈 Hostel,,Horror,,"['11.8', '31.6', '47.0', '8.1', '1.5']",https://movie.douban.com/subject/1456197/,
1431755.0,2005.0,Douban,25767,,,,6.2,粉红色高跟鞋 분홍신,,Mystery / Thriller / Horror,,"['6.3', '19.9', '55.7', '15.5', '2.5']",https://movie.douban.com/subject/1431755/,
2210031.0,2005.0,Douban,420707,,,,9.1,仙剑奇侠传,,Romance / Fantasy / Chinese swordplay / Costume,,"['67.2', '25.4', '5.7', '0.8', '0.9']",https://movie.douban.com/subject/2210031/,
1309004.0,2005.0,Douban,147639,,,,8.2,孔雀,,Drama / Family,,"['30.6', '50.2', '17.7', '1.3', '0.3']",https://movie.douban.com/subject/1309004/,
1307023.0,2005.0,Douban,296823,,,,7.0,神话,,Drama / Comedy / Action / Fantasy / Adventure,,"['15.5', '31.4', '43.6', '8.2', '1.4']",https://movie.douban.com/subject/1307023/,
2357713.0,2005.0,Douban,109074,,,,7.8,名侦探柯南：水平线上的阴谋 名探偵コナン 水平線上の陰謀,,Animation / Mystery,,"['23.0', '46.6', '27.8', '2.3', '0.3']",https://movie.douban.com/subject/2357713/,
1419969.0,2005.0,Douban,226324,,,,5.5,无极,,Drama / Action / Fantasy,,"['8.5', '15.0', '33.9', '26.0', '16.6']",https://movie.douban.com/subject/1419969/,
1422089.0,2005.0,Douban,30415,,,,6.7,外出 외출,,Drama / Romance,,"['10.0', '27.6', '51.6', '9.4', '1.4']",https://movie.douban.com/subject/1422089/,
1395776.0,2005.0,Douban,137637,,,,7.3,逃出克隆岛 The Island,,Action / Sci-Fi,,"['12.6', '43.8', '39.5', '3.7', '0.4']",https://movie.douban.com/subject/1395776/,
1484091.0,2005.0,Douban,229940,,,,7.5,水果硬糖 Hard Candy,,Drama / Thriller / Crime,,"['17.6', '46.3', '31.3', '3.8', '1.0']",https://movie.douban.com/subject/1484091/,
1309017.0,2005.0,Douban,62704,,,,8.6,卡特教练 Coach Carter,,Drama / Sport,,"['41.5', '47.2', '10.7', '0.5', '0.1']",https://movie.douban.com/subject/1309017/,
2085020.0,2005.0,Douban,235319,,,,9.0,恶作剧之吻 惡作劇之吻,,Comedy / Romance,,"['61.2', '28.3', '8.8', '1.2', '0.6']",https://movie.douban.com/subject/2085020/,
1309032.0,2005.0,Douban,24104,,,,6.6,鬼哭神嚎 The Amityville Horror,,Drama / Mystery / Thriller / Horror,,"['7.3', '25.7', '56.0', '9.6', '1.5']",https://movie.douban.com/subject/1309032/,
1309059.0,2005.0,Douban,310090,,,,7.6,艺伎回忆录 Memoirs of a Geisha,,Drama / Romance,,"['20.5', '45.3', '30.2', '3.4', '0.6']",https://movie.douban.com/subject/1309059/,
1309078.0,2005.0,Douban,119124,,,,8.5,星球大战前传3：西斯的反击 Star Wars: Episode III - Revenge of the Sith,,Action / Sci-Fi / Fantasy / Adventure,,"['42.3', '43.1', '13.2', '1.1', '0.3']",https://movie.douban.com/subject/1309078/,
1421809.0,2005.0,Douban,108372,,,,7.6,最好的时光 最好的時光,,Drama / Romance,,"['18.7', '47.4', '30.4', '2.9', '0.5']",https://movie.douban.com/subject/1421809/,
1432180.0,2005.0,Douban,83856,,,,7.5,生死停留 Stay,,Drama / Mystery / Thriller,,"['18.0', '46.3', '30.9', '3.9', '0.9']",https://movie.douban.com/subject/1432180/,
1756073.0,2005.0,Douban,129315,,,,8.8,我们俩,,Drama,,"['50.1', '39.9', '9.2', '0.6', '0.2']",https://movie.douban.com/subject/1756073/,
2254648.0,2005.0,Douban,293336,,,,9.5,亮剑,,Drama / War,,"['78.8', '17.7', '2.8', '0.3', '0.4']",https://movie.douban.com/subject/2254648/,
1419297.0,2005.0,Douban,287424,,,,9.4,越狱 第一季 Prison Break Season 1,,Drama / Action / Thriller / Crime,,"['76.1', '20.0', '3.5', '0.3', '0.1']",https://movie.douban.com/subject/1419297/,
1419584.0,2005.0,Douban,4967,,,,6.4,龙咁威2 龍咁威2之皇母娘娘呢,,Drama / Comedy / Action / Romance,,"['11.2', '20.7', '50.0', '14.5', '3.5']",https://movie.douban.com/subject/1419584/,
1308995.0,2005.0,Douban,85612,,,,7.5,捉迷藏 Hide and Seek,,Mystery / Horror,,"['14.9', '47.5', '34.2', '3.0', '0.4']",https://movie.douban.com/subject/1308995/,
1427834.0,2005.0,Douban,46561,,,,6.5,童梦奇缘,,Drama / Comedy / Sci-Fi / Fantasy,,"['7.4', '25.7', '55.2', '10.3', '1.4']",https://movie.douban.com/subject/1427834/,
1427862.0,2005.0,Douban,1596,,,,7.3,职场杀手 Le couperet,,Drama / Comedy / Thriller / Crime,,"['13.4', '42.5', '39.3', '3.7', '1.1']",https://movie.douban.com/subject/1427862/,
1470921.0,2005.0,Douban,2425,,,,8.2,小黄狗的窝 Die Höhle des gelben Hundes,,Drama,,"['32.9', '47.4', '17.0', '1.7', '1.0']",https://movie.douban.com/subject/1470921/,
1510114.0,2005.0,Douban,10523,,,,6.2,爱我多深 Combien tu m'aimes,,Drama / Comedy / Romance,,"['8.3', '17.3', '52.6', '18.3', '3.5']",https://movie.douban.com/subject/1510114/,
11500277.0,2005.0,Douban,255,,,,7.2,末代防雹师,,Documentary / Short,,"['14.4', '35.9', '44.2', '5.0', '0.6']",https://movie.douban.com/subject/11500277/,
1418070.0,2005.0,Douban,259866,,,,7.7,如果·爱,,Drama / Romance / Musical,,"['23.1', '44.9', '28.6', '3.0', '0.5']",https://movie.douban.com/subject/1418070/,
1424218.0,2005.0,Douban,37045,,,,7.5,锅盖头 Jarhead,,Drama / Biography / War,,"['15.6', '48.4', '32.8', '2.8', '0.5']",https://movie.douban.com/subject/1424218/,
1442700.0,2005.0,Douban,8240,,,,7.2,双面北野武 Takeshis',,Drama / Comedy,,"['16.3', '37.9', '38.3', '6.2', '1.3']",https://movie.douban.com/subject/1442700/,
1418194.0,2005.0,Douban,45671,,,,8.0,雾都孤儿 Oliver Twist,,Drama / Family,,"['24.3', '53.8', '20.5', '1.1', '0.2']",https://movie.douban.com/subject/1418194/,
1477894.0,2005.0,Douban,183378,,,,8.6,我叫金三顺 내 이름은 김삼순,,Drama / Comedy / Romance,,"['46.4', '39.7', '12.8', '0.9', '0.3']",https://movie.douban.com/subject/1477894/,
1424661.0,2005.0,Douban,10314,,,,5.9,狼溪 Wolf Creek,,Thriller / Horror,,"['6.9', '15.8', '50.2', '21.8', '5.3']",https://movie.douban.com/subject/1424661/,
1437128.0,2005.0,Douban,16538,,,,7.0,转轮手枪 Revolver,,Drama / Action / Mystery / Thriller / Crime,,"['15.8', '33.9', '38.6', '9.2', '2.5']",https://movie.douban.com/subject/1437128/,
1394424.0,2005.0,Douban,60341,,,,7.6,弓 활,,Drama / Romance / Eroticism,,"['20.8', '44.0', '29.1', '4.5', '1.7']",https://movie.douban.com/subject/1394424/,
1853181.0,2005.0,Douban,8254,,,,6.2,兽餐 Feast,,Comedy / Action / Thriller / Horror,,"['8.7', '20.4', '49.7', '16.4', '4.8']",https://movie.douban.com/subject/1853181/,
1419416.0,2005.0,Douban,56710,,,,5.7,喜马拉亚星,,Drama / Comedy,,"['7.6', '15.6', '42.3', '25.3', '9.2']",https://movie.douban.com/subject/1419416/,
1309060.0,2005.0,Douban,401547,,,,8.3,僵尸新娘 Corpse Bride,,Drama / Animation / Fantasy,,"['34.4', '48.3', '16.2', '1.0', '0.1']",https://movie.douban.com/subject/1309060/,
1800597.0,2005.0,Douban,105901,,,,9.4,虫师 蟲師,,Drama / Animation / Mystery / Thriller / Horror / Fantasy,,"['76.8', '18.5', '4.1', '0.4', '0.2']",https://movie.douban.com/subject/1800597/,
1790373.0,2005.0,Douban,142949,,,,8.3,我的女孩 마이걸,,Comedy / Romance,,"['35.8', '43.6', '18.8', '1.4', '0.3']",https://movie.douban.com/subject/1790373/,
1401383.0,2005.0,Douban,18446,,,,7.3,甜蜜的人生 달콤한 인생,,Drama / Action / Thriller / Crime,,"['16.9', '40.5', '35.9', '5.5', '1.3']",https://movie.douban.com/subject/1401383/,
1763905.0,2005.0,Douban,14470,,,,8.8,我是 Jestem,,Drama,,"['53.1', '34.7', '10.7', '1.1', '0.4']",https://movie.douban.com/subject/1763905/,
1428067.0,2005.0,Douban,5351,,,,8.0,川流熙攘 Hustle & Flow,,Drama / Music / Crime,,"['29.1', '47.1', '20.5', '2.4', '0.8']",https://movie.douban.com/subject/1428067/,
1776264.0,2005.0,Douban,4437,,,,8.6,冯齐的忏悔,,Drama / Romance,,"['48.1', '37.8', '12.2', '1.2', '0.6']",https://movie.douban.com/subject/1776264/,
1866462.0,2005.0,Douban,41388,,,,7.5,恶魔的艺术2：邪降 ลองของ,,Horror / Fantasy,,"['18.4', '44.2', '31.9', '4.4', '1.2']",https://movie.douban.com/subject/1866462/,
1422098.0,2005.0,Douban,9616,,,,7.8,鬼语者 第一季 Ghost Whisperer Season 1,,Drama / Fantasy,,"['24.3', '45.8', '27.1', '2.4', '0.5']",https://movie.douban.com/subject/1422098/,
2239292.0,2005.0,Douban,133972,,,,9.3,大宋提刑官,,Drama / Mystery / History / Costume,,"['71.6', '23.5', '4.2', '0.5', '0.3']",https://movie.douban.com/subject/2239292/,
2284418.0,2005.0,Douban,117936,,,,7.8,小鱼儿与花无缺 小魚兒與花無缺,,Chinese swordplay / Costume,,"['25.7', '43.9', '25.8', '3.6', '1.0']",https://movie.douban.com/subject/2284418/,
2159568.0,2005.0,Douban,13055,,,,9.4,办公室 第二季 The Office Season 2,,Drama / Comedy,,"['74.5', '21.4', '3.5', '0.3', '0.2']",https://movie.douban.com/subject/2159568/,
1438708.0,2005.0,Douban,14825,,,,6.8,无穷动,,Drama,,"['12.7', '32.5', '39.9', '11.0', '3.8']",https://movie.douban.com/subject/1438708/,
35924997.0,2005.0,Douban,868,,,,9.1,代价,,Documentary,,"['63.3', '29.0', '6.4', '0.8', '0.6']",https://movie.douban.com/subject/35924997/,
1948506.0,2005.0,Douban,6588,,,,8.2,精灵宝可梦：梦幻与波导的勇者 路卡利欧 劇場版ポケットモンスターアドバンスジェネレーション ミュウと波導の勇者 ルカリオ,,Action / Animation / Family / Fantasy / Adventure,,"['34.0', '44.4', '19.6', '1.7', '0.3']",https://movie.douban.com/subject/1948506/,
1807495.0,2005.0,Douban,16329,,,,8.0,夏日时光机 サマータイムマシン・ブルース,,Comedy / Sci-Fi,,"['26.8', '49.0', '21.9', '1.8', '0.6']",https://movie.douban.com/subject/1807495/,
2030778.0,2005.0,Douban,85457,,,,8.0,豪杰春香 쾌걸춘향,,Comedy / Romance,,"['30.6', '42.6', '24.3', '2.1', '0.4']",https://movie.douban.com/subject/2030778/,
1776964.0,2005.0,Douban,13797,,,,8.2,何时是读书天 いつか読書する日,,Drama / Romance,,"['32.6', '49.5', '16.1', '1.4', '0.4']",https://movie.douban.com/subject/1776964/,
1412579.0,2005.0,Douban,198976,,,,7.6,亲切的金子 친절한 금자씨,,Drama / Thriller / Crime,,"['19.5', '47.5', '29.5', '3.0', '0.6']",https://movie.douban.com/subject/1412579/,
1310185.0,2005.0,Douban,50152,,,,6.6,三岔口,,Drama / Action / Crime,,"['6.3', '26.5', '57.2', '8.8', '1.2']",https://movie.douban.com/subject/1310185/,
1419953.0,2005.0,Douban,19724,,,,6.9,逃之夭夭 Anthony Zimmer,,Drama / Romance / Thriller / Crime,,"['9.7', '33.4', '48.9', '7.1', '0.9']",https://movie.douban.com/subject/1419953/,
1422909.0,2005.0,Douban,40960,,,,7.2,新抢钱夫妻 Fun with Dick and Jane,,Comedy / Crime,,"['12.4', '38.2', '44.5', '4.4', '0.5']",https://movie.douban.com/subject/1422909/,
1463879.0,2005.0,Douban,53085,,,,8.7,邪恶力量 第一季 Supernatural Season 1,,Drama / Mystery / Thriller / Horror / Fantasy,,"['50.2', '36.4', '11.8', '1.2', '0.4']",https://movie.douban.com/subject/1463879/,
1830586.0,2005.0,Douban,102594,,,,8.4,天下第一,,Action / Romance / Costume,,"['39.6', '44.4', '14.4', '1.3', '0.4']",https://movie.douban.com/subject/1830586/,
1417051.0,2005.0,Douban,107896,,,,9.0,指匠情挑 Fingersmith,,Drama / Romance / Homosexual / Crime,,"['58.1', '34.1', '7.2', '0.5', '0.1']",https://movie.douban.com/subject/1417051/,
1759288.0,2005.0,Douban,4049,,,,6.9,怪谈新耳袋：幽灵公寓 怪談新耳袋 劇場版 幽霊マンション,,Horror,,"['11.0', '32.6', '48.0', '6.8', '1.5']",https://movie.douban.com/subject/1759288/,
3993711.0,2005.0,Douban,2607,,,,8.9,海军罪案调查处 第三季 NCIS: Naval Criminal Investigative Service Season 3,,Drama / Comedy / Action / Mystery / Thriller / Crime,,"['58.3', '32.6', '7.8', '0.7', '0.6']",https://movie.douban.com/subject/3993711/,
1478851.0,2005.0,Douban,3610,,,,6.4,脆弱 Frágiles,,Thriller / Horror,,"['7.6', '22.2', '53.6', '13.6', '3.0']",https://movie.douban.com/subject/1478851/,
1812676.0,2005.0,Douban,555,,,,6.1,邪恶外星人 Evil Aliens,,Comedy / Sci-Fi / Horror,,"['21.0', '15.9', '27.2', '18.4', '17.5']",https://movie.douban.com/subject/1812676/,
1308993.0,2005.0,Douban,19935,,,,7.3,灵幻夹克 The Jacket,,Drama / Sci-Fi / Mystery / Thriller,,"['15.0', '42.5', '37.7', '4.1', '0.7']",https://movie.douban.com/subject/1308993/,
1309020.0,2005.0,Douban,116721,,,,7.5,全民情敌 Hitch,,Comedy / Romance,,"['15.5', '48.6', '33.6', '2.1', '0.2']",https://movie.douban.com/subject/1309020/,
1427819.0,2005.0,Douban,29384,,,,8.7,识骨寻踪 第一季 Bones Season 1,,Drama / Romance / Mystery / Crime,,"['49.6', '38.2', '10.7', '1.2', '0.3']",https://movie.douban.com/subject/1427819/,
1309051.0,2005.0,Douban,28238,,,,6.8,红眼航班 Red Eye,,Thriller,,"['8.2', '33.9', '50.9', '6.2', '0.8']",https://movie.douban.com/subject/1309051/,
1915312.0,2005.0,Douban,121173,,,,8.9,龙樱 ドラゴン桜,,Drama,,"['53.4', '36.5', '9.4', '0.6', '0.1']",https://movie.douban.com/subject/1915312/,
1421823.0,2005.0,Douban,135066,,,,7.8,娜娜 Nana,,Drama / Music,,"['25.2', '44.4', '26.7', '3.1', '0.5']",https://movie.douban.com/subject/1421823/,
1309200.0,2005.0,Douban,32710,,,,6.7,绝密飞行 Stealth,,Action / Sci-Fi / Adventure,,"['8.9', '30.8', '50.5', '8.2', '1.6']",https://movie.douban.com/subject/1309200/,
1309211.0,2005.0,Douban,27587,,,,6.4,狼犬丹尼 Unleashed,,Drama / Action / Crime,,"['8.1', '23.0', '53.9', '12.4', '2.5']",https://movie.douban.com/subject/1309211/,
1309217.0,2005.0,Douban,25285,,,,6.5,见鬼十法 見鬼10,,Comedy / Thriller / Horror,,"['8.7', '26.1', '50.5', '12.3', '2.4']",https://movie.douban.com/subject/1309217/,
1309218.0,2005.0,Douban,7774,,,,7.0,最后的日子 Last Days,,Drama / Music / Biography,,"['15.3', '34.2', '39.4', '8.4', '2.6']",https://movie.douban.com/subject/1309218/,
1468983.0,2005.0,Douban,11060,,,,7.9,翼·年代记 ツバサ・クロニクル,,Drama / Action / Romance / Animation / Fantasy / Adventure,,"['30.0', '41.1', '25.2', '3.0', '0.6']",https://movie.douban.com/subject/1468983/,
2046530.0,2005.0,Douban,4652,,,,9.4,变身侠阿奔 第一季 Ben 10 Season 1,,Action / Sci-Fi / Animation / Family / Adventure,,"['78.4', '16.6', '4.1', '0.4', '0.5']",https://movie.douban.com/subject/2046530/,
1464907.0,2005.0,Douban,9233,,,,7.3,黑帮暴徒 Tsotsi,,Drama / Crime,,"['13.9', '42.8', '38.0', '4.6', '0.7']",https://movie.douban.com/subject/1464907/,
1419856.0,2005.0,Douban,31789,,,,7.9,不朽的园丁 The Constant Gardener,,Drama / Mystery / Thriller,,"['23.6', '50.5', '23.5', '2.0', '0.5']",https://movie.douban.com/subject/1419856/,
1421976.0,2005.0,Douban,19049,,,,7.3,宛如天堂 Just Like Heaven,,Comedy / Romance / Fantasy,,"['13.8', '40.4', '41.9', '3.4', '0.4']",https://movie.douban.com/subject/1421976/,
1419934.0,2005.0,Douban,38469,,,,7.1,空中危机 Flightplan,,Drama / Mystery / Thriller,,"['11.1', '39.7', '44.1', '4.6', '0.6']",https://movie.douban.com/subject/1419934/,
1860257.0,2005.0,Douban,10729,,,,7.7,机器人9号(短片) 9,,Sci-Fi / Animation / Short,,"['20.7', '48.4', '28.5', '2.1', '0.3']",https://movie.douban.com/subject/1860257/,
1979068.0,2005.0,Douban,21648,,,,7.2,灵异咒 ノロイ,,Horror,,"['17.3', '38.9', '34.1', '7.5', '2.2']",https://movie.douban.com/subject/1979068/,
10529476.0,2005.0,Douban,22381,,,,8.6,办公室 第一季 The Office Season 1,,Drama / Comedy,,"['48.5', '36.2', '12.8', '1.7', '0.7']",https://movie.douban.com/subject/10529476/,
1419992.0,2005.0,Douban,7908,,,,7.4,潮涨海岸 Tideland,,Drama / Horror / Fantasy,,"['21.7', '36.5', '32.8', '7.1', '1.9']",https://movie.douban.com/subject/1419992/,
1395459.0,2005.0,Douban,12152,,,,6.8,花腰新娘,,Romance,,"['8.4', '33.0', '50.0', '7.4', '1.2']",https://movie.douban.com/subject/1395459/,
2259815.0,2005.0,Douban,21271,,,,9.5,生存之民工,,Drama,,"['81.2', '15.6', '2.4', '0.4', '0.4']",https://movie.douban.com/subject/2259815/,
1997681.0,2005.0,Douban,37120,,,,7.1,心急吃不了热豆腐,,Comedy,,"['11.7', '38.2', '45.2', '4.2', '0.7']",https://movie.douban.com/subject/1997681/,
1461124.0,2005.0,Douban,18057,,,,7.2,奥罗拉公主 오로라 공주,,Drama / Mystery / Crime,,"['13.1', '40.9', '41.0', '4.3', '0.7']",https://movie.douban.com/subject/1461124/,
2268042.0,2005.0,Douban,5657,,,,8.4,安然：房间里最聪明的人 Enron: The Smartest Guys in the Room,,Documentary,,"['35.4', '49.4', '13.8', '1.0', '0.3']",https://movie.douban.com/subject/2268042/,
3056455.0,2005.0,Douban,12929,,,,7.9,蜡笔小新：呼唤传说！三分钟嘎巴大进攻 伝説を呼ぶ ブリブリ３分ポッキリ大进撃,,Drama / Animation,,"['32.2', '36.6', '26.6', '3.8', '0.7']",https://movie.douban.com/subject/3056455/,
3263410.0,2005.0,Douban,14554,,,,7.9,海贼王剧场版6：狂欢男爵和神秘岛 ONE PIECE THE MOVIE オマツリ男爵と秘密の島,,Drama / Comedy / Action / Animation / Mystery,,"['29.2', '42.1', '24.5', '3.2', '1.1']",https://movie.douban.com/subject/3263410/,
1463224.0,2005.0,Douban,42891,,,,8.8,永远的三丁目的夕阳 ALWAYS 三丁目の夕日,,Drama / Family,,"['51.7', '37.8', '9.4', '0.8', '0.2']",https://movie.douban.com/subject/1463224/,
1432509.0,2005.0,Douban,10885,,,,7.7,电影往事,,Drama / Family / Children,,"['24.9', '45.6', '23.5', '3.4', '2.6']",https://movie.douban.com/subject/1432509/,
1764361.0,2005.0,Douban,14063,,,,8.7,四月一日灵异事件簿剧场版：仲夏夜之梦 劇場版xxxHOLiC 真夏ノ夜ノ夢,,Animation,,"['49.7', '37.7', '11.9', '0.6', '0.2']",https://movie.douban.com/subject/1764361/,
1793200.0,2005.0,Douban,21134,,,,8.9,我的父亲，我的儿子 Babam ve Oğlum,,Drama / Family,,"['56.6', '33.1', '8.9', '1.0', '0.3']",https://movie.douban.com/subject/1793200/,
2262119.0,2005.0,Douban,41597,,,,8.2,聊斋志异,,Drama / Fantasy / Costume,,"['32.2', '47.2', '18.5', '1.4', '0.7']",https://movie.douban.com/subject/2262119/,
2006172.0,2005.0,Douban,10342,,,,6.9,太行山上,,History / War,,"['14.9', '32.5', '41.3', '7.8', '3.5']",https://movie.douban.com/subject/2006172/,
1459368.0,2005.0,Douban,65251,,,,7.7,悲伤电影 새드무비,,Drama / Romance,,"['21.4', '46.1', '29.5', '2.7', '0.3']",https://movie.douban.com/subject/1459368/,
1436846.0,2005.0,Douban,30415,,,,7.5,驱魔 The Exorcism of Emily Rose,,Drama / Thriller / Horror / Crime,,"['17.3', '46.3', '32.1', '3.5', '0.9']",https://movie.douban.com/subject/1436846/,
2362553.0,2005.0,Douban,2804,,,,8.4,"枪炮病菌与钢铁 Guns, Germs, and Steel",,Documentary / History,,"['39.6', '44.8', '13.7', '1.3', '0.6']",https://movie.douban.com/subject/2362553/,
1436891.0,2005.0,Douban,9618,,,,7.3,大偷袭 The Great Raid,,Drama / Action / War,,"['13.2', '41.4', '41.1', '3.7', '0.7']",https://movie.douban.com/subject/1436891/,
1416435.0,2005.0,Douban,21993,,,,7.7,破碎之花 Broken Flowers,,Drama / Comedy / Romance / Mystery,,"['17.8', '52.0', '27.3', '2.4', '0.5']",https://movie.douban.com/subject/1416435/,
3191189.0,2005.0,Douban,1008,,,,8.0,鲁邦三世：天使的策略～梦的碎片是杀人的香味～ 天使の策略（タクティクス）～夢のカケラは殺しの香り～,,Comedy / Action / Sci-Fi / Animation / Crime / Fantasy / Adventure,,"['33.2', '38.9', '24.4', '2.5', '1.0']",https://movie.douban.com/subject/3191189/,
4275579.0,2005.0,Douban,12098,,,,9.3,夺宝幸运星,,Comedy / Animation / Short,,"['71.7', '21.9', '5.5', '0.7', '0.3']",https://movie.douban.com/subject/4275579/,
1428876.0,2005.0,Douban,14893,,,,8.1,决不让步 North Country,,Drama,,"['27.5', '52.1', '18.8', '1.3', '0.3']",https://movie.douban.com/subject/1428876/,
1797519.0,2005.0,Douban,2586,,,,6.7,东京僵尸 東京ゾンビ,,Comedy / Action / Horror,,"['13.7', '29.4', '39.3', '13.0', '4.6']",https://movie.douban.com/subject/1797519/,
2043283.0,2005.0,Douban,108177,,,,8.0,王子变青蛙 王子變靑蛙,,Drama / Comedy / Romance / Musical,,"['33.9', '38.5', '24.0', '2.8', '0.7']",https://movie.douban.com/subject/2043283/,
3286441.0,2005.0,Douban,1822,,,,8.4,白线流：就算过了做梦的时候 白線流し ～夢見る頃を過ぎても,,Drama,,"['46.6', '33.3', '15.2', '3.5', '1.4']",https://movie.douban.com/subject/3286441/,
2301383.0,2005.0,Douban,9033,,,,9.0,24小时 第四季 24 Season 4,,Drama / Action / Mystery / Thriller / Crime,,"['61.6', '30.1', '7.3', '0.6', '0.3']",https://movie.douban.com/subject/2301383/,
1756740.0,2005.0,Douban,5030,,,,6.0,2001个疯子 2001 Maniacs,,Comedy / Horror,,"['7.9', '16.1', '50.4', '19.8', '5.8']",https://movie.douban.com/subject/1756740/,
1422917.0,2005.0,Douban,31827,,,,7.4,暴力史 A History of Violence,,Drama / Action / Thriller / Crime,,"['14.2', '48.4', '33.3', '3.5', '0.7']",https://movie.douban.com/subject/1422917/,
1422922.0,2005.0,Douban,17688,,,,7.7,与歌同行 Walk the Line,,Drama / Romance / Music / Biography,,"['19.9', '49.2', '27.8', '2.6', '0.5']",https://movie.douban.com/subject/1422922/,
1422950.0,2005.0,Douban,43448,,,,7.2,豺狼计划 Cry Wolf,,Mystery / Thriller / Crime,,"['11.5', '43.2', '39.5', '5.0', '0.9']",https://movie.douban.com/subject/1422950/,
1437332.0,2005.0,Douban,6321,,,,6.1,荒岛惊魂 Three,,Drama / Thriller / Horror / Adventure,,"['9.0', '17.1', '50.4', '18.7', '4.7']",https://movie.douban.com/subject/1437332/,
1423031.0,2005.0,Douban,13205,,,,8.1,星际宝贝2：史迪奇有问题 Lilo & Stitch 2: Stitch Has a Glitch,,Comedy / Sci-Fi / Animation / Family,,"['29.9', '45.7', '22.0', '1.9', '0.5']",https://movie.douban.com/subject/1423031/,
1498811.0,2005.0,Douban,39630,,,,8.0,感谢你抽烟 Thank You for Smoking,,Drama / Comedy,,"['25.0', '52.0', '21.1', '1.6', '0.3']",https://movie.douban.com/subject/1498811/,
3882715.0,2006.0,Douban,655065,,,,9.6,武林外传,,Comedy / Chinese swordplay / Costume,,"['84.0', '13.4', '2.2', '0.2', '0.2']",https://movie.douban.com/subject/3882715/,
1439452.0,2005.0,Douban,11172,,,,9.1,故宫,,Documentary,,"['62.8', '30.1', '6.4', '0.5', '0.3']",https://movie.douban.com/subject/1439452/,
1449711.0,2005.0,Douban,20851,,,,8.9,世上最快的印第安摩托 The World's Fastest Indian,,Drama / Biography / Sport,,"['54.3', '37.3', '7.8', '0.5', '0.2']",https://movie.douban.com/subject/1449711/,
10577674.0,2005.0,Douban,1310,,,,9.3,神秘博士2005慈善特辑：帮助儿童 Doctor Who: Children in Need,,Sci-Fi / Short,,"['74.8', '18.7', '4.7', '0.7', '1.1']",https://movie.douban.com/subject/10577674/,
2000675.0,2005.0,Douban,1061,,,,8.6,无米乐 無米樂,,Documentary,,"['45.2', '41.9', '11.9', '0.8', '0.2']",https://movie.douban.com/subject/2000675/,
1779523.0,2005.0,Douban,6586,,,,6.4,梅丽莎 Melissa P.,,Drama,,"['8.9', '22.7', '51.1', '13.6', '3.6']",https://movie.douban.com/subject/1779523/,
1507144.0,2005.0,Douban,4248,,,,6.2,美国怪谈 An American Haunting,,Mystery / Thriller / Horror,,"['6.9', '17.8', '55.3', '17.0', '3.1']",https://movie.douban.com/subject/1507144/,
1322851.0,2005.0,Douban,56623,,,,7.2,青红,,Drama,,"['10.9', '42.2', '42.0', '4.2', '0.7']",https://movie.douban.com/subject/1322851/,
1470346.0,2005.0,Douban,19550,,,,7.1,卡萨诺瓦 Casanova,,Drama / Comedy / Romance / Adventure,,"['11.5', '37.3', '45.2', '5.2', '0.7']",https://movie.douban.com/subject/1470346/,
25761720.0,2005.0,Douban,1258,,,,9.5,俄国人生七年3 Born in the USSR: 21 Up,,Documentary,,"['77.1', '19.6', '2.9', '0.0', '0.4']",https://movie.douban.com/subject/25761720/,
1777620.0,2005.0,Douban,1071,,,,6.3,驱魔人前传 Dominion: Prequel to the Exorcist,,Drama / Thriller / Horror,,"['11.1', '18.0', '49.2', '17.2', '4.6']",https://movie.douban.com/subject/1777620/,
1292267.0,2005.0,Douban,126353,,,,8.1,银河系漫游指南 The Hitchhiker's Guide to the Galaxy,,Comedy / Sci-Fi / Adventure,,"['33.3', '42.9', '19.9', '3.1', '0.8']",https://movie.douban.com/subject/1292267/,
1351675.0,2004.0,Douban,5524,,,,7.8,东尼泷谷 トニー滝谷,,Drama,,"['24.1', '45.4', '25.9', '3.7', '1.0']",https://movie.douban.com/subject/1351675/,
1472510.0,2005.0,Douban,27267,,,,8.1,与女人们的对话 Conversations with Other Women,,Drama / Comedy / Romance,,"['29.9', '49.1', '18.8', '1.7', '0.5']",https://movie.douban.com/subject/1472510/,
1466394.0,2005.0,Douban,94708,,,,7.2,王的男人 왕의남자,,Drama / Homosexual / History,,"['15.6', '35.0', '42.0', '6.2', '1.2']",https://movie.douban.com/subject/1466394/,
2017626.0,2005.0,Douban,19779,,,,7.5,灼眼的夏娜 灼眼のシャナ,,Action / Animation / Adventure,,"['20.5', '41.6', '32.9', '4.2', '0.7']",https://movie.douban.com/subject/2017626/,
2277408.0,2005.0,Douban,781,,,,5.3,白发鬼 白發鬼,,Horror,,"['9.2', '9.2', '34.8', '31.3', '15.6']",https://movie.douban.com/subject/2277408/,
1866075.0,2005.0,Douban,4905,,,,7.6,后革命时代,,Documentary / Music,,"['25.7', '36.5', '30.4', '5.7', '1.7']",https://movie.douban.com/subject/1866075/,
1472559.0,2005.0,Douban,831,,,,7.4,加布里埃尔 Gabrielle,,Drama / Romance,,"['17.9', '42.6', '32.8', '4.9', '1.8']",https://movie.douban.com/subject/1472559/,
1431604.0,2005.0,Douban,5603,,,,8.8,人人都恨克里斯 第一季 Everybody Hates Chris Season 1,,Comedy / Family,,"['51.9', '36.2', '10.5', '1.1', '0.4']",https://movie.douban.com/subject/1431604/,
2357303.0,2005.0,Douban,33916,,,,9.5,福贵,,Drama / Family,,"['80.1', '16.7', '2.5', '0.4', '0.4']",https://movie.douban.com/subject/2357303/,
1440099.0,2005.0,Douban,1210,,,,6.5,挚爱 摯愛,,Romance,,"['9.1', '21.2', '56.3', '11.2', '2.2']",https://movie.douban.com/subject/1440099/,
2078804.0,2005.0,Douban,7926,,,,9.2,攻壳机动队SAC：笑面男 攻殻機動隊 STAND ALONE COMPLEX The Laughing Man,,Animation,,"['68.8', '24.2', '5.9', '0.7', '0.4']",https://movie.douban.com/subject/2078804/,
1417309.0,2005.0,Douban,7514,,,,7.4,剧场前 극장전,,Drama / Romance,,"['16.0', '44.3', '33.8', '4.9', '1.0']",https://movie.douban.com/subject/1417309/,
3636923.0,2005.0,Douban,1256,,,,8.9,映像诗：日本里山神秘水上花园 映像詩 里山 命めぐる水辺,,Documentary,,"['56.9', '32.5', '9.9', '0.2', '0.5']",https://movie.douban.com/subject/3636923/,
2052209.0,2005.0,Douban,4621,,,,9.5,绿日乐队：圣经上的子弹演唱会 Green Day: Bullet in a Bible,,Comedy / Documentary / Music,,"['79.5', '16.7', '3.3', '0.2', '0.3']",https://movie.douban.com/subject/2052209/,
1550450.0,2005.0,Douban,8533,,,,7.0,空中杀阵 Les chevaliers du ciel,,Action / Adventure,,"['12.0', '34.8', '45.2', '6.9', '1.1']",https://movie.douban.com/subject/1550450/,
2357370.0,2005.0,Douban,1066,,,,6.7,一屋两家三姓人,,Romance / Family,,"['8.9', '28.2', '53.1', '8.5', '1.3']",https://movie.douban.com/subject/2357370/,
1473215.0,2004.0,Douban,1523,,,,7.2,井盖儿,,Comedy / Crime,,"['16.2', '35.4', '42.3', '5.3', '1.0']",https://movie.douban.com/subject/1473215/,
1308799.0,2004.0,Douban,143471,,,,7.5,一个陌生女人的来信,,Drama / Romance,,"['19.6', '43.8', '31.7', '4.0', '0.9']",https://movie.douban.com/subject/1308799/,
1427816.0,2005.0,Douban,105162,,,,9.2,犯罪心理 第一季 Criminal Minds Season 1,,Drama / Mystery / Thriller / Crime,,"['66.8', '27.9', '4.7', '0.4', '0.2']",https://movie.douban.com/subject/1427816/,
1309035.0,2005.0,Douban,20814,,,,6.7,战鸽总动员 Valiant,,Comedy / Animation / Family / War / Adventure,,"['7.5', '29.4', '55.1', '7.0', '0.9']",https://movie.douban.com/subject/1309035/,
2287748.0,2005.0,Douban,9327,,,,6.8,老婆大人,,Drama,,"['9.8', '28.8', '54.5', '6.0', '1.0']",https://movie.douban.com/subject/2287748/,
1439890.0,2005.0,Douban,135279,,,,5.5,情癫大圣,,Drama / Comedy / Action / Romance / Fantasy,,"['5.1', '13.8', '43.1', '28.7', '9.3']",https://movie.douban.com/subject/1439890/,
1423043.0,2005.0,Douban,54036,,,,8.0,京华烟云,,Drama / Romance / Family / War,,"['25.0', '52.2', '19.9', '1.9', '0.9']",https://movie.douban.com/subject/1423043/,
4296852.0,2005.0,Douban,9712,,,,8.9,神秘博士：圣诞入侵 Doctor Who Christmas Invasion,,Sci-Fi / Thriller,,"['58.9', '30.5', '9.5', '0.6', '0.4']",https://movie.douban.com/subject/4296852/,
1470619.0,2005.0,Douban,3383,,,,8.4,荒凉山庄 Bleak House,,Drama,,"['37.6', '46.9', '14.3', '0.9', '0.3']",https://movie.douban.com/subject/1470619/,
1796255.0,2005.0,Douban,10434,,,,7.7,乌龟意外之速游 亀は意外と速く泳ぐ,,Comedy,,"['21.3', '44.3', '30.6', '3.2', '0.5']",https://movie.douban.com/subject/1796255/,
2036600.0,2005.0,Douban,810,,,,8.7,明星伙伴 第二季 Entourage Season 2,,Drama,,"['49.5', '39.3', '10.1', '0.5', '0.5']",https://movie.douban.com/subject/2036600/,
2173112.0,2005.0,Douban,21058,,,,9.3,虎与龙 タイガー&ドラゴン,,Drama / Comedy,,"['72.6', '21.2', '5.2', '0.7', '0.4']",https://movie.douban.com/subject/2173112/,
1788094.0,2005.0,Douban,9839,,,,6.8,轮回 輪廻,,Mystery / Horror,,"['10.6', '31.2', '47.4', '9.4', '1.4']",https://movie.douban.com/subject/1788094/,
1437898.0,2005.0,Douban,1108,,,,5.3,丧尸出笼2：病毒 Day of the Dead 2: Contagium,,Horror,,"['6.4', '9.1', '42.5', '27.1', '14.8']",https://movie.douban.com/subject/1437898/,
36219087.0,2024.0,Douban,15320,,,,8.5,诛仙 第二季,,Action / Animation / Fantasy / Chinese swordplay / Costume,,"['47.0', '35.3', '14.5', '2.4', '0.8']",https://movie.douban.com/subject/36219087/,
1437909.0,2005.0,Douban,5872,,,,8.2,梦想奔驰 Dreamer: Inspired by a True Story,,Drama / Family / Sport,,"['30.4', '48.9', '19.2', '1.2', '0.3']",https://movie.douban.com/subject/1437909/,
2162905.0,2005.0,Douban,31550,,,,7.6,终极一班 終極一班,,Drama / Comedy / Action / Sci-Fi,,"['26.5', '36.8', '30.0', '4.9', '1.8']",https://movie.douban.com/subject/2162905/,
1482029.0,2006.0,Douban,7240,,,,6.1,凶兆 The Omen,,Thriller / Horror,,"['6.2', '18.6', '55.4', '16.2', '3.7']",https://movie.douban.com/subject/1482029/,
1767042.0,2006.0,Douban,263159,,,,7.9,潘神的迷宫 El laberinto del fauno,,Drama / War / Fantasy,,"['25.6', '47.3', '24.0', '2.7', '0.5']",https://movie.douban.com/subject/1767042/,
1790577.0,2006.0,Douban,151980,,,,8.3,放·逐,,Thriller / Crime,,"['35.0', '46.2', '16.7', '1.7', '0.4']",https://movie.douban.com/subject/1790577/,
1428878.0,2006.0,Douban,225467,,,,8.2,赛车总动员 Cars,,Comedy / Animation / Adventure,,"['31.6', '48.1', '19.0', '1.2', '0.2']",https://movie.douban.com/subject/1428878/,
1848925.0,2006.0,Douban,71051,,,,8.5,恶童 鉄コン筋クリート,,Action / Animation / Crime / Adventure,,"['45.4', '37.4', '14.5', '2.1', '0.6']",https://movie.douban.com/subject/1848925/,
1462631.0,2006.0,Douban,49359,,,,8.4,最后的假期 Last Holiday,,Drama / Comedy / Adventure,,"['37.2', '45.8', '15.7', '1.1', '0.2']",https://movie.douban.com/subject/1462631/,
1827955.0,2006.0,Douban,122418,,,,8.0,名侦探柯南：侦探们的镇魂歌 名探偵コナン 探偵たちの鎮魂歌,,Animation / Mystery,,"['27.0', '47.4', '23.4', '1.9', '0.3']",https://movie.douban.com/subject/1827955/,
1922656.0,2006.0,Douban,116434,,,,8.8,法证先锋 法證先鋒,,Drama / Crime,,"['49.7', '42.9', '7.0', '0.3', '0.1']",https://movie.douban.com/subject/1922656/,
1499008.0,2006.0,Douban,285209,,,,5.9,满城尽带黄金甲,,Drama / Action / Romance / Costume,,"['6.6', '16.7', '47.6', '23.2', '5.9']",https://movie.douban.com/subject/1499008/,
1464338.0,2006.0,Douban,71134,,,,6.5,最爱女人购物狂 最愛女人購物狂,,Comedy / Romance,,"['10.2', '24.3', '49.9', '13.0', '2.5']",https://movie.douban.com/subject/1464338/,
1780122.0,2006.0,Douban,30164,,,,8.1,风吹麦浪 The Wind That Shakes the Barley,,Drama / War,,"['28.1', '51.9', '18.3', '1.4', '0.4']",https://movie.douban.com/subject/1780122/,
1315316.0,2006.0,Douban,142688,,,,7.3,无间道风云 The Departed,,Drama / Thriller / Crime,,"['15.4', '43.2', '35.5', '4.7', '1.2']",https://movie.douban.com/subject/1315316/,
1401533.0,2006.0,Douban,223404,,,,7.7,碟中谍3 Mission: Impossible III,,Action / Thriller / Adventure,,"['18.7', '49.0', '30.2', '1.9', '0.2']",https://movie.douban.com/subject/1401533/,
1827713.0,2006.0,Douban,120174,,,,8.1,卑劣的街头 비열한 거리,,Action / Thriller / Crime,,"['26.8', '51.0', '20.7', '1.3', '0.2']",https://movie.douban.com/subject/1827713/,
1789283.0,2006.0,Douban,72972,,,,7.8,时空线索 Deja Vu,,Action / Sci-Fi / Thriller,,"['20.3', '52.4', '25.2', '1.8', '0.3']",https://movie.douban.com/subject/1789283/,
1588945.0,2006.0,Douban,44605,,,,7.9,93航班 United 93,,Drama / Thriller / History,,"['22.7', '51.3', '23.2', '2.2', '0.6']",https://movie.douban.com/subject/1588945/,
2037796.0,2006.0,Douban,146977,,,,7.2,丑女大翻身 미녀는 괴로워,,Comedy / Romance,,"['13.1', '40.1', '42.0', '4.2', '0.6']",https://movie.douban.com/subject/2037796/,
2375707.0,2006.0,Douban,114261,,,,7.8,神雕侠侣,,Chinese swordplay / Costume,,"['31.1', '37.9', '23.6', '4.1', '3.3']",https://movie.douban.com/subject/2375707/,
1917171.0,2006.0,Douban,77379,,,,8.2,硫磺岛的来信 Letters from Iwo Jima,,Drama / History / War,,"['31.0', '50.7', '16.3', '1.3', '0.7']",https://movie.douban.com/subject/1917171/,
1401524.0,2006.0,Douban,246878,,,,7.7,X战警3：背水一战 X-Men: The Last Stand,,Action / Sci-Fi / Thriller,,"['18.3', '49.2', '30.0', '2.2', '0.3']",https://movie.douban.com/subject/1401524/,
1418190.0,2006.0,Douban,208729,,,,7.8,007：大战皇家赌场 Casino Royale,,Drama / Action / Thriller / Adventure,,"['21.4', '48.9', '27.3', '2.1', '0.3']",https://movie.douban.com/subject/1418190/,
1859036.0,2006.0,Douban,465381,,,,7.6,宝贝计划 寶貝計劃,,Drama / Comedy / Action,,"['18.2', '46.0', '32.6', '2.8', '0.4']",https://movie.douban.com/subject/1859036/,
1441238.0,2006.0,Douban,198255,,,,8.3,面纱 The Painted Veil,,Drama / Romance,,"['34.1', '48.9', '15.7', '1.1', '0.2']",https://movie.douban.com/subject/1441238/,
2054070.0,2006.0,Douban,50562,,,,6.9,老师的恩惠 스승의 은혜,,Mystery / Thriller / Horror,,"['9.7', '32.9', '48.8', '7.5', '1.1']",https://movie.douban.com/subject/2054070/,
1453067.0,2006.0,Douban,50207,,,,6.8,隔山有眼 The Hills Have Eyes,,Thriller / Horror,,"['10.3', '30.1', '48.9', '8.8', '1.9']",https://movie.douban.com/subject/1453067/,
1472907.0,2006.0,Douban,10193,,,,7.7,薄暮之光 Laitakaupungin valot,,Drama / Crime,,"['17.7', '52.4', '27.6', '1.9', '0.4']",https://movie.douban.com/subject/1472907/,
1788431.0,2006.0,Douban,26433,,,,6.3,日本沉没 日本沈沒,,Drama / Sci-Fi / Adventure / Disaster,,"['6.4', '23.7', '53.5', '13.6', '2.8']",https://movie.douban.com/subject/1788431/,
1329950.0,2006.0,Douban,265376,,,,7.5,达·芬奇密码 The Da Vinci Code,,Mystery / Thriller,,"['16.8', '44.4', '34.7', '3.6', '0.5']",https://movie.douban.com/subject/1329950/,
1835843.0,2006.0,Douban,325025,,,,7.7,博物馆奇妙夜 Night at the Museum,,Comedy / Action / Family / Fantasy / Adventure,,"['19.9', '48.9', '28.8', '2.1', '0.3']",https://movie.douban.com/subject/1835843/,
1482072.0,2006.0,Douban,821290,,,,8.2,穿普拉达的女王 The Devil Wears Prada,,Drama / Comedy,,"['31.1', '50.6', '17.1', '0.9', '0.2']",https://movie.douban.com/subject/1482072/,
1418605.0,2006.0,Douban,196109,,,,6.0,夜宴,,Drama / Action / Chinese swordplay / Costume,,"['6.0', '19.1', '49.5', '20.7', '4.8']",https://movie.douban.com/subject/1418605/,
1482316.0,2006.0,Douban,18148,,,,8.0,有顶天酒店 THE 有頂天ホテル,,Drama / Comedy / Romance,,"['26.0', '49.8', '21.9', '1.9', '0.4']",https://movie.douban.com/subject/1482316/,
2154096.0,2006.0,Douban,292668,,,,9.5,士兵突击,,Drama,,"['80.0', '16.8', '2.7', '0.3', '0.3']",https://movie.douban.com/subject/2154096/,
2078398.0,2006.0,Douban,38855,,,,8.8,听见天堂 Rosso come il cielo,,Drama / Children,,"['49.4', '41.2', '8.7', '0.5', '0.2']",https://movie.douban.com/subject/2078398/,
1451911.0,2006.0,Douban,67449,,,,7.3,独家新闻 Scoop,,Comedy / Romance / Mystery / Fantasy,,"['12.7', '45.0', '38.2', '3.6', '0.5']",https://movie.douban.com/subject/1451911/,
1796053.0,2006.0,Douban,50740,,,,7.5,蜂蜜与四叶草 ハチミツとクローバー,,Romance,,"['19.0', '40.9', '35.2', '4.4', '0.6']",https://movie.douban.com/subject/1796053/,
1450031.0,2006.0,Douban,122526,,,,8.7,启示 Apocalypto,,Drama / Action / Adventure,,"['47.0', '41.3', '10.4', '0.9', '0.3']",https://movie.douban.com/subject/1450031/,
1890572.0,2006.0,Douban,147536,,,,8.8,坠入 The Fall,,Drama / Comedy / Fantasy / Adventure,,"['52.9', '35.5', '10.0', '1.2', '0.3']",https://movie.douban.com/subject/1890572/,
1478926.0,2006.0,Douban,82094,,,,6.0,龙虎门 龍虎門,,Drama / Action / Fantasy,,"['5.7', '16.7', '54.9', '19.0', '3.6']",https://movie.douban.com/subject/1478926/,
1309047.0,2006.0,Douban,40990,,,,7.4,粉红豹 The Pink Panther,,Comedy / Mystery / Crime / Adventure,,"['16.4', '42.0', '35.9', '4.9', '0.9']",https://movie.douban.com/subject/1309047/,
1780168.0,2006.0,Douban,49437,,,,7.2,诡丝 詭絲,,Drama / Sci-Fi / Mystery / Thriller / Horror,,"['13.5', '40.6', '39.1', '5.7', '1.1']",https://movie.douban.com/subject/1780168/,
1509868.0,2006.0,Douban,62086,,,,6.8,倒霉爱神 Just My Luck,,Comedy / Romance / Fantasy,,"['8.2', '31.5', '53.2', '6.4', '0.7']",https://movie.douban.com/subject/1509868/,
1817253.0,2006.0,Douban,110715,,,,8.9,樱兰高校男公关部 桜蘭高校ホスト部,,Comedy / Romance / Animation,,"['57.5', '31.8', '9.7', '0.8', '0.2']",https://movie.douban.com/subject/1817253/,
2163588.0,2006.0,Douban,10856,,,,9.4,办公室 第三季 The Office Season 3,,Drama / Comedy,,"['73.8', '21.8', '3.7', '0.5', '0.3']",https://movie.douban.com/subject/2163588/,
2030563.0,2006.0,Douban,19691,,,,6.9,吓死鬼 ผีคนเป็น,,Mystery / Thriller / Horror,,"['11.3', '33.3', '45.6', '8.2', '1.7']",https://movie.douban.com/subject/2030563/,
1788940.0,2006.0,Douban,30355,,,,8.1,扶桑花女孩 フラガール,,Drama / Comedy,,"['28.0', '49.3', '21.0', '1.4', '0.3']",https://movie.douban.com/subject/1788940/,
1483808.0,2006.0,Douban,13263,,,,7.9,武士的一分 武士の一分,,Drama / Romance,,"['22.7', '51.5', '23.9', '1.5', '0.5']",https://movie.douban.com/subject/1483808/,
1482080.0,2006.0,Douban,23198,,,,6.2,航班蛇患 Snakes on a Plane,,Action / Thriller / Disaster,,"['5.2', '20.3', '58.0', '14.3', '2.3']",https://movie.douban.com/subject/1482080/,
3204594.0,2006.0,Douban,137556,,,,9.6,虹猫蓝兔七侠传,,Drama / Action / Animation / Children / Adventure / Chinese swordplay,,"['83.6', '12.7', '2.9', '0.4', '0.3']",https://movie.douban.com/subject/3204594/,
3765826.0,2006.0,Douban,69845,,,,9.7,蒙古草原，天气晴 プージェー,,Documentary,,"['85.0', '13.2', '1.6', '0.1', '0.1']",https://movie.douban.com/subject/3765826/,
1765009.0,2006.0,Douban,164190,,,,7.8,歌舞青春 High School Musical,,Drama / Comedy,,"['22.8', '46.8', '27.3', '2.5', '0.6']",https://movie.douban.com/subject/1765009/,
1578663.0,2006.0,Douban,12624,,,,6.2,非礼勿视 See No Evil,,Thriller / Horror,,"['7.2', '18.4', '54.7', '16.6', '3.2']",https://movie.douban.com/subject/1578663/,
1498818.0,2006.0,Douban,173152,,,,8.1,通天塔 Babel,,Drama,,"['27.2', '51.0', '19.9', '1.6', '0.3']",https://movie.douban.com/subject/1498818/,
1498831.0,2006.0,Douban,186257,,,,7.8,恋爱假期 The Holiday,,Comedy / Romance,,"['22.4', '47.2', '28.0', '2.1', '0.3']",https://movie.douban.com/subject/1498831/,
1853160.0,2006.0,Douban,108364,,,,8.1,狗咬狗,,Drama / Action / Thriller / Crime,,"['30.3', '47.2', '19.5', '2.3', '0.7']",https://movie.douban.com/subject/1853160/,
1763134.0,2006.0,Douban,335519,,,,7.6,汉江怪物 괴물,,Drama / Action / Sci-Fi / Horror,,"['18.1', '47.6', '30.7', '3.0', '0.6']",https://movie.douban.com/subject/1763134/,
1937257.0,2006.0,Douban,70590,,,,8.2,微不足道 Big Nothing,,Comedy / Thriller / Crime,,"['28.9', '51.6', '17.9', '1.3', '0.3']",https://movie.douban.com/subject/1937257/,
1783772.0,2006.0,Douban,149599,,,,8.3,"巴黎，我爱你 Paris, je t'aime",,Drama / Comedy / Romance,,"['34.7', '46.0', '17.6', '1.4', '0.3']",https://movie.douban.com/subject/1783772/,
1871906.0,2006.0,Douban,61648,,,,9.7,地球脉动 第一季 Planet Earth Season 1,,Documentary,,"['88.3', '10.4', '1.2', '0.1', '0.1']",https://movie.douban.com/subject/1871906/,
2242600.0,2006.0,Douban,1567,,,,8.2,动物之森 劇場版 どうぶつの森,,Comedy / Animation / Fantasy / Adventure,,"['33.3', '43.3', '22.3', '0.9', '0.2']",https://movie.douban.com/subject/2242600/,
1870128.0,2006.0,Douban,15932,,,,8.9,攻壳机动队SSS 攻殻機動隊 STAND ALONE COMPLEX Solid State Society,,Action / Sci-Fi / Animation,,"['57.2', '32.9', '8.8', '0.7', '0.4']",https://movie.douban.com/subject/1870128/,
1786230.0,2006.0,Douban,3625,,,,7.2,红色之路 Red Road,,Drama / Mystery / Thriller,,"['12.0', '43.9', '38.3', '4.6', '1.1']",https://movie.douban.com/subject/1786230/,
2210194.0,2006.0,Douban,4945,,,,7.5,肉蛾天,,Animation / Short,,"['18.0', '43.7', '33.7', '3.6', '0.9']",https://movie.douban.com/subject/2210194/,
1870250.0,2006.0,Douban,7928,,,,6.9,东,,Drama / Documentary,,"['11.8', '33.5', '45.1', '7.9', '1.7']",https://movie.douban.com/subject/1870250/,
2216374.0,2006.0,Douban,1428,,,,8.2,南京路,,Documentary,,"['34.3', '44.5', '18.4', '2.2', '0.7']",https://movie.douban.com/subject/2216374/,
1473795.0,2006.0,Douban,45778,,,,6.9,海神号 Poseidon,,Action / Adventure / Disaster,,"['9.5', '33.8', '49.2', '6.6', '0.9']",https://movie.douban.com/subject/1473795/,
1849959.0,2006.0,Douban,99149,,,,7.5,怒火攻心 Crank,,Action / Thriller / Crime,,"['17.9', '43.3', '33.5', '4.4', '0.9']",https://movie.douban.com/subject/1849959/,
1788622.0,2006.0,Douban,6413,,,,8.1,博士的爱情方程式 博士の愛した数式,,Drama / Romance / Family,,"['29.0', '47.8', '20.9', '1.8', '0.6']",https://movie.douban.com/subject/1788622/,
1428177.0,2006.0,Douban,21153,,,,7.1,勇闯16街区 16 Blocks,,Drama / Action / Thriller / Crime,,"['10.1', '41.6', '44.1', '3.8', '0.4']",https://movie.douban.com/subject/1428177/,
3097352.0,2006.0,Douban,21426,,,,9.2,剃头匠,,Drama / Biography,,"['67.4', '27.1', '4.9', '0.4', '0.2']",https://movie.douban.com/subject/3097352/,
1876781.0,2006.0,Douban,126183,,,,8.7,越狱 第二季 Prison Break Season 2,,Drama / Thriller / Crime / Adventure,,"['48.8', '40.0', '10.1', '0.9', '0.2']",https://movie.douban.com/subject/1876781/,
1477448.0,2006.0,Douban,90314,,,,8.7,南极大冒险 Eight Below,,Drama / Adventure,,"['48.6', '40.4', '10.2', '0.6', '0.1']",https://movie.douban.com/subject/1477448/,
1796995.0,2006.0,Douban,9773,,,,7.6,摇摆 ゆれる,,Drama / Crime,,"['16.7', '50.7', '30.2', '2.0', '0.4']",https://movie.douban.com/subject/1796995/,
2153389.0,2006.0,Douban,41817,,,,8.0,白蛇传,,Romance / Fantasy / Costume,,"['30.1', '42.8', '23.5', '2.8', '0.8']",https://movie.douban.com/subject/2153389/,
1418191.0,2006.0,Douban,84599,,,,6.7,超人归来 Superman Returns,,Action / Sci-Fi / Adventure,,"['8.5', '28.1', '54.5', '7.8', '1.2']",https://movie.douban.com/subject/1418191/,
1469441.0,2006.0,Douban,93687,,,,7.9,看上去很美,,Drama / Comedy,,"['25.8', '48.2', '22.8', '2.6', '0.6']",https://movie.douban.com/subject/1469441/,
1438734.0,2006.0,Douban,16464,,,,7.9,内陆帝国 Inland Empire,,Drama / Mystery / Thriller,,"['34.1', '37.0', '21.2', '5.2', '2.5']",https://movie.douban.com/subject/1438734/,
1887385.0,2006.0,Douban,6868,,,,8.7,变态者电影指南 The Pervert's Guide to Cinema,,Documentary,,"['49.5', '38.5', '10.1', '1.3', '0.6']",https://movie.douban.com/subject/1887385/,
1997685.0,2006.0,Douban,134825,,,,9.1,交响情人梦 のだめカンタービレ,,Drama / Comedy / Romance / Music,,"['65.9', '26.4', '6.8', '0.7', '0.2']",https://movie.douban.com/subject/1997685/,
1436870.0,2006.0,Douban,179710,,,,7.2,死神来了3 Final Destination 3,,Thriller / Horror,,"['14.8', '37.7', '42.8', '4.2', '0.6']",https://movie.douban.com/subject/1436870/,
1864990.0,2006.0,Douban,28296,,,,7.7,身为人母 Little Children,,Drama / Romance / Family,,"['17.4', '51.0', '29.1', '2.1', '0.4']",https://movie.douban.com/subject/1864990/,
1778999.0,2006.0,Douban,18743,,,,6.7,鬼域,,Mystery / Thriller / Horror / Fantasy,,"['11.0', '28.4', '45.7', '12.2', '2.8']",https://movie.douban.com/subject/1778999/,
3044673.0,2006.0,Douban,17875,,,,8.2,蜡笔小新：呼唤传说！跳吧！朋友！ クレヨンしんちゃん 伝説を呼ぶ 踊れ!アミーゴ!,,Drama / Comedy / Action / Animation / Children / Fantasy / Adventure,,"['35.8', '40.7', '21.0', '2.1', '0.4']",https://movie.douban.com/subject/3044673/,
2338160.0,2006.0,Douban,53897,,,,9.0,无翼鸟 Kiwi!,,Drama / Animation / Short,,"['61.6', '29.5', '8.0', '0.7', '0.2']",https://movie.douban.com/subject/2338160/,
1482107.0,2006.0,Douban,55524,,,,7.4,怪兽屋 Monster House,,Animation / Mystery / Thriller / Horror / Fantasy,,"['14.9', '43.7', '37.4', '3.5', '0.5']",https://movie.douban.com/subject/1482107/,
1478064.0,2006.0,Douban,94258,,,,7.6,人类之子 Children of Men,,Drama / Action / Sci-Fi / Thriller,,"['19.5', '45.8', '30.2', '3.9', '0.7']",https://movie.douban.com/subject/1478064/,
30430675.0,2006.0,Douban,12890,,,,7.1,鬼妓回忆录 Imprint,,Horror,,"['16.1', '37.3', '36.6', '7.4', '2.6']",https://movie.douban.com/subject/30430675/,
1920620.0,2006.0,Douban,43602,,,,8.2,光荣的愤怒,,Drama,,"['27.6', '54.9', '16.1', '1.1', '0.3']",https://movie.douban.com/subject/1920620/,
1853176.0,2006.0,Douban,191556,,,,7.9,斯巴达300勇士 300,,Action / History / War,,"['26.5', '47.0', '23.0', '2.8', '0.7']",https://movie.douban.com/subject/1853176/,
1861411.0,2006.0,Douban,38526,,,,6.5,好奇害死猫,,Drama / Romance / Mystery / Thriller,,"['6.6', '26.5', '53.0', '12.0', '2.0']",https://movie.douban.com/subject/1861411/,
1441602.0,2006.0,Douban,196842,,,,7.2,霍元甲,,Drama / Action / Biography,,"['14.3', '37.7', '42.8', '4.7', '0.6']",https://movie.douban.com/subject/1441602/,
1507152.0,2006.0,Douban,22526,,,,6.8,德州电锯杀人狂前传 The Texas Chainsaw Massacre: The Beginning,,Thriller / Horror,,"['12.1', '29.6', '48.4', '8.2', '1.7']",https://movie.douban.com/subject/1507152/,
1455979.0,2006.0,Douban,79140,,,,6.2,墨攻,,Drama / Action / War,,"['5.1', '20.5', '57.2', '14.7', '2.6']",https://movie.douban.com/subject/1455979/,
2154349.0,2006.0,Douban,19112,,,,9.7,火线 第四季 The Wire Season 4,,Drama,,"['88.6', '9.3', '1.8', '0.2', '0.2']",https://movie.douban.com/subject/2154349/,
2158486.0,2006.0,Douban,51629,,,,9.0,暗算,,Drama,,"['60.2', '30.2', '7.6', '1.1', '0.9']",https://movie.douban.com/subject/2158486/,
1914787.0,2006.0,Douban,31019,,,,7.9,丑闻笔记 Notes on a Scandal,,Drama / Thriller,,"['19.9', '55.3', '23.2', '1.4', '0.3']",https://movie.douban.com/subject/1914787/,
1777612.0,2006.0,Douban,285481,,,,8.3,阳光小美女 Little Miss Sunshine,,Drama / Comedy / Family,,"['35.8', '47.3', '15.4', '1.2', '0.2']",https://movie.douban.com/subject/1777612/,
1441801.0,2006.0,Douban,85281,,,,7.7,局内人 Inside Man,,Drama / Mystery / Thriller / Crime,,"['17.5', '52.6', '27.6', '2.0', '0.3']",https://movie.douban.com/subject/1441801/,
1867787.0,2006.0,Douban,6406,,,,7.6,适合分手的季节 İklimler,,Drama,,"['17.0', '48.4', '31.0', '3.1', '0.5']",https://movie.douban.com/subject/1867787/,
5908508.0,2006.0,Douban,3873,,,,8.4,古畑任三郎 公平的杀人者 古畑任三郎ファイナル フェアな殺人者,,Mystery,,"['41.2', '39.8', '17.2', '1.4', '0.4']",https://movie.douban.com/subject/5908508/,
1949812.0,2006.0,Douban,98615,,,,7.6,东京审判,,Drama / History / War / Crime,,"['19.3', '44.9', '31.1', '3.9', '0.8']",https://movie.douban.com/subject/1949812/,
2146439.0,2006.0,Douban,4843,,,,7.4,好奇天使心 The Curiosity of Chance,,Comedy / Homosexual,,"['18.4', '40.5', '35.9', '4.4', '0.7']",https://movie.douban.com/subject/2146439/,
1917086.0,2006.0,Douban,6648,,,,7.1,不可告人 Ne le dis à personne,,Drama / Mystery / Thriller / Crime,,"['10.6', '41.3', '41.4', '5.8', '0.9']",https://movie.douban.com/subject/1917086/,
1482101.0,2006.0,Douban,28609,,,,7.7,美好的一年 A Good Year,,Drama / Comedy / Romance,,"['20.9', '45.9', '30.3', '2.6', '0.3']",https://movie.douban.com/subject/1482101/,
1870044.0,2006.0,Douban,59982,,,,7.4,波拉特 Borat: Cultural Learnings of America for Make Benefit Glorious Nation of Kazakhstan,,Comedy,,"['20.5', '40.9', '30.6', '5.6', '2.4']",https://movie.douban.com/subject/1870044/,
3023155.0,2006.0,Douban,33887,,,,7.5,鬼宿舍 เด็กหอ,,Drama / Horror,,"['18.2', '42.9', '33.9', '4.2', '0.9']",https://movie.douban.com/subject/3023155/,
1485185.0,2006.0,Douban,7518,,,,6.4,生存游戏 Stay Alive,,Sci-Fi / Mystery / Thriller / Horror / Fantasy,,"['7.5', '23.7', '51.7', '14.6', '2.5']",https://movie.douban.com/subject/1485185/,
1794435.0,2006.0,Douban,61033,,,,7.4,姨妈的后现代生活,,Drama / Comedy / Romance,,"['15.2', '45.3', '34.6', '4.2', '0.7']",https://movie.douban.com/subject/1794435/,
1995155.0,2006.0,Douban,158,,,,8.5,美好的世界 Un mundo maravilloso,,Drama / Comedy / Thriller,,"['45.0', '38.8', '14.0', '0.8', '1.6']",https://movie.douban.com/subject/1995155/,
24529338.0,2006.0,Douban,6324,,,,9.2,大侦探波洛 第十季 Agatha Christie's Poirot Season 10,,Drama / Mystery / Crime,,"['66.0', '28.0', '5.5', '0.3', '0.1']",https://movie.douban.com/subject/24529338/,
2251195.0,2006.0,Douban,14479,,,,9.0,识骨寻踪 第二季 Bones Season 2,,Drama / Romance / Mystery / Crime,,"['58.6', '35.2', '5.7', '0.3', '0.1']",https://movie.douban.com/subject/2251195/,
3418557.0,2006.0,Douban,30251,,,,9.2,三毛流浪记,,Animation / Children,,"['66.5', '26.6', '6.2', '0.5', '0.2']",https://movie.douban.com/subject/3418557/,
1874383.0,2006.0,Douban,4721,,,,8.0,柳暗花明 Away from Her,,Drama,,"['23.3', '54.1', '20.5', '1.8', '0.4']",https://movie.douban.com/subject/1874383/,
1958400.0,2006.0,Douban,12071,,,,8.0,面对巨人 Facing the Giants,,Drama / Sport,,"['35.5', '37.9', '20.6', '4.4', '1.6']",https://movie.douban.com/subject/1958400/,
1858064.0,2006.0,Douban,5518,,,,7.3,心智相投 Like Minds,,Mystery / Thriller / Horror / Crime,,"['15.4', '41.2', '37.4', '5.2', '0.9']",https://movie.douban.com/subject/1858064/,
1466897.0,2006.0,Douban,90519,,,,7.5,足球尤物 She's the Man,,Comedy / Romance,,"['17.3', '43.8', '35.2', '3.3', '0.5']",https://movie.douban.com/subject/1466897/,
1866264.0,2006.0,Douban,82760,,,,7.7,女王 The Queen,,Drama / Biography,,"['16.2', '53.1', '29.0', '1.6', '0.2']",https://movie.douban.com/subject/1866264/,
2300618.0,2006.0,Douban,7668,,,,8.6,女王的教室特别篇 前篇～墮天使～ 女王の教室スペシャル エピソード1〜堕天使〜,,Drama,,"['45.7', '38.9', '14.6', '0.7', '0.1']",https://movie.douban.com/subject/2300618/,
1915729.0,2006.0,Douban,16223,,,,6.0,卧虎,,Drama / Thriller / Crime,,"['4.8', '16.1', '58.7', '17.1', '3.3']",https://movie.douban.com/subject/1915729/,
1860453.0,2006.0,Douban,13008,,,,7.7,海贼王剧场版7：机关城的机械巨兵 ONE PIECE THE MOVIE カラクリ城のメカ巨兵,,Comedy / Action / Sci-Fi / Animation / Fantasy,,"['24.4', '42.1', '30.1', '2.8', '0.6']",https://movie.douban.com/subject/1860453/,
2352020.0,2006.0,Douban,6219,,,,9.3,攻壳机动队SAC 2nd GIG：个别的十一人 攻殻機動隊 S.A.C. 2nd GIG Individual Eleven,,Animation,,"['71.2', '22.4', '5.1', '0.7', '0.5']",https://movie.douban.com/subject/2352020/,
6534057.0,2006.0,Douban,4646,,,,8.8,女王的教室特别篇 后篇～恶魔降临～ 女王の教室スペシャル エピソード2 ~悪魔降臨~,,Drama,,"['52.9', '34.7', '11.6', '0.6', '0.1']",https://movie.douban.com/subject/6534057/,
1815487.0,2006.0,Douban,9374,,,,4.7,新扎师妹3 新紮師妹3,,Comedy,,"['4.1', '6.2', '32.3', '37.7', '19.7']",https://movie.douban.com/subject/1815487/,
10558405.0,2006.0,Douban,11967,,,,9.0,古畑任三郎完结篇 重生之死 古畑任三郎ファイナル 今、甦る死,,Mystery / Crime,,"['61.3', '30.7', '7.0', '0.7', '0.3']",https://movie.douban.com/subject/10558405/,
2057171.0,2006.0,Douban,141728,,,,9.6,银魂 銀魂,,Comedy / Action / Sci-Fi / Animation,,"['82.6', '13.7', '2.9', '0.4', '0.4']",https://movie.douban.com/subject/2057171/,
1457191.0,2006.0,Douban,19901,,,,6.5,分手男女 The Break-Up,,Drama / Romance,,"['6.9', '26.5', '54.6', '10.4', '1.6']",https://movie.douban.com/subject/1457191/,
3634228.0,2006.0,Douban,20638,,,,9.5,神秘博士 第二季 Doctor Who Season 2,,Drama / Sci-Fi / Adventure,,"['78.2', '18.1', '3.1', '0.3', '0.2']",https://movie.douban.com/subject/3634228/,
1457218.0,2006.0,Douban,84682,,,,8.1,夏洛特的网 Charlotte's Web,,Comedy / Family / Fantasy,,"['27.5', '50.2', '20.7', '1.3', '0.2']",https://movie.douban.com/subject/1457218/,
1727557.0,2006.0,Douban,32199,,,,6.9,父子,,Drama / Family,,"['9.5', '35.8', '46.4', '6.8', '1.4']",https://movie.douban.com/subject/1727557/,
1465415.0,2006.0,Douban,37292,,,,6.3,撕裂人 Slither,,Comedy / Sci-Fi / Horror,,"['8.2', '21.9', '51.8', '14.9', '3.2']",https://movie.douban.com/subject/1465415/,
2270294.0,2006.0,Douban,8926,,,,9.5,降世神通 第二季 Avatar Season 2 : The Earth Volume Season 2,,Action / Sci-Fi / Animation / Fantasy / Adventure,,"['78.6', '17.9', '3.0', '0.3', '0.2']",https://movie.douban.com/subject/2270294/,
1461348.0,2006.0,Douban,13004,,,,6.1,来电惊魂 When a Stranger Calls,,Thriller / Horror,,"['6.3', '19.8', '52.6', '17.3', '4.1']",https://movie.douban.com/subject/1461348/,
1950888.0,2006.0,Douban,14165,,,,9.0,兽爪 ケモノヅメ,,Drama / Romance / Animation / Horror / Adventure,,"['60.9', '30.6', '7.0', '1.0', '0.5']",https://movie.douban.com/subject/1950888/,
1858802.0,2006.0,Douban,87599,,,,8.4,黑皮书 Zwartboek,,Drama / Thriller / War,,"['36.0', '49.3', '13.6', '0.9', '0.2']",https://movie.douban.com/subject/1858802/,
2129170.0,2006.0,Douban,16114,,,,6.2,鬼来电3 着信アリFinal,,Horror,,"['7.5', '19.9', '53.9', '14.9', '3.8']",https://movie.douban.com/subject/2129170/,
1478063.0,2006.0,Douban,22689,,,,6.6,世贸中心 World Trade Center,,Drama / Thriller / History,,"['6.8', '26.8', '55.3', '9.8', '1.3']",https://movie.douban.com/subject/1478063/,
2024900.0,2006.0,Douban,19509,,,,8.4,梦幻情侣 환상의 커플,,Comedy / Romance,,"['41.6', '37.9', '18.1', '1.9', '0.4']",https://movie.douban.com/subject/2024900/,
1578475.0,2006.0,Douban,21372,,,,8.7,洛奇6：永远的拳王 Rocky Balboa,,Drama / Sport,,"['48.7', '37.2', '12.7', '1.1', '0.3']",https://movie.douban.com/subject/1578475/,
1850910.0,2006.0,Douban,4037,,,,6.8,殴打诱发者 구타유발자들,,Drama / Thriller / Horror,,"['12.9', '30.9', '43.0', '10.1', '3.2']",https://movie.douban.com/subject/1850910/,
2360882.0,2006.0,Douban,155308,,,,9.6,搞笑一家人 거침없이 하이킥!,,Drama / Comedy / Romance / Family,,"['82.8', '14.9', '2.0', '0.2', '0.2']",https://movie.douban.com/subject/2360882/,
1760828.0,2006.0,Douban,37870,,,,9.0,四月一日灵异事件簿 xxxHOLiC,,Drama / Animation / Thriller / Horror,,"['61.8', '29.5', '7.7', '0.8', '0.3']",https://movie.douban.com/subject/1760828/,
1758810.0,2006.0,Douban,109070,,,,9.1,IT狂人 第一季 The IT Crowd Season 1,,Comedy,,"['66.3', '26.0', '6.8', '0.8', '0.2']",https://movie.douban.com/subject/1758810/,
1867389.0,2006.0,Douban,24748,,,,7.3,同居牢友 Let's Go to Prison,,Comedy / Homosexual / Crime,,"['14.6', '40.8', '39.5', '4.5', '0.7']",https://movie.douban.com/subject/1867389/,
1474180.0,2006.0,Douban,101896,,,,7.7,触不到的恋人 The Lake House,,Drama / Romance / Fantasy,,"['20.6', '48.3', '28.4', '2.3', '0.3']",https://movie.douban.com/subject/1474180/,
5414534.0,2006.0,Douban,9310,,,,9.1,24小时 第五季 24 Season 5,,Drama / Action / Mystery / Thriller / Crime,,"['63.9', '28.6', '6.7', '0.5', '0.3']",https://movie.douban.com/subject/5414534/,
1474185.0,2006.0,Douban,148514,,,,7.8,人生遥控器 Click,,Drama / Comedy / Family / Fantasy,,"['23.2', '46.2', '27.8', '2.4', '0.3']",https://movie.douban.com/subject/1474185/,
1867408.0,2006.0,Douban,101770,,,,6.8,伤城,,Drama / Thriller / Crime,,"['8.3', '33.9', '50.6', '6.5', '0.8']",https://movie.douban.com/subject/1867408/,
1463961.0,2006.0,Douban,11993,,,,7.2,芳香之旅,,Drama,,"['13.0', '40.4', '40.9', '4.9', '0.8']",https://movie.douban.com/subject/1463961/,
1783462.0,2006.0,Douban,35010,,,,7.8,奇幻人生 Stranger than Fiction,,Drama / Comedy / Romance / Fantasy,,"['20.8', '49.8', '26.7', '2.2', '0.5']",https://movie.douban.com/subject/1783462/,
1578669.0,2006.0,Douban,35892,,,,6.5,黑色大丽花 The Black Dahlia,,Drama / Mystery / Thriller / Crime,,"['6.1', '26.5', '53.9', '11.9', '1.6']",https://movie.douban.com/subject/1578669/,
1849036.0,2006.0,Douban,2028,,,,7.6,基督诞生记 The Nativity Story,,Drama / Family,,"['24.8', '36.9', '33.7', '3.7', '0.9']",https://movie.douban.com/subject/1849036/,
1578715.0,2006.0,Douban,3622,,,,6.8,鬼作秀3 Creepshow 3,,Animation / Horror / Fantasy,,"['14.4', '29.0', '42.0', '11.6', '3.0']",https://movie.douban.com/subject/1578715/,
1926517.0,2006.0,Douban,16464,,,,6.6,蠢蛋进化论 Idiocracy,,Comedy / Sci-Fi / Thriller / Adventure,,"['10.6', '28.2', '46.6', '11.7', '2.8']",https://movie.douban.com/subject/1926517/,
1482505.0,2006.0,Douban,21889,,,,6.3,地海传说 ゲド戦記,,Animation / Fantasy / Adventure,,"['9.2', '22.0', '46.1', '18.5', '4.2']",https://movie.douban.com/subject/1482505/,
1433360.0,2006.0,Douban,269731,,,,8.1,雏菊 데이지,,Drama / Romance,,"['30.7', '46.0', '21.1', '1.9', '0.3']",https://movie.douban.com/subject/1433360/,
1900848.0,2006.0,Douban,37169,,,,7.9,末代独裁 The Last King of Scotland,,Drama / Biography / History,,"['20.1', '55.5', '22.7', '1.4', '0.3']",https://movie.douban.com/subject/1900848/,
1998649.0,2006.0,Douban,22879,,,,6.2,给工藤新一的挑战书~离别前的序章 名探偵コナン10周年記念ドラマスペシャル 工藤新一への挑戦状〜さよならまでの序章,,Drama / Mystery / Crime,,"['6.9', '18.6', '53.8', '16.6', '4.0']",https://movie.douban.com/subject/1998649/,
1763132.0,2006.0,Douban,33448,,,,7.5,时间 시간,,Drama / Romance,,"['17.3', '44.3', '33.3', '4.3', '0.8']",https://movie.douban.com/subject/1763132/,
2154354.0,2006.0,Douban,52619,,,,9.3,犯罪心理 第二季 Criminal Minds Season 2,,Drama / Mystery / Thriller / Crime,,"['69.1', '27.2', '3.4', '0.2', '0.1']",https://movie.douban.com/subject/2154354/,
1652618.0,2006.0,Douban,165655,,,,7.1,速度与激情3：东京漂移 The Fast and the Furious: Tokyo Drift,,Action / Crime,,"['16.6', '30.9', '42.4', '8.6', '1.5']",https://movie.douban.com/subject/1652618/,
1826749.0,2006.0,Douban,5799,,,,6.4,毛骨悚然 Salvage,,Mystery / Thriller / Horror,,"['8.7', '26.7', '46.7', '13.9', '4.1']",https://movie.douban.com/subject/1826749/,
2000830.0,2006.0,Douban,7268,,,,6.7,鬼女魔咒 コワイ女,,Mystery / Thriller / Horror,,"['10.5', '30.8', '46.3', '10.0', '2.4']",https://movie.douban.com/subject/2000830/,
1945549.0,2006.0,Douban,120135,,,,7.7,超市夜未眠 Cashback,,Drama / Comedy / Romance,,"['20.7', '46.5', '28.8', '3.4', '0.6']",https://movie.douban.com/subject/1945549/,
1914831.0,2006.0,Douban,131218,,,,7.2,盛夏光年,,Drama / Romance / Homosexual,,"['14.1', '38.8', '40.9', '5.3', '0.9']",https://movie.douban.com/subject/1914831/,
1449962.0,2006.0,Douban,16711,,,,5.8,迈阿密风云 Miami Vice,,Drama / Action / Thriller / Crime,,"['4.5', '13.6', '53.7', '23.6', '4.5']",https://movie.douban.com/subject/1449962/,
3270669.0,2007.0,Douban,459,,,,7.7,电子管 Lampa cu caciula,,Short,,"['16.5', '54.5', '27.8', '1.2', '0.0']",https://movie.douban.com/subject/3270669/,
2041883.0,2006.0,Douban,302,,,,8.6,迷路的大人们 ウォーカーズ〜迷子の大人たち,,Drama,,"['54.5', '27.3', '14.4', '2.3', '1.5']",https://movie.douban.com/subject/2041883/,
24397863.0,2006.0,Douban,1016,,,,9.1,TED演讲集 TED Talks,,Documentary,,"['67.9', '23.7', '5.6', '1.2', '1.6']",https://movie.douban.com/subject/24397863/,
25884743.0,2006.0,Douban,388,,,,7.3,铸造工厂 Valimo,,Comedy / Short,,"['7.9', '49.3', '41.4', '1.1', '0.4']",https://movie.douban.com/subject/25884743/,
1433678.0,2006.0,Douban,21643,,,,5.7,龙骑士 Eragon,,Action / Family / Fantasy / Adventure,,"['4.0', '13.0', '53.5', '24.3', '5.2']",https://movie.douban.com/subject/1433678/,
1308771.0,2004.0,Douban,31188,,,,5.9,猫女 Catwoman,,Action / Crime / Fantasy,,"['6.0', '16.4', '51.0', '21.4', '5.2']",https://movie.douban.com/subject/1308771/,
1298450.0,1998.0,Douban,1673,,,,6.2,够僵行动 Vampires,,Action / Horror,,"['8.4', '19.0', '51.3', '17.2', '4.1']",https://movie.douban.com/subject/1298450/,
1896561.0,2006.0,Douban,6082,,,,9.4,德国，一个夏天的童话 Deutschland. Ein Sommermärchen,,Documentary / Sport,,"['74.9', '19.8', '4.7', '0.4', '0.1']",https://movie.douban.com/subject/1896561/,
1949811.0,2006.0,Douban,108740,,,,6.9,云水谣,,Drama / Romance / War,,"['9.8', '34.2', '47.7', '7.1', '1.2']",https://movie.douban.com/subject/1949811/,
2210001.0,2007.0,Douban,345598,,,,9.8,大明王朝1566,,Drama / History / Costume,,"['90.2', '8.4', '1.0', '0.1', '0.2']",https://movie.douban.com/subject/2210001/,
1947089.0,2007.0,Douban,295182,,,,7.9,投名状,,Drama / Action / War / Costume,,"['28.3', '42.0', '26.2', '3.0', '0.5']",https://movie.douban.com/subject/1947089/,
1945330.0,2007.0,Douban,383735,,,,8.1,迷雾 The Mist,,Sci-Fi / Thriller / Horror,,"['30.1', '47.3', '19.0', '2.6', '1.0']",https://movie.douban.com/subject/1945330/,
1793903.0,2007.0,Douban,183638,,,,7.6,幻影凶间 1408,,Mystery / Horror / Fantasy,,"['20.3', '45.4', '30.2', '3.5', '0.6']",https://movie.douban.com/subject/1793903/,
1950148.0,2007.0,Douban,454506,,,,8.6,赎罪 Atonement,,Drama / Romance / Mystery / War,,"['42.7', '44.8', '11.5', '0.8', '0.2']",https://movie.douban.com/subject/1950148/,
1853770.0,2007.0,Douban,69398,,,,8.0,密阳 밀양,,Drama,,"['26.3', '51.0', '20.4', '1.8', '0.5']",https://movie.douban.com/subject/1853770/,
2044102.0,2007.0,Douban,143062,,,,7.6,导火线 導火綫,,Action / Crime,,"['19.7', '42.6', '34.0', '3.2', '0.5']",https://movie.douban.com/subject/2044102/,
1806555.0,2007.0,Douban,212885,,,,8.2,热血警探 Hot Fuzz,,Comedy / Mystery / Crime,,"['31.6', '48.4', '17.7', '1.8', '0.5']",https://movie.douban.com/subject/1806555/,
1937401.0,2007.0,Douban,109476,,,,7.6,K歌情人 Music and Lyrics,,Comedy / Romance / Music,,"['17.2', '46.8', '33.3', '2.5', '0.3']",https://movie.douban.com/subject/1937401/,
1968790.0,2007.0,Douban,94544,,,,9.1,福音战士新剧场版：序 ヱヴァンゲリヲン新劇場版：序,,Drama / Sci-Fi / Animation,,"['63.0', '29.0', '7.0', '0.7', '0.3']",https://movie.douban.com/subject/1968790/,
1401535.0,2007.0,Douban,81840,,,,7.7,虎胆龙威4 Live Free or Die Hard,,Action / Thriller / Crime,,"['17.7', '51.3', '28.4', '2.2', '0.3']",https://movie.douban.com/subject/1401535/,
1947114.0,2007.0,Douban,67424,,,,7.5,跟踪 跟蹤,,Thriller / Crime,,"['13.9', '50.1', '33.3', '2.3', '0.3']",https://movie.douban.com/subject/1947114/,
1482911.0,2007.0,Douban,241930,,,,7.5,生化危机3：灭绝 Resident Evil: Extinction,,Action / Sci-Fi / Horror,,"['19.0', '42.0', '34.8', '3.6', '0.5']",https://movie.douban.com/subject/1482911/,
2027938.0,2007.0,Douban,343788,,,,8.5,神探,,Action / Mystery / Thriller / Crime,,"['42.6', '43.9', '12.1', '1.1', '0.3']",https://movie.douban.com/subject/2027938/,
1905462.0,2007.0,Douban,238726,,,,8.6,荒野生存 Into the Wild,,Drama / Biography / Adventure,,"['46.8', '37.5', '13.1', '1.9', '0.7']",https://movie.douban.com/subject/1905462/,
1471507.0,2007.0,Douban,106193,,,,7.5,十三罗汉 Ocean's Thirteen,,Thriller / Crime,,"['16.8', '45.4', '34.5', '2.8', '0.4']",https://movie.douban.com/subject/1471507/,
2284851.0,2007.0,Douban,60646,,,,8.1,精英部队 Tropa de Elite,,Drama / Action / Thriller / Crime,,"['27.5', '50.8', '19.3', '1.9', '0.5']",https://movie.douban.com/subject/2284851/,
1920805.0,2007.0,Douban,304394,,,,8.3,成为简·奥斯汀 Becoming Jane,,Drama / Romance / Biography,,"['34.6', '48.8', '15.5', '0.9', '0.2']",https://movie.douban.com/subject/1920805/,
1793909.0,2007.0,Douban,108402,,,,7.2,预见未来 Next,,Action / Sci-Fi / Thriller / Crime,,"['11.6', '41.7', '41.6', '4.6', '0.6']",https://movie.douban.com/subject/1793909/,
2357302.0,2007.0,Douban,13394,,,,8.7,爱犬的奇迹 マリと子犬の物語,,Drama / Children,,"['50.9', '35.9', '12.0', '1.0', '0.3']",https://movie.douban.com/subject/2357302/,
3037329.0,2007.0,Douban,47660,,,,9.3,遥望南方的童年,,Drama,,"['69.8', '24.9', '4.7', '0.4', '0.2']",https://movie.douban.com/subject/3037329/,
1766086.0,2007.0,Douban,339468,,,,8.4,太阳照常升起,,Drama / Fantasy,,"['39.9', '41.7', '15.5', '2.1', '0.8']",https://movie.douban.com/subject/1766086/,
3011550.0,2007.0,Douban,40243,,,,6.6,灵动：鬼影实录 Paranormal Activity,,Mystery / Horror,,"['9.9', '28.1', '45.6', '12.8', '3.7']",https://movie.douban.com/subject/3011550/,
2264077.0,2007.0,Douban,7635,,,,9.4,地球 Earth,,Documentary,,"['73.4', '22.8', '3.4', '0.2', '0.1']",https://movie.douban.com/subject/2264077/,
4144377.0,2007.0,Douban,2768,,,,9.5,皇后乐队蒙特利尔现场演唱会&慈善直播音乐会 Queen Rock Montreal & Live Aid,,Music,,"['84.3', '10.7', '2.8', '0.4', '1.7']",https://movie.douban.com/subject/4144377/,
1947549.0,2007.0,Douban,172262,,,,7.8,生死狙击 Shooter,,Drama / Action / Thriller,,"['21.1', '52.1', '25.0', '1.6', '0.2']",https://movie.douban.com/subject/1947549/,
1898223.0,2007.0,Douban,101669,,,,8.3,玫瑰人生 La Môme,,Drama / Romance / Music / Biography,,"['35.3', '48.1', '15.3', '1.1', '0.2']",https://movie.douban.com/subject/1898223/,
1499148.0,2007.0,Douban,171377,,,,7.7,蓝莓之夜 My Blueberry Nights,,Drama / Romance,,"['21.3', '44.6', '30.4', '3.3', '0.5']",https://movie.douban.com/subject/1499148/,
1849371.0,2007.0,Douban,28080,,,,7.0,太阳浩劫 Sunshine,,Sci-Fi / Thriller / Disaster,,"['11.6', '35.2', '44.2', '7.5', '1.4']",https://movie.douban.com/subject/1849371/,
2328749.0,2007.0,Douban,10800,,,,6.9,奇谈 기담,,Drama / Horror,,"['12.7', '33.6', '42.4', '9.3', '1.9']",https://movie.douban.com/subject/2328749/,
1853621.0,2007.0,Douban,267587,,,,8.6,落叶归根,,Drama / Comedy,,"['46.7', '39.9', '12.1', '1.0', '0.2']",https://movie.douban.com/subject/1853621/,
1966464.0,2007.0,Douban,136613,,,,6.8,苹果,,Drama,,"['10.8', '33.1', '45.1', '9.0', '1.9']",https://movie.douban.com/subject/1966464/,
2357717.0,2007.0,Douban,93522,,,,6.9,名侦探柯南：绀碧之棺 名探偵コナン 紺碧の棺,,Drama / Animation / Mystery,,"['13.7', '28.2', '47.3', '9.4', '1.5']",https://movie.douban.com/subject/2357717/,
1829654.0,2007.0,Douban,151051,,,,8.3,憨豆的黄金周 Mr. Bean's Holiday,,Comedy,,"['34.3', '46.8', '17.3', '1.4', '0.2']",https://movie.douban.com/subject/1829654/,
1962971.0,2007.0,Douban,1961,,,,7.5,耶拉 Yella,,Drama / Romance / Thriller / Horror,,"['15.5', '48.2', '32.1', '3.5', '0.7']",https://movie.douban.com/subject/1962971/,
2255841.0,2007.0,Douban,93138,,,,7.6,死亡录像 [Rec],,Horror,,"['21.5', '45.1', '27.9', '4.3', '1.1']",https://movie.douban.com/subject/2255841/,
1947080.0,2007.0,Douban,52573,,,,7.4,赶尽杀绝 Shoot 'Em Up,,Action / Thriller,,"['17.0', '42.6', '34.2', '5.2', '1.1']",https://movie.douban.com/subject/1947080/,
1947144.0,2007.0,Douban,57314,,,,6.9,美味情缘 No Reservations,,Drama / Comedy / Romance,,"['8.8', '34.2', '51.4', '5.1', '0.5']",https://movie.douban.com/subject/1947144/,
2999500.0,2007.0,Douban,40135,,,,7.5,七天 세븐데이즈,,Thriller / Crime,,"['14.7', '48.6', '32.8', '3.3', '0.6']",https://movie.douban.com/subject/2999500/,
1963710.0,2007.0,Douban,10277,,,,6.4,身在其中 À l'intérieur,,Thriller / Horror,,"['11.1', '25.3', '41.8', '15.4', '6.4']",https://movie.douban.com/subject/1963710/,
2002741.0,2007.0,Douban,9430,,,,7.6,决战以拉谷 In The Valley of Elah,,Drama / Mystery / Crime,,"['16.5', '51.8', '29.3', '2.0', '0.5']",https://movie.douban.com/subject/2002741/,
2263102.0,2007.0,Douban,21180,,,,8.4,转转 転々,,Comedy,,"['36.3', '47.2', '15.0', '1.1', '0.3']",https://movie.douban.com/subject/2263102/,
1962116.0,2007.0,Douban,137895,,,,8.7,我在伊朗长大 Persepolis,,Drama / Animation / Biography,,"['47.1', '41.8', '10.1', '0.7', '0.2']",https://movie.douban.com/subject/1962116/,
2171019.0,2007.0,Douban,9421,,,,9.4,办公室 第四季 The Office Season 4,,Drama / Comedy / Romance,,"['73.6', '22.6', '3.4', '0.3', '0.1']",https://movie.douban.com/subject/2171019/,
1945780.0,2007.0,Douban,103788,,,,8.4,血色将至 There Will Be Blood,,Drama,,"['39.2', '44.9', '14.2', '1.3', '0.3']",https://movie.douban.com/subject/1945780/,
2027945.0,2007.0,Douban,21104,,,,7.8,每个人都有他自己的电影 Chacun son cinéma ou Ce petit coup au cœur quand la lumière s'éteint et que le film commence,,Drama / Comedy,,"['22.9', '48.2', '26.3', '2.1', '0.5']",https://movie.douban.com/subject/2027945/,
1895119.0,2007.0,Douban,16543,,,,7.1,非法制裁 Death Sentence,,Drama / Action / Thriller / Crime,,"['13.4', '36.9', '41.6', '6.9', '1.2']",https://movie.douban.com/subject/1895119/,
2122766.0,2007.0,Douban,70013,,,,7.4,孤堡惊情 El orfanato,,Drama / Mystery / Thriller / Horror,,"['15.6', '45.1', '35.0', '3.6', '0.7']",https://movie.douban.com/subject/2122766/,
2225175.0,2007.0,Douban,9422,,,,6.2,车库惊魂 P2,,Thriller / Horror / Crime,,"['6.2', '18.8', '57.2', '15.0', '2.9']",https://movie.douban.com/subject/2225175/,
2059310.0,2007.0,Douban,24371,,,,6.9,太坏了 Superbad,,Comedy,,"['12.1', '32.5', '44.9', '8.9', '1.6']",https://movie.douban.com/subject/2059310/,
1905777.0,2007.0,Douban,27517,,,,7.8,失踪宝贝 Gone Baby Gone,,Drama / Mystery / Thriller / Crime,,"['18.6', '53.9', '24.6', '2.4', '0.5']",https://movie.douban.com/subject/1905777/,
1860745.0,2007.0,Douban,82991,,,,7.9,仙境之桥 Bridge to Terabithia,,Drama / Fantasy / Adventure,,"['28.0', '44.3', '24.6', '2.7', '0.4']",https://movie.douban.com/subject/1860745/,
2301205.0,2007.0,Douban,3100,,,,6.4,波基普西录像带 The Poughkeepsie Tapes,,Thriller / Horror / Crime,,"['10.0', '23.2', '47.1', '15.9', '3.8']",https://movie.douban.com/subject/2301205/,
1758487.0,2007.0,Douban,62996,,,,6.5,惊变28周 28 Weeks Later,,Sci-Fi / Horror,,"['9.3', '28.4', '46.2', '12.4', '3.7']",https://movie.douban.com/subject/1758487/,
2133474.0,2007.0,Douban,47366,,,,9.4,地下交通站,,Drama / Comedy,,"['75.3', '19.4', '4.3', '0.6', '0.4']",https://movie.douban.com/subject/2133474/,
1578503.0,2007.0,Douban,62138,,,,7.9,美国黑帮 American Gangster,,Drama / Crime,,"['23.0', '53.2', '22.3', '1.3', '0.3']",https://movie.douban.com/subject/1578503/,
2053665.0,2007.0,Douban,8191,,,,6.3,降头 降頭,,Horror,,"['7.3', '21.0', '54.1', '15.1', '2.6']",https://movie.douban.com/subject/2053665/,
1793904.0,2007.0,Douban,53822,,,,8.0,决战犹马镇 3:10 to Yuma,,Drama / Action / Crime / Western,,"['27.3', '49.1', '20.3', '2.5', '0.9']",https://movie.douban.com/subject/1793904/,
2267155.0,2007.0,Douban,29055,,,,8.5,请为我投票 Please Vote for Me,,Documentary,,"['42.5', '45.1', '10.4', '1.2', '0.8']",https://movie.douban.com/subject/2267155/,
1892530.0,2007.0,Douban,29417,,,,7.6,东方的承诺 Eastern Promises,,Drama / Mystery / Thriller / Crime,,"['17.0', '48.0', '31.3', '3.2', '0.5']",https://movie.douban.com/subject/1892530/,
1929443.0,2007.0,Douban,38975,,,,7.2,的士速递4 Taxi 4,,Comedy / Action / Crime,,"['15.0', '35.9', '41.9', '6.2', '1.1']",https://movie.douban.com/subject/1929443/,
1853787.0,2007.0,Douban,2842,,,,6.9,高地人：复仇之旅 Highlander: The Search for Vengeance,,Action / Sci-Fi / Animation / Fantasy,,"['13.0', '30.6', '46.0', '8.3', '2.1']",https://movie.douban.com/subject/1853787/,
1939173.0,2007.0,Douban,54071,,,,7.3,破绽 Fracture,,Drama / Mystery / Thriller / Crime,,"['12.5', '45.7', '37.7', '3.6', '0.5']",https://movie.douban.com/subject/1939173/,
1866131.0,2007.0,Douban,29133,,,,6.5,铁三角,,Action / Mystery / Crime,,"['6.8', '26.5', '53.4', '11.1', '2.2']",https://movie.douban.com/subject/1866131/,
1584898.0,2007.0,Douban,6114,,,,6.2,鬼使神差 The Messengers,,Drama / Mystery / Horror,,"['6.1', '17.0', '59.6', '14.4', '3.0']",https://movie.douban.com/subject/1584898/,
1940086.0,2007.0,Douban,22149,,,,6.6,别惹小孩 Trick 'r Treat,,Comedy / Thriller / Horror,,"['8.9', '29.1', '48.4', '11.3', '2.4']",https://movie.douban.com/subject/1940086/,
2065021.0,2007.0,Douban,155291,,,,8.0,热血高校 クローズZERO,,Action / Thriller,,"['29.8', '44.2', '22.4', '2.8', '0.7']",https://movie.douban.com/subject/2065021/,
2173763.0,2007.0,Douban,2669,,,,7.7,点与线 点と線,,Drama / Mystery / Crime,,"['21.4', '46.3', '28.2', '3.5', '0.6']",https://movie.douban.com/subject/2173763/,
1926007.0,2007.0,Douban,47008,,,,5.7,天堂口,,Drama / Action / Romance,,"['3.8', '14.1', '51.0', '24.1', '7.0']",https://movie.douban.com/subject/1926007/,
3025814.0,2007.0,Douban,6382,,,,5.6,第三个人,,Thriller,,"['5.4', '15.4', '44.2', '25.8', '9.2']",https://movie.douban.com/subject/3025814/,
1792933.0,2007.0,Douban,9583,,,,6.7,查理·威尔森的战争 Charlie Wilson's War,,Drama / Comedy / Biography,,"['8.7', '30.4', '49.2', '10.0', '1.6']",https://movie.douban.com/subject/1792933/,
3570688.0,2007.0,Douban,69076,,,,9.4,IT狂人 第二季 The IT Crowd Season 2,,Comedy,,"['75.9', '20.6', '3.2', '0.2', '0.1']",https://movie.douban.com/subject/3570688/,
2028659.0,2007.0,Douban,37103,,,,8.5,狐狸与我 Le renard et l'enfant,,Drama / Children / Adventure,,"['39.7', '45.0', '13.9', '1.1', '0.3']",https://movie.douban.com/subject/2028659/,
1946867.0,2007.0,Douban,22013,,,,7.4,发胶 Hairspray,,Comedy / Romance / Musical,,"['16.7', '42.9', '35.4', '4.2', '0.8']",https://movie.douban.com/subject/1946867/,
2036996.0,2007.0,Douban,16335,,,,5.9,校墓处 校墓處,,Horror,,"['6.3', '15.8', '50.0', '21.6', '6.2']",https://movie.douban.com/subject/2036996/,
2080007.0,2007.0,Douban,72291,,,,7.6,金刚不坏 Death Proof,,Action / Thriller / Crime,,"['22.1', '43.6', '28.9', '4.3', '1.1']",https://movie.douban.com/subject/2080007/,
1482077.0,2007.0,Douban,130825,,,,6.8,灵魂战车 Ghost Rider,,Action / Thriller / Fantasy,,"['11.3', '30.4', '47.4', '9.3', '1.6']",https://movie.douban.com/subject/1482077/,
1482090.0,2007.0,Douban,43481,,,,7.8,刑房 Grindhouse,,Action / Thriller / Horror,,"['23.8', '46.0', '25.9', '3.4', '1.0']",https://movie.douban.com/subject/1482090/,
2080133.0,2007.0,Douban,93628,,,,7.1,男儿本色 男兒本色,,Action / Crime,,"['12.2', '38.1', '43.7', '5.1', '1.0']",https://movie.douban.com/subject/2080133/,
3206620.0,2007.0,Douban,22040,,,,9.1,剑豪生死斗 シグルイ,,Drama / Action / Animation,,"['66.9', '23.9', '7.0', '1.4', '0.9']",https://movie.douban.com/subject/3206620/,
2156069.0,2007.0,Douban,11326,,,,8.0,谷子和鲻鱼 La Graine et le mulet,,Drama,,"['28.3', '49.4', '19.0', '2.6', '0.7']",https://movie.douban.com/subject/2156069/,
2364982.0,2007.0,Douban,18689,,,,6.9,狱中豪杰 Big Stan,,Comedy / Action,,"['11.4', '32.6', '48.3', '6.5', '1.2']",https://movie.douban.com/subject/2364982/,
1855131.0,2007.0,Douban,42714,,,,8.6,东京塔 東京タワー～オカンとボクと、時々、オトン～,,Drama / Family,,"['45.9', '41.6', '11.6', '0.7', '0.2']",https://movie.douban.com/subject/1855131/,
1937132.0,2007.0,Douban,6833,,,,7.0,寿喜烧西部片 スキヤキ ウェスタン ジャンゴ,,Action / Western,,"['13.7', '35.0', '39.9', '9.1', '2.4']",https://movie.douban.com/subject/1937132/,
1607471.0,2007.0,Douban,109667,,,,7.3,国家宝藏：夺宝秘笈 National Treasure: Book of Secrets,,Action / Mystery / Adventure,,"['12.7', '42.6', '40.7', '3.7', '0.4']",https://movie.douban.com/subject/1607471/,
1507151.0,2007.0,Douban,35863,,,,6.6,游侠 War,,Action / Thriller / Crime,,"['8.4', '25.5', '54.1', '10.5', '1.6']",https://movie.douban.com/subject/1507151/,
3055450.0,2007.0,Douban,24221,,,,8.3,看不见的世界 The World Unseen,,Drama / Romance / Homosexual,,"['34.9', '45.5', '17.9', '1.6', '0.2']",https://movie.douban.com/subject/3055450/,
2070367.0,2007.0,Douban,68462,,,,8.0,每当变幻时,,Drama / Comedy / Romance,,"['27.7', '48.3', '21.9', '1.7', '0.3']",https://movie.douban.com/subject/2070367/,
1986482.0,2007.0,Douban,2003,,,,7.4,悲伤假期 サッド ヴァケイション,,Drama,,"['14.6', '43.9', '37.2', '3.6', '0.8']",https://movie.douban.com/subject/1986482/,
2156528.0,2007.0,Douban,375432,,,,9.5,生活大爆炸 第一季 The Big Bang Theory Season 1,,Comedy,,"['77.5', '19.4', '2.8', '0.2', '0.1']",https://movie.douban.com/subject/2156528/,
3033085.0,2007.0,Douban,82821,,,,8.2,率性而活 바르게 살자,,Comedy,,"['30.9', '51.3', '16.4', '1.1', '0.3']",https://movie.douban.com/subject/3033085/,
2002954.0,2007.0,Douban,23489,,,,6.3,针孔旅馆 Vacancy,,Drama / Mystery / Thriller / Horror,,"['6.5', '22.4', '54.4', '14.2', '2.5']",https://movie.douban.com/subject/2002954/,
3440654.0,2007.0,Douban,1272,,,,9.1,宇宙 第一季 The Universe Season 1,,Sci-Fi / Documentary / History,,"['66.5', '25.4', '7.0', '0.9', '0.2']",https://movie.douban.com/subject/3440654/,
1865561.0,2007.0,Douban,41625,,,,7.9,潜水钟与蝴蝶 Le Scaphandre et le Papillon,,Drama / Biography,,"['24.2', '50.7', '22.8', '1.9', '0.4']",https://movie.douban.com/subject/1865561/,
2340927.0,2007.0,Douban,74921,,,,9.4,怪化猫 モノノ怪,,Animation / Mystery / Horror / Fantasy,,"['75.7', '19.7', '4.0', '0.4', '0.2']",https://movie.douban.com/subject/2340927/,
3211336.0,2007.0,Douban,4227,,,,7.9,第十一个妈妈 열한번째 엄마,,Drama,,"['24.3', '47.1', '26.3', '2.0', '0.3']",https://movie.douban.com/subject/3211336/,
2156852.0,2007.0,Douban,539,,,,7.9,水班长许东奎 날아라 허동구,,Drama / Family,,"['23.2', '50.7', '23.2', '2.3', '0.7']",https://movie.douban.com/subject/2156852/,
1937502.0,2007.0,Douban,173850,,,,8.2,追风筝的人 The Kite Runner,,Drama,,"['32.8', '47.5', '17.4', '1.8', '0.4']",https://movie.douban.com/subject/1937502/,
3442857.0,2007.0,Douban,7059,,,,9.3,人体内旅行 Inside the Living Body,,Documentary,,"['69.1', '25.6', '4.9', '0.3', '0.2']",https://movie.douban.com/subject/3442857/,
1892527.0,2007.0,Douban,22714,,,,6.6,趣味游戏美国版 Funny Games,,Drama / Thriller / Horror,,"['11.0', '30.2', '41.3', '11.5', '6.0']",https://movie.douban.com/subject/1892527/,
1962160.0,2007.0,Douban,4365,,,,7.7,将爱放逐 Изгнание,,Drama,,"['19.0', '50.0', '26.7', '3.3', '0.9']",https://movie.douban.com/subject/1962160/,
2330863.0,2007.0,Douban,6404,,,,8.4,地球防卫少年 ぼくらの,,Sci-Fi / Animation,,"['41.4', '39.4', '15.6', '2.5', '1.1']",https://movie.douban.com/subject/2330863/,
2075355.0,2007.0,Douban,2143,,,,6.4,风暴来临 Storm Warning,,Horror,,"['9.5', '21.3', '52.1', '14.1', '3.0']",https://movie.douban.com/subject/2075355/,
1960238.0,2007.0,Douban,7119,,,,8.8,24小时 第六季 24 Season 6,,Drama / Action / Mystery / Thriller / Crime,,"['54.3', '33.8', '10.3', '1.1', '0.5']",https://movie.douban.com/subject/1960238/,
1861935.0,2007.0,Douban,19316,,,,7.8,从心开始 Reign Over Me,,Drama,,"['22.3', '49.3', '25.5', '2.5', '0.4']",https://movie.douban.com/subject/1861935/,
1968438.0,2007.0,Douban,71482,,,,7.7,穿越大吉岭 The Darjeeling Limited,,Drama / Comedy / Adventure,,"['20.9', '47.7', '28.4', '2.6', '0.4']",https://movie.douban.com/subject/1968438/,
2042219.0,2007.0,Douban,27189,,,,7.7,天然子结构 天然コケッコー,,Drama,,"['22.0', '45.9', '29.3', '2.4', '0.4']",https://movie.douban.com/subject/2042219/,
2042226.0,2007.0,Douban,7533,,,,7.0,导演万岁！ 監督・ばんざい!,,Drama / Comedy,,"['13.1', '36.3', '41.6', '7.6', '1.4']",https://movie.douban.com/subject/2042226/,
2027899.0,2007.0,Douban,36670,,,,8.4,12怒汉：大审判 12,,Drama / Mystery,,"['40.4', '42.7', '14.4', '1.9', '0.6']",https://movie.douban.com/subject/2027899/,
2138507.0,2007.0,Douban,135250,,,,7.6,奋斗,,Comedy / Romance,,"['22.1', '45.5', '26.9', '3.7', '2.0']",https://movie.douban.com/subject/2138507/,
1872272.0,2007.0,Douban,44310,,,,8.3,美国田园下的罪恶 An American Crime,,Drama / Crime,,"['32.2', '50.8', '15.2', '1.3', '0.5']",https://movie.douban.com/subject/1872272/,
2027948.0,2007.0,Douban,1619,,,,5.6,人在江湖,,Drama / Romance / Crime,,"['6.2', '11.4', '47.4', '25.9', '9.1']",https://movie.douban.com/subject/2027948/,
2263112.0,2007.0,Douban,36765,,,,6.8,C+侦探 C+偵探,,Drama / Mystery,,"['8.1', '32.3', '51.1', '7.2', '1.2']",https://movie.douban.com/subject/2263112/,
2003389.0,2007.0,Douban,80239,,,,8.1,葬礼上的死亡 Death at a Funeral,,Comedy,,"['27.7', '50.2', '19.7', '2.0', '0.4']",https://movie.douban.com/subject/2003389/,
2363855.0,2007.0,Douban,12956,,,,8.3,蜡笔小新：呼风唤雨！会唱歌的屁股炸弹 映画クレヨンしんちゃん　嵐を呼ぶ歌うケツだけ爆弾,,Drama / Animation,,"['39.4', '39.3', '19.0', '1.8', '0.5']",https://movie.douban.com/subject/2363855/,
1950198.0,2007.0,Douban,28439,,,,6.5,一夜大肚 Knocked Up,,Comedy / Romance,,"['6.1', '26.5', '55.8', '10.1', '1.6']",https://movie.douban.com/subject/1950198/,
2972166.0,2007.0,Douban,62794,,,,7.3,魔女幼熙 마녀유희,,Comedy / Romance,,"['15.6', '38.0', '40.6', '4.9', '0.9']",https://movie.douban.com/subject/2972166/,
2132495.0,2007.0,Douban,242196,,,,7.8,朱诺 Juno,,Drama / Comedy / Romance,,"['21.6', '51.0', '25.4', '1.7', '0.3']",https://movie.douban.com/subject/2132495/,
2228823.0,2007.0,Douban,6084,,,,5.2,异种4 Species: The Awakening,,Sci-Fi / Thriller / Horror,,"['4.5', '7.4', '41.2', '35.3', '11.5']",https://movie.douban.com/subject/2228823/,
2230890.0,2007.0,Douban,7697,,,,7.2,无用,,Documentary,,"['14.6', '40.8', '37.4', '6.0', '1.1']",https://movie.douban.com/subject/2230890/,
2157176.0,2007.0,Douban,138209,,,,8.1,放羊的星星,,Romance,,"['33.8', '42.7', '21.2', '1.9', '0.4']",https://movie.douban.com/subject/2157176/,
2085498.0,2007.0,Douban,13475,,,,8.2,海贼王剧场版8：沙漠公主与海盗们 ONE PIECE エピソードオブアラバスタ 砂漠の王女と海賊たち,,Drama / Comedy / Action / Animation / Adventure,,"['35.1', '42.9', '19.1', '2.2', '0.8']",https://movie.douban.com/subject/2085498/,
2278017.0,2007.0,Douban,25361,,,,6.3,兄弟,,Drama / Action,,"['5.6', '20.8', '57.8', '13.5', '2.3']",https://movie.douban.com/subject/2278017/,
2265740.0,2007.0,Douban,4046,,,,7.6,千年敬祈 A Thousand Years of Good Prayers,,Drama / Family,,"['18.7', '45.7', '32.7', '2.6', '0.3']",https://movie.douban.com/subject/2265740/,
2990737.0,2007.0,Douban,11848,,,,7.9,人生访客 The Visitor,,Drama,,"['21.2', '55.5', '21.7', '1.3', '0.3']",https://movie.douban.com/subject/2990737/,
2056856.0,2007.0,Douban,3639,,,,6.0,极乐岛杀人事件 극락도 살인사건,,Drama / Mystery / Thriller,,"['5.5', '15.7', '57.0', '18.0', '3.9']",https://movie.douban.com/subject/2056856/,
1766041.0,2007.0,Douban,3574,,,,7.8,给我承诺 Завет,,Comedy,,"['21.2', '49.7', '25.9', '2.5', '0.6']",https://movie.douban.com/subject/1766041/,
1979066.0,2007.0,Douban,1922,,,,7.5,秀你悲伤的爱 腑抜けども、悲しみの愛を見せろ,,Drama / Family,,"['18.4', '43.7', '33.6', '3.6', '0.7']",https://movie.douban.com/subject/1979066/,
2224890.0,2007.0,Douban,12039,,,,8.4,五号特工组,,Drama,,"['39.0', '44.9', '13.6', '1.5', '1.0']",https://movie.douban.com/subject/2224890/,
1907467.0,2007.0,Douban,11899,,,,7.1,卡珊德拉之梦 Cassandra's Dream,,Drama / Romance / Thriller / Crime,,"['10.4', '41.1', '43.4', '4.6', '0.5']",https://movie.douban.com/subject/1907467/,
3001142.0,2007.0,Douban,9358,,,,7.1,韩塞尔与葛雷特 헨젤과 그레텔,,Drama / Mystery / Horror / Fantasy,,"['13.6', '36.0', '43.1', '6.1', '1.2']",https://movie.douban.com/subject/3001142/,
2018131.0,2007.0,Douban,135579,,,,8.9,求婚大作战 プロポーズ大作戦,,Drama / Romance / Fantasy,,"['57.0', '30.9', '10.7', '1.2', '0.3']",https://movie.douban.com/subject/2018131/,
2078864.0,2007.0,Douban,128028,,,,8.0,绯闻女孩 第一季 Gossip Girl Season 1,,Drama / Romance,,"['26.7', '47.6', '22.9', '2.3', '0.6']",https://movie.douban.com/subject/2078864/,
21945191.0,2007.0,Douban,15476,,,,8.6,猫的集会 猫の集会,,Animation / Short / Fantasy,,"['46.0', '40.4', '12.7', '0.7', '0.2']",https://movie.douban.com/subject/21945191/,
1891201.0,2007.0,Douban,3575,,,,7.4,夜幕 Evening,,Drama / Romance,,"['15.9', '42.8', '35.7', '4.8', '0.8']",https://movie.douban.com/subject/1891201/,
2009925.0,2007.0,Douban,1485,,,,5.3,伐头岭 Timber Falls,,Thriller / Horror,,"['4.3', '7.7', '46.7', '32.0', '9.2']",https://movie.douban.com/subject/2009925/,
2124724.0,2007.0,Douban,544905,,,,8.2,不能说的秘密 不能說的·祕密,,Romance / Music / Fantasy,,"['36.3', '39.3', '21.7', '2.3', '0.4']",https://movie.douban.com/subject/2124724/,
2067450.0,2007.0,Douban,38256,,,,7.5,那家伙的声音 그놈 목소리,,Drama / Thriller,,"['16.3', '47.9', '32.7', '2.5', '0.5']",https://movie.douban.com/subject/2067450/,
2378756.0,2007.0,Douban,5746,,,,8.4,依巴拉度～时间篇 イバラード時間,,Animation / Short / Fantasy,,"['41.2', '39.9', '16.2', '2.1', '0.6']",https://movie.douban.com/subject/2378756/,
2255890.0,2007.0,Douban,3089,,,,6.8,超人：毁灭日 Superman Doomsday,,Drama / Action / Animation / Adventure,,"['11.7', '27.5', '50.2', '9.2', '1.4']",https://movie.douban.com/subject/2255890/,
2075710.0,2007.0,Douban,2802,,,,5.3,死神蘑菇 Shrooms,,Thriller / Horror,,"['3.4', '9.3', '46.8', '32.0', '8.5']",https://movie.douban.com/subject/2075710/,
2268267.0,2007.0,Douban,3403,,,,8.1,失控的校园 Klass,,Drama,,"['30.2', '48.4', '18.3', '2.5', '0.5']",https://movie.douban.com/subject/2268267/,
1844413.0,2007.0,Douban,163118,,,,8.3,八月迷情 August Rush,,Drama / Romance / Music,,"['39.0', '41.4', '17.0', '2.2', '0.5']",https://movie.douban.com/subject/1844413/,
1858678.0,2007.0,Douban,8612,,,,7.6,没有青春的青春 Youth Without Youth,,Drama / Romance / Mystery / Thriller / Fantasy,,"['20.3', '43.9', '30.3', '4.4', '1.1']",https://movie.douban.com/subject/1858678/,
2125064.0,2007.0,Douban,5071,,,,7.2,一番街奇迹 1번가의기적,,Comedy / Romance / Sport,,"['13.7', '38.1', '42.0', '5.3', '0.8']",https://movie.douban.com/subject/2125064/,
2053515.0,2007.0,Douban,289896,,,,8.3,曾经 Once,,Drama / Romance / Music,,"['37.7', '43.6', '16.8', '1.6', '0.3']",https://movie.douban.com/subject/2053515/,
4144556.0,2007.0,Douban,6645,,,,7.2,时光·倒流的话 时光倒流的话,,Romance,,"['13.6', '40.6', '40.5', '4.8', '0.6']",https://movie.douban.com/subject/4144556/,
2039711.0,2007.0,Douban,8748,,,,7.1,反恐疑云 Rendition,,Drama / Thriller / War,,"['9.3', '41.9', '43.1', '4.8', '0.8']",https://movie.douban.com/subject/2039711/,
1946877.0,2007.0,Douban,24867,,,,6.5,后窗惊魂 Disturbia,,Mystery / Thriller,,"['5.9', '27.4', '55.9', '9.5', '1.2']",https://movie.douban.com/subject/1946877/,
1820145.0,2007.0,Douban,159575,,,,7.8,理发师陶德 Sweeney Todd: The Demon Barber of Fleet Street,,Drama / Horror / Musical,,"['23.1', '47.0', '26.8', '2.6', '0.4']",https://movie.douban.com/subject/1820145/,
2346491.0,2007.0,Douban,43443,,,,9.3,犯罪心理 第三季 Criminal Minds Season 3,,Drama / Mystery / Thriller / Crime,,"['69.0', '27.1', '3.6', '0.2', '0.1']",https://movie.douban.com/subject/2346491/,
1578500.0,2007.0,Douban,8702,,,,6.9,绢 Silk,,Drama / Romance,,"['11.6', '33.0', '45.8', '8.3', '1.3']",https://movie.douban.com/subject/1578500/,
1857086.0,2007.0,Douban,3868,,,,6.2,致命报应 The Reaping,,Thriller / Horror,,"['6.9', '19.3', '54.9', '15.7', '3.2']",https://movie.douban.com/subject/1857086/,
1867335.0,2007.0,Douban,74859,,,,7.6,星尘 Stardust,,Romance / Family / Fantasy / Adventure,,"['21.5', '44.1', '30.2', '3.6', '0.6']",https://movie.douban.com/subject/1867335/,
4146762.0,2007.0,Douban,22247,,,,7.2,旧日噩梦 Frayed,,Mystery / Thriller / Crime,,"['14.4', '42.6', '34.9', '6.2', '1.9']",https://movie.douban.com/subject/4146762/,
1578646.0,2007.0,Douban,11681,,,,7.3,勇敢的人 The Brave One,,Drama / Thriller / Crime,,"['14.3', '43.3', '38.1', '3.8', '0.5']",https://movie.douban.com/subject/1578646/,
1824414.0,2007.0,Douban,29117,,,,6.4,幸运查克 Good Luck Chuck,,Drama / Comedy / Romance,,"['6.3', '22.5', '56.4', '12.7', '2.1']",https://movie.douban.com/subject/1824414/,
1918648.0,2007.0,Douban,15772,,,,6.8,蒙古王 Mongol,,Drama / Romance / Biography / War,,"['12.4', '30.7', '45.4', '9.2', '2.3']",https://movie.douban.com/subject/1918648/,
2354897.0,2007.0,Douban,33407,,,,8.7,空之境界 第一章 俯瞰风景 劇場版 空の境界 第一章 俯瞰風景,,Animation / Fantasy / Adventure,,"['50.2', '36.6', '11.6', '1.3', '0.4']",https://movie.douban.com/subject/2354897/,
2051813.0,2007.0,Douban,15984,,,,7.4,火影忍者疾风传剧场版：鸣人之死 劇場版 NARUTO -ナルト- 疾風伝,,Action / Animation / Family / Fantasy / Adventure,,"['19.2', '37.3', '38.0', '4.5', '0.9']",https://movie.douban.com/subject/2051813/,
2002744.0,2007.0,Douban,9739,,,,7.8,焦糖 سكر بنات,,Drama / Comedy / Romance,,"['21.8', '51.1', '24.5', '1.9', '0.6']",https://movie.douban.com/subject/2002744/,
2277181.0,2007.0,Douban,50273,,,,9.0,团子大家族 CLANNAD -クラナド-,,Drama / Romance / Animation,,"['64.3', '23.6', '8.9', '2.0', '1.2']",https://movie.douban.com/subject/2277181/,
1961844.0,2007.0,Douban,21869,,,,7.3,别拿自己不当干部,,Comedy,,"['14.4', '40.7', '40.5', '3.7', '0.7']",https://movie.douban.com/subject/1961844/,
2025115.0,2007.0,Douban,59,,,,3.7,高地人5 Highlander: The Source,,Action / Sci-Fi / Fantasy / Adventure,,"['3.0', '3.0', '15.2', '33.3', '45.5']",https://movie.douban.com/subject/2025115/,
2326458.0,2007.0,Douban,4944,,,,6.5,双面女友 두 얼굴의 여친,,Drama / Comedy / Romance,,"['7.6', '24.7', '53.6', '12.2', '1.9']",https://movie.douban.com/subject/2326458/,
1871836.0,2007.0,Douban,17037,,,,6.5,三十极夜 30 Days of Night,,Thriller / Horror,,"['7.7', '25.5', '51.5', '12.9', '2.4']",https://movie.douban.com/subject/1871836/,
1945253.0,2007.0,Douban,30657,,,,8.6,自由作家 Freedom Writers,,Drama / Biography / Crime,,"['42.8', '44.5', '11.4', '0.9', '0.3']",https://movie.douban.com/subject/1945253/,
3314870.0,2008.0,Douban,370162,,,,9.5,潜伏,,Drama,,"['77.7', '19.6', '2.3', '0.2', '0.2']",https://movie.douban.com/subject/3314870/,
3313801.0,2008.0,Douban,454136,,,,7.3,非诚勿扰,,Comedy / Romance,,"['13.5', '42.7', '38.4', '4.4', '0.9']",https://movie.douban.com/subject/3313801/,
2373195.0,2008.0,Douban,369113,,,,9.2,绝命毒师 第一季 Breaking Bad Season 1,,Drama / Crime,,"['67.3', '27.1', '5.1', '0.3', '0.2']",https://movie.douban.com/subject/2373195/,
1945336.0,2008.0,Douban,191882,,,,7.4,通缉令 Wanted,,Action / Crime / Fantasy,,"['16.6', '45.0', '33.4', '4.3', '0.7']",https://movie.douban.com/subject/1945336/,
3006309.0,2008.0,Douban,261901,,,,8.4,追击者 추격자,,Drama / Thriller / Crime,,"['37.3', '47.9', '12.5', '1.4', '0.8']",https://movie.douban.com/subject/3006309/,
3529375.0,2008.0,Douban,75489,,,,7.1,厉鬼将映 โปรแกรมหน้า วิญญาณอาฆาต,,Thriller / Horror,,"['14.1', '36.6', '41.5', '6.6', '1.3']",https://movie.douban.com/subject/3529375/,
3233603.0,2008.0,Douban,10442,,,,8.0,激情 Passion,,Drama,,"['28.1', '49.7', '19.2', '2.3', '0.7']",https://movie.douban.com/subject/3233603/,
1981242.0,2008.0,Douban,243857,,,,7.8,午夜巴塞罗那 Vicky Cristina Barcelona,,Drama / Romance,,"['22.4', '49.1', '25.9', '2.2', '0.4']",https://movie.douban.com/subject/1981242/,
2147854.0,2008.0,Douban,122844,,,,7.8,好好先生 Yes Man,,Comedy / Romance,,"['22.7', '48.9', '26.2', '1.9', '0.3']",https://movie.douban.com/subject/2147854/,
2044089.0,2008.0,Douban,166774,,,,8.1,杀手没有假期 In Bruges,,Drama / Comedy / Crime,,"['30.0', '49.6', '18.3', '1.8', '0.4']",https://movie.douban.com/subject/2044089/,
4798888.0,2008.0,Douban,209552,,,,8.7,叫我第一名 Front of the Class,,Drama / Biography,,"['45.5', '42.8', '10.9', '0.6', '0.2']",https://movie.douban.com/subject/4798888/,
2132412.0,2008.0,Douban,106881,,,,7.6,死亡飞车 Death Race,,Action / Sci-Fi / Thriller,,"['18.7', '48.1', '30.1', '2.8', '0.4']",https://movie.douban.com/subject/2132412/,
3041806.0,2008.0,Douban,406910,,,,7.8,叶问 葉問,,Drama / Action / Biography / History,,"['20.8', '51.5', '25.7', '1.7', '0.3']",https://movie.douban.com/subject/3041806/,
1428051.0,2008.0,Douban,71301,,,,7.3,夺宝奇兵4 Indiana Jones and the Kingdom of the Crystal Skull,,Action / Thriller / Adventure,,"['14.7', '40.7', '39.6', '4.4', '0.7']",https://movie.douban.com/subject/1428051/,
2028645.0,2008.0,Douban,187610,,,,7.8,拆弹部队 The Hurt Locker,,Drama / Thriller / War,,"['20.4', '51.7', '25.2', '2.1', '0.5']",https://movie.douban.com/subject/2028645/,
2028666.0,2008.0,Douban,175876,,,,8.4,换子疑云 Changeling,,Drama / Mystery / Thriller,,"['34.9', '51.1', '13.2', '0.7', '0.1']",https://movie.douban.com/subject/2028666/,
3012009.0,2008.0,Douban,20366,,,,6.7,殉难者 Martyrs,,Drama / Thriller / Horror,,"['13.8', '29.9', '40.4', '11.0', '4.9']",https://movie.douban.com/subject/3012009/,
2359431.0,2008.0,Douban,167671,,,,6.8,保持通话 保持通話,,Drama / Action,,"['8.0', '33.5', '49.5', '7.6', '1.3']",https://movie.douban.com/subject/2359431/,
1863955.0,2008.0,Douban,106043,,,,7.1,另一个波琳家的女孩 The Other Boleyn Girl,,Drama / Romance / Biography / History,,"['11.0', '38.8', '45.0', '4.7', '0.5']",https://movie.douban.com/subject/1863955/,
2369845.0,2008.0,Douban,226913,,,,8.4,嫌疑人X的献身 容疑者Xの献身,,Drama / Mystery / Crime,,"['34.7', '50.3', '13.8', '0.9', '0.2']",https://movie.douban.com/subject/2369845/,
2976123.0,2008.0,Douban,59870,,,,7.0,文雀,,Drama / Romance,,"['11.4', '37.2', '42.2', '7.6', '1.5']",https://movie.douban.com/subject/2976123/,
2357719.0,2008.0,Douban,111524,,,,7.4,名侦探柯南：战栗的乐谱 名探偵コナン 戦慄の楽譜,,Animation / Mystery,,"['18.3', '37.4', '38.6', '5.0', '0.7']",https://movie.douban.com/subject/2357719/,
2032143.0,2008.0,Douban,35252,,,,8.1,东京奏鸣曲 トウキョウソナタ,,Drama,,"['28.3', '52.7', '17.5', '1.3', '0.3']",https://movie.douban.com/subject/2032143/,
2996855.0,2008.0,Douban,59298,,,,7.7,珠光宝气 珠光寶氣,,Drama,,"['21.9', '46.7', '28.5', '2.4', '0.5']",https://movie.douban.com/subject/2996855/,
2256043.0,2008.0,Douban,15062,,,,8.0,千钧。一发,,Drama / Crime,,"['27.9', '49.7', '19.7', '2.0', '0.7']",https://movie.douban.com/subject/2256043/,
2004482.0,2008.0,Douban,25159,,,,7.8,东京！ Tokyo!,,Drama / Comedy / Fantasy,,"['21.6', '49.8', '25.2', '2.7', '0.8']",https://movie.douban.com/subject/2004482/,
2054024.0,2008.0,Douban,91617,,,,7.6,妈妈咪呀 Mamma Mia!,,Comedy / Romance / Musical,,"['20.3', '42.9', '32.2', '4.0', '0.6']",https://movie.douban.com/subject/2054024/,
2135981.0,2008.0,Douban,471904,,,,6.8,画皮 畫皮,,Drama / Romance / Thriller / Fantasy,,"['9.8', '32.9', '48.2', '7.8', '1.4']",https://movie.douban.com/subject/2135981/,
2144242.0,2008.0,Douban,99335,,,,7.3,科洛弗档案 Cloverfield,,Sci-Fi / Thriller / Disaster,,"['16.0', '41.6', '34.4', '6.2', '1.8']",https://movie.douban.com/subject/2144242/,
3217669.0,2008.0,Douban,10174,,,,6.1,刺 Splinter,,Drama / Sci-Fi / Thriller / Horror,,"['5.5', '19.2', '54.4', '17.0', '3.8']",https://movie.douban.com/subject/3217669/,
2347485.0,2008.0,Douban,114544,,,,9.1,天道,,Drama / Romance,,"['69.1', '22.5', '5.7', '1.4', '1.3']",https://movie.douban.com/subject/2347485/,
3011058.0,2008.0,Douban,9092,,,,7.4,柏林的女人 Anonyma - Eine Frau in Berlin,,Drama / Biography / History / War,,"['17.3', '44.6', '32.7', '3.9', '1.5']",https://movie.douban.com/subject/3011058/,
3150346.0,2008.0,Douban,38929,,,,6.4,考死：血之期中考试 고사 : 피의 중간고사,,Mystery / Thriller / Horror,,"['6.8', '24.2', '55.0', '11.9', '2.0']",https://movie.douban.com/subject/3150346/,
2133422.0,2008.0,Douban,27552,,,,6.6,乘客 Passengers,,Drama / Romance / Mystery / Thriller,,"['7.1', '28.5', '53.2', '9.9', '1.2']",https://movie.douban.com/subject/2133422/,
3230459.0,2008.0,Douban,416878,,,,8.1,李米的猜想,,Drama / Romance / Crime,,"['30.0', '48.3', '19.8', '1.7', '0.3']",https://movie.douban.com/subject/3230459/,
1950525.0,2008.0,Douban,153041,,,,5.6,大灌篮 大灌籃,,Comedy / Sport,,"['6.3', '12.9', '45.4', '26.2', '9.2']",https://movie.douban.com/subject/1950525/,
2000741.0,2008.0,Douban,12309,,,,8.5,母亲 母べえ,,Drama / Family,,"['40.5', '46.5', '11.9', '0.8', '0.3']",https://movie.douban.com/subject/2000741/,
2251924.0,2008.0,Douban,103270,,,,7.4,野孩子 Wild Child,,Drama / Comedy / Romance,,"['16.9', '40.0', '38.1', '4.3', '0.6']",https://movie.douban.com/subject/2251924/,
2268359.0,2008.0,Douban,536086,,,,7.6,暮光之城 Twilight,,Drama / Romance / Thriller / Fantasy,,"['24.0', '40.5', '29.5', '4.8', '1.3']",https://movie.douban.com/subject/2268359/,
3173635.0,2008.0,Douban,23967,,,,8.5,花落花开 Séraphine,,Drama / Biography / War,,"['39.2', '48.8', '11.2', '0.6', '0.2']",https://movie.douban.com/subject/3173635/,
2037012.0,2008.0,Douban,241230,,,,8.2,革命之路 Revolutionary Road,,Drama / Romance,,"['30.5', '50.7', '17.4', '1.2', '0.2']",https://movie.douban.com/subject/2037012/,
2297265.0,2008.0,Douban,293960,,,,8.7,浪潮 Die Welle,,Drama / Thriller,,"['47.8', '41.6', '9.6', '0.8', '0.2']",https://movie.douban.com/subject/2297265/,
4068816.0,2008.0,Douban,36140,,,,7.1,蛇舌 蛇にピアス,,Thriller,,"['16.8', '33.2', '40.3', '7.9', '1.7']",https://movie.douban.com/subject/4068816/,
3077668.0,2008.0,Douban,131853,,,,8.7,天水围的日与夜 天水圍的日與夜,,Drama / Family,,"['45.9', '43.0', '10.1', '0.8', '0.2']",https://movie.douban.com/subject/3077668/,
3397503.0,2008.0,Douban,116983,,,,8.1,未知死亡 Ghajini,,Drama / Action / Romance / Mystery / Thriller,,"['34.6', '42.9', '18.7', '2.8', '0.9']",https://movie.douban.com/subject/3397503/,
3039187.0,2008.0,Douban,27577,,,,8.3,阿基里斯与龟 アキレスと亀,,Drama / Comedy,,"['32.9', '49.2', '15.9', '1.6', '0.4']",https://movie.douban.com/subject/3039187/,
1939414.0,2008.0,Douban,202270,,,,5.8,功夫之王 The Forbidden Kingdom,,Action / Fantasy / Adventure / Chinese swordplay / Costume,,"['6.7', '14.4', '48.8', '23.9', '6.1']",https://movie.douban.com/subject/1939414/,
2037833.0,2008.0,Douban,86297,,,,6.9,地心历险记 Journey to the Center of the Earth,,Action / Sci-Fi / Adventure,,"['10.9', '33.7', '47.9', '6.6', '0.9']",https://movie.douban.com/subject/2037833/,
1994879.0,2008.0,Douban,44125,,,,6.9,热带惊雷 Tropic Thunder,,Comedy / Action / Adventure,,"['12.1', '34.0', '43.0', '8.7', '2.1']",https://movie.douban.com/subject/1994879/,
2969282.0,2008.0,Douban,130106,,,,8.2,七磅 Seven Pounds,,Drama,,"['32.1', '47.6', '18.2', '1.7', '0.3']",https://movie.douban.com/subject/2969282/,
2138299.0,2008.0,Douban,40078,,,,7.6,摇滚黑帮 RocknRolla,,Action / Thriller / Crime,,"['18.3', '46.3', '31.6', '3.3', '0.5']",https://movie.douban.com/subject/2138299/,
3100868.0,2008.0,Douban,8592,,,,9.5,办公室 第五季 The Office Season 5,,Drama / Comedy / Romance,,"['80.0', '17.2', '2.5', '0.2', '0.2']",https://movie.douban.com/subject/3100868/,
3082452.0,2008.0,Douban,50339,,,,6.5,狼牙,,Action / Thriller,,"['9.0', '24.5', '52.2', '11.8', '2.5']",https://movie.douban.com/subject/3082452/,
1929441.0,2008.0,Douban,17841,,,,6.9,戴夫号飞船 Meet Dave,,Comedy / Romance / Sci-Fi / Family / Adventure,,"['11.2', '32.9', '47.9', '6.9', '1.1']",https://movie.douban.com/subject/1929441/,
3281206.0,2008.0,Douban,2517,,,,8.2,天国遥遥 天国はまだ遠く,,Drama,,"['32.5', '47.1', '18.2', '1.5', '0.6']",https://movie.douban.com/subject/3281206/,
2353665.0,2008.0,Douban,23285,,,,6.0,这不是斯巴达 Meet The Spartans,,Comedy,,"['7.9', '19.2', '46.7', '19.5', '6.8']",https://movie.douban.com/subject/2353665/,
3312344.0,2008.0,Douban,108762,,,,7.3,证人 証人,,Action / Thriller,,"['12.0', '47.1', '37.6', '2.9', '0.4']",https://movie.douban.com/subject/3312344/,
3168993.0,2008.0,Douban,45655,,,,8.7,求婚大作战特别篇 プロポーズ大作戦スペシャル,,Drama,,"['52.1', '34.3', '12.7', '0.8', '0.1']",https://movie.douban.com/subject/3168993/,
2054933.0,2008.0,Douban,93985,,,,7.1,阅后即焚 Burn After Reading,,Drama / Comedy / Crime,,"['11.8', '41.6', '39.9', '5.7', '1.0']",https://movie.douban.com/subject/2054933/,
3212098.0,2008.0,Douban,7354,,,,6.5,河上的爱情,,Drama / Romance / Short,,"['7.8', '26.1', '49.8', '13.8', '2.6']",https://movie.douban.com/subject/3212098/,
1997679.0,2008.0,Douban,123007,,,,5.7,木乃伊3 The Mummy: Tomb of the Dragon Emperor,,Action / Thriller / Fantasy / Adventure,,"['5.6', '13.5', '47.9', '25.5', '7.5']",https://movie.douban.com/subject/1997679/,
3126187.0,2008.0,Douban,54250,,,,7.4,死神的十字路口 สี่แพร่ง,,Drama / Mystery / Thriller / Horror,,"['15.3', '44.0', '35.0', '4.8', '0.9']",https://movie.douban.com/subject/3126187/,
2157504.0,2008.0,Douban,50013,,,,8.1,百万元与苦虫女 百万円と苦虫女,,Drama,,"['27.3', '50.5', '20.6', '1.4', '0.2']",https://movie.douban.com/subject/2157504/,
3158990.0,2008.0,Douban,257383,,,,7.6,海角七号 海角七號,,Drama / Comedy / Romance,,"['20.4', '43.6', '31.0', '4.0', '0.9']",https://movie.douban.com/subject/3158990/,
2393060.0,2008.0,Douban,21736,,,,9.7,火线 第五季 The Wire Season 5,,Drama / Mystery / Thriller / Crime,,"['90.0', '7.9', '1.5', '0.3', '0.3']",https://movie.douban.com/subject/2393060/,
1440855.0,2008.0,Douban,55152,,,,7.6,第一滴血4 Rambo,,Action / Thriller,,"['20.0', '43.5', '32.3', '3.6', '0.7']",https://movie.douban.com/subject/1440855/,
2028647.0,2008.0,Douban,53181,,,,7.2,行动目标希特勒 Valkyrie,,Drama / History / War,,"['11.5', '43.8', '40.6', '3.6', '0.5']",https://movie.douban.com/subject/2028647/,
24530046.0,2008.0,Douban,5721,,,,9.2,大侦探波洛 第十一季 Agatha Christie's Poirot Season 11,,Drama / Mystery / Crime,,"['65.8', '28.2', '5.6', '0.3', '0.3']",https://movie.douban.com/subject/24530046/,
3345619.0,2008.0,Douban,57807,,,,9.4,IT狂人 第三季 The IT Crowd Season 3,,Comedy,,"['75.5', '21.1', '3.2', '0.2', '0.1']",https://movie.douban.com/subject/3345619/,
2082013.0,2008.0,Douban,110523,,,,7.7,欲望都市 Sex and the City,,Drama / Comedy / Romance,,"['23.6', '43.7', '29.2', '3.0', '0.5']",https://movie.douban.com/subject/2082013/,
1946882.0,2008.0,Douban,127091,,,,6.7,007：大破量子危机 Quantum of Solace,,Action / Mystery / Thriller / Adventure,,"['8.3', '27.9', '53.8', '9.0', '1.1']",https://movie.douban.com/subject/1946882/,
2028819.0,2008.0,Douban,26539,,,,8.3,"纽约提喻法 Synecdoche, New York",,Drama,,"['41.0', '37.4', '17.4', '3.2', '1.0']",https://movie.douban.com/subject/2028819/,
3007826.0,2008.0,Douban,49879,,,,8.3,摔角王 The Wrestler,,Drama / Biography / Sport,,"['34.1', '49.3', '15.1', '1.2', '0.2']",https://movie.douban.com/subject/3007826/,
1465829.0,2008.0,Douban,202338,,,,6.4,赤壁(上),,Action / History / War / Costume,,"['6.5', '25.6', '53.1', '12.0', '2.8']",https://movie.douban.com/subject/1465829/,
1949312.0,2008.0,Douban,195690,,,,6.9,全民超人汉考克 Hancock,,Action / Crime / Fantasy,,"['9.5', '34.7', '48.7', '6.2', '0.8']",https://movie.douban.com/subject/1949312/,
1949328.0,2008.0,Douban,56780,,,,6.6,心灵传输者 Jumper,,Action / Sci-Fi / Thriller / Adventure,,"['8.8', '28.2', '49.0', '11.5', '2.5']",https://movie.douban.com/subject/1949328/,
3077840.0,2008.0,Douban,15455,,,,7.6,三只猴子 Üç maymun,,Drama,,"['18.7', '49.4', '27.5', '3.7', '0.6']",https://movie.douban.com/subject/3077840/,
3012309.0,2008.0,Douban,56090,,,,8.1,古灵精探 古靈精探,,Comedy / Crime,,"['28.6', '48.2', '21.5', '1.4', '0.2']",https://movie.douban.com/subject/3012309/,
3268241.0,2008.0,Douban,66514,,,,8.4,流星之绊 流星の絆,,Drama,,"['35.8', '47.5', '15.5', '1.0', '0.2']",https://movie.douban.com/subject/3268241/,
1961963.0,2008.0,Douban,553430,,,,7.3,长江七号,,Comedy / Sci-Fi,,"['18.5', '36.2', '38.0', '6.2', '1.1']",https://movie.douban.com/subject/1961963/,
1871840.0,2008.0,Douban,21891,,,,6.5,新丧尸出笼 Day of the Dead,,Action / Thriller / Horror,,"['8.3', '25.3', '53.7', '10.7', '2.0']",https://movie.douban.com/subject/1871840/,
2091015.0,2008.0,Douban,36146,,,,7.2,谎言之躯 Body of Lies,,Drama / Action / Thriller,,"['11.1', '41.8', '42.4', '4.3', '0.4']",https://movie.douban.com/subject/2091015/,
1916995.0,2008.0,Douban,9575,,,,6.4,玩叛游戏 Deception,,Drama / Mystery / Thriller / Crime,,"['5.8', '24.3', '57.2', '11.4', '1.3']",https://movie.douban.com/subject/1916995/,
2369613.0,2008.0,Douban,13248,,,,7.3,火影忍者疾风传剧场版：羁绊 劇場版 NARUTO -ナルト- 疾風伝 絆,,Action / Animation / Fantasy,,"['18.3', '34.7', '40.3', '5.4', '1.3']",https://movie.douban.com/subject/2369613/,
3231824.0,2008.0,Douban,19978,,,,9.1,广告狂人 第二季 Mad Men Season 2,,Drama,,"['62.4', '31.9', '5.3', '0.3', '0.1']",https://movie.douban.com/subject/3231824/,
2334814.0,2008.0,Douban,102455,,,,7.6,"纽约，我爱你 New York, I Love You",,Drama / Romance,,"['17.8', '48.7', '30.8', '2.4', '0.3']",https://movie.douban.com/subject/2334814/,
3190880.0,2008.0,Douban,210484,,,,9.5,生活大爆炸 第二季 The Big Bang Theory Season 2,,Comedy,,"['76.8', '20.5', '2.5', '0.1', '0.1']",https://movie.douban.com/subject/3190880/,
3008655.0,2008.0,Douban,8949,,,,5.8,蝎子王2：勇士的崛起 The Scorpion King: Rise of a Warrior,,Action / Fantasy / Adventure,,"['6.1', '14.0', '50.7', '21.4', '7.9']",https://movie.douban.com/subject/3008655/,
2359450.0,2008.0,Douban,31727,,,,6.5,夺帅 奪帥,,Action / Crime,,"['9.2', '25.6', '50.9', '12.0', '2.3']",https://movie.douban.com/subject/2359450/,
2359497.0,2008.0,Douban,8292,,,,6.9,20世纪少年 第1章 20世紀少年 第1章 終わりの始まり,,Sci-Fi / Mystery / Fantasy / Adventure,,"['13.8', '31.6', '42.4', '9.6', '2.6']",https://movie.douban.com/subject/2359497/,
3008715.0,2008.0,Douban,3254,,,,9.1,红色翅膀：火烈鸟故事 The Crimson Wing: Mystery of the Flamingos,,Documentary,,"['63.8', '30.1', '5.6', '0.3', '0.2']",https://movie.douban.com/subject/3008715/,
3074307.0,2008.0,Douban,47783,,,,6.6,一半海水一半火焰,,Drama,,"['11.5', '28.0', '43.1', '13.1', '4.3']",https://movie.douban.com/subject/3074307/,
2081098.0,2008.0,Douban,66168,,,,7.1,渺渺,,Comedy / Romance / Homosexual,,"['12.4', '37.1', '43.6', '6.1', '0.8']",https://movie.douban.com/subject/2081098/,
2408796.0,2008.0,Douban,1623,,,,7.5,罗曼·波兰斯基：被通缉的与被渴望的 Roman Polanski: Wanted and Desired,,Documentary / Crime,,"['13.0', '53.3', '31.7', '1.0', '1.0']",https://movie.douban.com/subject/2408796/,
2138467.0,2008.0,Douban,10436,,,,8.7,麻雀之歌 آواز گنجشک ها,,Drama,,"['45.1', '44.5', '9.6', '0.6', '0.2']",https://movie.douban.com/subject/2138467/,
2976111.0,2008.0,Douban,66760,,,,8.1,狗狗与我的十个约定 犬と私の10の約束,,Drama / Comedy / Romance,,"['31.7', '45.3', '20.6', '2.0', '0.4']",https://movie.douban.com/subject/2976111/,
2140558.0,2008.0,Douban,5503,,,,7.5,圣安娜奇迹 Miracle at St. Anna,,Drama / Action / Thriller / War / Crime,,"['18.7', '44.9', '31.3', '3.9', '1.2']",https://movie.douban.com/subject/2140558/,
2027923.0,2008.0,Douban,51533,,,,7.3,第一诫,,Action / Thriller / Horror / Crime,,"['14.8', '41.9', '36.7', '5.2', '1.4']",https://movie.douban.com/subject/2027923/,
3002819.0,2008.0,Douban,25640,,,,5.7,花花型警,,Action / Romance / Thriller,,"['3.1', '13.1', '54.9', '23.0', '5.9']",https://movie.douban.com/subject/3002819/,
2132430.0,2008.0,Douban,22682,,,,6.8,如何众叛亲离 How to Lose Friends & Alienate People,,Drama / Comedy / Romance / Biography,,"['8.2', '34.0', '49.1', '7.6', '1.0']",https://movie.douban.com/subject/2132430/,
2158328.0,2008.0,Douban,9426,,,,7.1,叛国者 Traitor,,Drama / Thriller / Crime,,"['8.1', '44.3', '43.8', '3.5', '0.4']",https://movie.douban.com/subject/2158328/,
3199460.0,2008.0,Douban,13543,,,,9.2,交响情人梦 巴黎篇 のだめカンタービレ 巴里編,,Animation,,"['66.2', '27.9', '5.6', '0.2', '0.1']",https://movie.douban.com/subject/3199460/,
2970087.0,2008.0,Douban,36093,,,,7.3,生化危机：恶化 バイオハザード ディジェネレーション,,Action / Sci-Fi / Animation / Thriller,,"['14.1', '40.8', '40.1', '4.3', '0.7']",https://movie.douban.com/subject/2970087/,
3621404.0,2008.0,Douban,10250,,,,6.5,机动部队—绝路,,Drama / Thriller / Crime,,"['9.4', '24.3', '51.9', '11.8', '2.7']",https://movie.douban.com/subject/3621404/,
3195432.0,2008.0,Douban,2770,,,,7.6,希林公主 شیرین,,Drama,,"['22.5', '44.5', '26.5', '4.4', '2.0']",https://movie.douban.com/subject/3195432/,
3621418.0,2008.0,Douban,9352,,,,6.5,机动部队—人性,,Drama / Thriller / Crime,,"['7.2', '22.4', '57.6', '11.3', '1.5']",https://movie.douban.com/subject/3621418/,
2970163.0,2008.0,Douban,14139,,,,7.4,曾是超人的男子 슈퍼맨이었던 사나이,,Drama / Comedy,,"['19.0', '41.1', '33.8', '5.1', '1.0']",https://movie.douban.com/subject/2970163/,
3047989.0,2008.0,Douban,23017,,,,7.4,风云决,,Action / Animation / Chinese swordplay,,"['24.8', '31.2', '34.1', '8.0', '1.9']",https://movie.douban.com/subject/3047989/,
2153016.0,2008.0,Douban,25606,,,,8.6,迷失 第四季 Lost Season 4,,Drama / Sci-Fi / Mystery / Thriller / Adventure,,"['46.4', '38.9', '13.0', '1.2', '0.5']",https://movie.douban.com/subject/2153016/,
2980431.0,2008.0,Douban,8871,,,,6.2,东京残酷警察 東京残酷警察,,Action / Sci-Fi / Horror,,"['11.9', '21.1', '38.4', '20.6', '8.0']",https://movie.douban.com/subject/2980431/,
2038379.0,2008.0,Douban,29399,,,,7.3,刺杀据点 Vantage Point,,Drama / Action / Thriller / Crime,,"['12.2', '45.9', '36.6', '4.6', '0.8']",https://movie.douban.com/subject/2038379/,
1438336.0,2008.0,Douban,1911,,,,8.0,马拉多纳 Maradona by Kusturica,,Documentary / Sport,,"['28.3', '46.4', '22.4', '2.3', '0.6']",https://movie.douban.com/subject/1438336/,
2363843.0,2008.0,Douban,8798,,,,8.3,一年到头,,Comedy,,"['33.0', '49.0', '16.5', '1.1', '0.4']",https://movie.douban.com/subject/2363843/,
3095189.0,2008.0,Douban,11038,,,,6.9,恶魔的艺术3：鬼影随行 ลองของ 3,,Horror,,"['11.9', '30.2', '48.7', '8.1', '1.2']",https://movie.douban.com/subject/3095189/,
3011225.0,2008.0,Douban,98391,,,,8.4,最后的朋友 ラスト・フレンズ,,Drama / Romance,,"['40.4', '41.3', '16.1', '1.8', '0.4']",https://movie.douban.com/subject/3011225/,
3214020.0,2008.0,Douban,41790,,,,9.4,犯罪心理 第四季 Criminal Minds Season 4,,Drama / Mystery / Thriller / Crime,,"['72.5', '24.3', '3.0', '0.1', '0.1']",https://movie.douban.com/subject/3214020/,
3017508.0,2008.0,Douban,15546,,,,8.7,海贼王剧场版9：冬季绽放的奇迹之樱 ONE PIECE エピソード オブ チョッパー プラス 冬に咲く、奇跡の桜,,Drama / Comedy / Action / Animation / Fantasy,,"['49.6', '36.2', '12.2', '1.3', '0.8']",https://movie.douban.com/subject/3017508/,
3504940.0,2008.0,Douban,22014,,,,7.6,挽歌 Elegy,,Drama / Romance,,"['18.2', '46.0', '32.4', '2.9', '0.6']",https://movie.douban.com/subject/3504940/,
1972701.0,2008.0,Douban,48072,,,,6.8,糊涂侦探 Get Smart,,Comedy / Action / Adventure,,"['9.1', '33.2', '49.2', '7.6', '0.9']",https://movie.douban.com/subject/1972701/,
3060542.0,2008.0,Douban,203111,,,,9.4,夏目友人帐 夏目友人帳,,Drama / Animation / Fantasy,,"['75.0', '20.6', '3.9', '0.3', '0.2']",https://movie.douban.com/subject/3060542/,
3212120.0,2008.0,Douban,70052,,,,7.4,九降风 九降風,,Drama,,"['14.5', '44.4', '36.9', '3.6', '0.5']",https://movie.douban.com/subject/3212120/,
3060588.0,2008.0,Douban,521,,,,7.3,期盼的八月 Aquele Querido Mês de Agosto,,Romance / Music,,"['16.5', '40.5', '34.3', '6.8', '2.0']",https://movie.douban.com/subject/3060588/,
2052978.0,2008.0,Douban,83377,,,,7.1,双食记,,Drama / Romance / Mystery,,"['10.3', '40.3', '43.8', '4.9', '0.7']",https://movie.douban.com/subject/2052978/,
3072883.0,2008.0,Douban,5411,,,,6.4,无防备都市 무방비도시,,Action / Crime,,"['7.3', '22.7', '54.7', '13.1', '2.1']",https://movie.douban.com/subject/3072883/,
3041773.0,2008.0,Douban,12082,,,,7.5,蜡笔小新：呼风唤雨！金矛之勇者 クレヨンしんちゃん ちょー嵐を呼ぶ 金矛の勇者,,Drama / Comedy / Animation / Family / Fantasy / Adventure,,"['26.4', '31.9', '35.2', '5.4', '1.1']",https://movie.douban.com/subject/3041773/,
2222995.0,2008.0,Douban,58576,,,,6.2,硬汉,,Comedy / Action,,"['5.4', '22.0', '54.5', '14.5', '3.5']",https://movie.douban.com/subject/2222995/,
3240884.0,2008.0,Douban,39996,,,,7.5,巴啦啦小魔仙,,Children / Fantasy,,"['30.0', '30.8', '28.4', '6.2', '4.6']",https://movie.douban.com/subject/3240884/,
2157507.0,2008.0,Douban,56599,,,,8.1,魔幻时刻 ザ・マジックアワー,,Comedy,,"['29.3', '50.1', '18.6', '1.7', '0.4']",https://movie.douban.com/subject/2157507/,
3070921.0,2008.0,Douban,16768,,,,8.0,饥饿 Hunger,,Drama / Biography,,"['25.0', '51.2', '21.0', '2.2', '0.7']",https://movie.douban.com/subject/3070921/,
2272222.0,2008.0,Douban,52509,,,,8.2,耳朵大有福,,Drama / Comedy / Family,,"['32.3', '48.6', '17.3', '1.5', '0.3']",https://movie.douban.com/subject/2272222/,
3136507.0,2008.0,Douban,10995,,,,6.9,机动部队—警例,,Action / Thriller / Crime,,"['8.8', '33.9', '51.5', '5.3', '0.6']",https://movie.douban.com/subject/3136507/,
2076162.0,2008.0,Douban,6593,,,,7.0,布鲁姆兄弟 The Brothers Bloom,,Drama / Comedy / Romance / Adventure,,"['11.8', '34.4', '45.3', '7.6', '0.9']",https://movie.douban.com/subject/2076162/,
2303112.0,2008.0,Douban,80004,,,,8.4,法证先锋2 法證先鋒II,,Drama / Crime,,"['35.2', '49.7', '14.0', '0.9', '0.2']",https://movie.douban.com/subject/2303112/,
24843411.0,2008.0,Douban,3476,,,,7.4,鸡皮疙瘩NO.4 トリハダ4〜夜ふかしのあなたにゾクッとする話を,,Horror,,"['17.5', '39.2', '39.3', '3.4', '0.7']",https://movie.douban.com/subject/24843411/,
3173528.0,2008.0,Douban,76102,,,,9.5,2008年第29届北京奥运会开幕式 Beijing 2008 Olympics Games Opening Ceremony,,Sport,,"['81.7', '13.2', '3.7', '0.5', '0.8']",https://movie.douban.com/subject/3173528/,
2225321.0,2008.0,Douban,52984,,,,5.8,地球停转之日 The Day the Earth Stood Still,,Drama / Sci-Fi / Disaster,,"['4.7', '15.5', '50.9', '23.8', '5.1']",https://movie.douban.com/subject/2225321/,
3314878.0,2008.0,Douban,17520,,,,7.7,麦收,,Documentary,,"['22.5', '47.6', '25.6', '2.7', '1.5']",https://movie.douban.com/subject/3314878/,
2968813.0,2008.0,Douban,50731,,,,7.6,生人勿进 Låt den rätte komma in,,Drama / Romance / Horror,,"['20.5', '45.3', '29.5', '3.8', '0.9']",https://movie.douban.com/subject/2968813/,
3018122.0,2008.0,Douban,83542,,,,7.1,玩命快递3 Transporter 3,,Action / Crime,,"['13.1', '36.1', '44.1', '5.7', '1.1']",https://movie.douban.com/subject/3018122/,
2297275.0,2008.0,Douban,52890,,,,7.9,马利和我 Marley & Me,,Drama / Comedy / Romance,,"['25.2', '48.7', '23.8', '1.9', '0.3']",https://movie.douban.com/subject/2297275/,
3073479.0,2008.0,Douban,629,,,,7.0,身不由己 De Ofrivilliga,,Drama,,"['11.6', '36.9', '43.8', '5.6', '2.0']",https://movie.douban.com/subject/3073479/,
3032552.0,2008.0,Douban,103179,,,,8.6,魔幻手机,,Comedy / Fantasy,,"['52.2', '31.7', '12.0', '2.3', '1.8']",https://movie.douban.com/subject/3032552/,
3550132.0,2008.0,Douban,178140,,,,7.9,非常主播 과속스캔들,,Drama / Comedy / Music,,"['23.6', '51.6', '23.2', '1.4', '0.2']",https://movie.douban.com/subject/3550132/,
3014211.0,2008.0,Douban,2132,,,,6.7,帕斯尚尔战役 Passchendaele,,Drama / Romance / History / War,,"['9.5', '28.8', '50.7', '9.4', '1.6']",https://movie.douban.com/subject/3014211/,
2141771.0,2008.0,Douban,7582,,,,6.5,女座头市 ICHI,,Drama / Action / Thriller / Crime,,"['8.0', '24.4', '53.1', '12.4', '2.0']",https://movie.douban.com/subject/2141771/,
1865656.0,2008.0,Douban,4628,,,,6.0,死亡日记 Diary of the Dead,,Sci-Fi / Horror,,"['7.4', '17.8', '47.3', '21.7', '5.8']",https://movie.douban.com/subject/1865656/,
2373267.0,2008.0,Douban,124547,,,,9.3,闯关东,,Drama,,"['71.4', '24.1', '4.0', '0.3', '0.2']",https://movie.douban.com/subject/2373267/,
2051750.0,2008.0,Douban,6513,,,,5.7,鬼来电 One Missed Call,,Mystery / Thriller / Horror,,"['5.3', '12.2', '52.0', '24.6', '5.9']",https://movie.douban.com/subject/2051750/,
3266217.0,2008.0,Douban,6534,,,,7.3,死亡片场 Dead Set,,Drama / Horror,,"['16.4', '41.4', '34.8', '5.6', '1.8']",https://movie.douban.com/subject/3266217/,
2215609.0,2008.0,Douban,75218,,,,7.5,歌舞青春3：毕业季 High School Musical 3: Senior Year,,Drama / Comedy / Family,,"['19.0', '39.8', '36.5', '4.0', '0.7']",https://movie.douban.com/subject/2215609/,
2989755.0,2008.0,Douban,129637,,,,7.7,命中注定我爱你 命中注定我愛你,,Comedy / Romance,,"['22.6', '44.5', '29.1', '3.1', '0.7']",https://movie.douban.com/subject/2989755/,
3077826.0,2008.0,Douban,17561,,,,6.4,女校风波 The Clique,,Comedy,,"['8.6', '21.6', '54.0', '13.3', '2.5']",https://movie.douban.com/subject/3077826/,
3217118.0,2008.0,Douban,5145,,,,8.7,天元突破剧场版 红莲篇 劇場版 天元突破グレンラガン 紅蓮篇,,Drama / Comedy / Action / Sci-Fi / Animation,,"['53.5', '31.8', '11.8', '1.7', '1.2']",https://movie.douban.com/subject/3217118/,
2123510.0,2008.0,Douban,32856,,,,5.9,深海寻人,,Drama / Romance / Thriller / Horror / Fantasy,,"['5.1', '16.5', '50.8', '22.5', '5.2']",https://movie.douban.com/subject/2123510/,
3319776.0,2008.0,Douban,24121,,,,6.6,美人图 미인도,,Romance / Eroticism,,"['8.1', '27.1', '53.0', '10.3', '1.5']",https://movie.douban.com/subject/3319776/,
5166914.0,2008.0,Douban,3851,,,,7.4,鸡皮疙瘩NO.3 トリハダ3 〜夜ふかしのあなたにゾクッとする話を,,Thriller / Horror,,"['16.9', '40.8', '39.0', '2.7', '0.6']",https://movie.douban.com/subject/5166914/,
2010975.0,2008.0,Douban,54320,,,,7.3,澳洲乱世情 Australia,,Drama / Romance / History / War / Adventure,,"['14.2', '42.3', '37.8', '5.1', '0.7']",https://movie.douban.com/subject/2010975/,
2346881.0,2007.0,Douban,63223,,,,7.5,破事儿 破事兒,,Comedy,,"['16.2', '48.6', '31.0', '3.4', '0.9']",https://movie.douban.com/subject/2346881/,
2996114.0,2008.0,Douban,4650,,,,7.6,冰冻之河 Frozen River,,Drama / Crime,,"['14.8', '52.5', '30.0', '2.2', '0.6']",https://movie.douban.com/subject/2996114/,
2135984.0,2008.0,Douban,5051,,,,7.4,帕高与魔法绘本 パコと魔法の絵本,,Family,,"['20.3', '38.1', '32.9', '6.8', '1.7']",https://movie.douban.com/subject/2135984/,
2361266.0,2008.0,Douban,56195,,,,8.3,爱的曝光 愛のむきだし,,Drama / Comedy / Action / Romance,,"['43.1', '36.1', '16.0', '3.3', '1.5']",https://movie.douban.com/subject/2361266/,
1871800.0,2008.0,Douban,14998,,,,6.6,惩罚者2：战争特区 Punisher: War Zone,,Drama / Action / Thriller / Crime,,"['9.6', '26.0', '52.4', '10.2', '1.9']",https://movie.douban.com/subject/1871800/,
3330040.0,2008.0,Douban,5406,,,,7.0,不敢说爱你,,Drama,,"['13.5', '34.5', '42.2', '7.5', '2.3']",https://movie.douban.com/subject/3330040/,
1978369.0,2008.0,Douban,172638,,,,7.6,我的机器人女友 僕の彼女はサイボーグ,,Comedy / Action / Romance / Sci-Fi,,"['20.1', '42.9', '32.5', '3.8', '0.6']",https://movie.douban.com/subject/1978369/,
2373638.0,2008.0,Douban,10715,,,,6.5,隔离区 Quarantine,,Mystery / Thriller / Horror,,"['8.6', '25.3', '50.1', '12.5', '3.5']",https://movie.douban.com/subject/2373638/,
1921003.0,2008.0,Douban,5788,,,,5.1,陌生人 The Strangers,,Thriller / Horror,,"['4.4', '9.8', '36.0', '33.9', '15.9']",https://movie.douban.com/subject/1921003/,
4925463.0,2008.0,Douban,258,,,,6.4,吸血鬼 สัตว์วิกาล,,Horror / Short / Fantasy,,"['5.6', '24.7', '54.9', '12.3', '2.5']",https://movie.douban.com/subject/4925463/,
3123230.0,2008.0,Douban,22910,,,,8.4,德伯家的苔丝 Tess of the D'Urbervilles,,Drama,,"['34.7', '50.9', '13.4', '0.8', '0.2']",https://movie.douban.com/subject/3123230/,
3272741.0,2008.0,Douban,1475,,,,5.7,重庆 중경,,Drama,,"['5.0', '16.7', '43.8', '25.2', '9.3']",https://movie.douban.com/subject/3272741/,
2170919.0,2008.0,Douban,7735,,,,7.7,墙壁之间 Entre les murs,,Drama,,"['18.7', '50.9', '27.1', '2.5', '0.8']",https://movie.douban.com/subject/2170919/,
2996275.0,2008.0,Douban,2890,,,,7.3,逃狱 The Escapist,,Drama / Thriller / Crime,,"['14.6', '42.8', '36.3', '4.9', '1.4']",https://movie.douban.com/subject/2996275/,
2170939.0,2007.0,Douban,3540,,,,6.0,福娃,,Drama / Animation / Children / Fantasy / Adventure / Sport,,"['19.5', '15.7', '30.6', '13.7', '20.4']",https://movie.douban.com/subject/2170939/,
3260481.0,2008.0,Douban,7859,,,,8.7,毕打自己人 畢打自己人,,Comedy,,"['50.6', '35.7', '11.7', '1.3', '0.7']",https://movie.douban.com/subject/3260481/,
3715144.0,2008.0,Douban,8709,,,,7.4,烈日当空 烈日當空,,Drama,,"['17.2', '42.7', '34.3', '4.8', '1.0']",https://movie.douban.com/subject/3715144/,
5206091.0,2008.0,Douban,642,,,,7.7,越线 Linha de Passe,,Drama / Sport,,"['19.3', '52.7', '24.7', '2.4', '0.9']",https://movie.douban.com/subject/5206091/,
3197006.0,2008.0,Douban,90946,,,,8.0,越狱 第四季 Prison Break Season 4,,Drama / Action / Thriller / Crime,,"['32.5', '41.3', '22.0', '3.4', '0.8']",https://movie.douban.com/subject/3197006/,
2369618.0,2008.0,Douban,23229,,,,7.4,花样男子最终章 花より男子ファイナル,,Drama,,"['21.1', '34.1', '38.3', '5.7', '0.8']",https://movie.douban.com/subject/2369618/,
3016788.0,2008.0,Douban,278,,,,7.5,废城,,Documentary,,"['16.8', '48.3', '30.1', '3.5', '1.4']",https://movie.douban.com/subject/3016788/,
3013580.0,2009.0,Douban,119818,,,,7.4,意外,,Mystery / Thriller,,"['12.3', '49.7', '35.1', '2.5', '0.3']",https://movie.douban.com/subject/3013580/,
3586996.0,2009.0,Douban,235389,,,,9.3,绝命毒师 第二季 Breaking Bad Season 2,,Drama / Crime,,"['71.1', '24.3', '4.1', '0.3', '0.2']",https://movie.douban.com/subject/3586996/,
3007817.0,2009.0,Douban,97844,,,,7.9,裂缝 Cracks,,Drama / Thriller,,"['23.6', '52.5', '21.9', '1.6', '0.3']",https://movie.douban.com/subject/3007817/,
3412882.0,2009.0,Douban,307959,,,,7.7,窃听风云 竊聽風雲,,Drama / Action / Thriller,,"['16.1', '54.1', '28.0', '1.6', '0.2']",https://movie.douban.com/subject/3412882/,
3036460.0,2009.0,Douban,125337,,,,8.3,母亲 마더,,Drama / Mystery / Thriller / Crime,,"['33.7', '51.3', '13.8', '1.0', '0.2']",https://movie.douban.com/subject/3036460/,
3009161.0,2009.0,Douban,135165,,,,8.0,守法公民 Law Abiding Citizen,,Drama / Action / Crime,,"['25.8', '52.1', '19.9', '1.6', '0.5']",https://movie.douban.com/subject/3009161/,
3690289.0,2009.0,Douban,156778,,,,8.1,春风沉醉的夜晚,,Drama / Homosexual,,"['29.0', '50.3', '18.3', '1.9', '0.5']",https://movie.douban.com/subject/3690289/,
1927369.0,2009.0,Douban,120380,,,,7.4,天使与魔鬼 Angels & Demons,,Action / Mystery / Thriller,,"['15.3', '45.7', '35.2', '3.4', '0.4']",https://movie.douban.com/subject/1927369/,
3734112.0,2009.0,Douban,663905,,,,8.4,风声,,Drama / Thriller / War / Crime,,"['37.9', '48.1', '12.9', '0.9', '0.2']",https://movie.douban.com/subject/3734112/,
3302627.0,2009.0,Douban,36258,,,,7.0,复仇 Vengeance,,Drama / Action / Thriller / Crime,,"['11.5', '36.6', '43.9', '6.8', '1.2']",https://movie.douban.com/subject/3302627/,
1792928.0,2009.0,Douban,297389,,,,7.6,金刚狼 X-Men Origins: Wolverine,,Action / Sci-Fi,,"['18.7', '46.3', '32.0', '2.7', '0.4']",https://movie.douban.com/subject/1792928/,
2354729.0,2009.0,Douban,140089,,,,6.8,神秘代码 Knowing,,Drama / Sci-Fi / Mystery / Thriller / Disaster,,"['9.7', '31.7', '47.8', '9.2', '1.6']",https://movie.douban.com/subject/2354729/,
2209368.0,2009.0,Douban,162359,,,,7.7,新宿事件,,Drama / Crime,,"['19.0', '48.8', '28.9', '2.8', '0.5']",https://movie.douban.com/subject/2209368/,
3072086.0,2009.0,Douban,449475,,,,8.0,和莎莫的500天 (500) Days of Summer,,Drama / Comedy / Romance,,"['27.5', '48.1', '22.1', '2.0', '0.4']",https://movie.douban.com/subject/3072086/,
3074439.0,2009.0,Douban,4484,,,,7.4,理工学院 Polytechnique,,Drama / History / Crime,,"['13.3', '49.4', '33.3', '3.3', '0.7']",https://movie.douban.com/subject/3074439/,
1885124.0,2009.0,Douban,256202,,,,7.7,时间旅行者的妻子 The Time Traveler's Wife,,Drama / Romance / Mystery / Fantasy,,"['20.5', '48.3', '28.3', '2.5', '0.3']",https://movie.douban.com/subject/1885124/,
2567646.0,2009.0,Douban,99643,,,,9.3,福音战士新剧场版：破 ヱヴァンゲリヲン新劇場版：破,,Drama / Sci-Fi / Animation,,"['71.9', '22.0', '5.1', '0.6', '0.4']",https://movie.douban.com/subject/2567646/,
2132932.0,2009.0,Douban,182831,,,,8.1,星际迷航 Star Trek,,Action / Sci-Fi / Adventure,,"['28.3', '51.4', '18.4', '1.4', '0.3']",https://movie.douban.com/subject/2132932/,
3926132.0,2009.0,Douban,288553,,,,8.2,爱情公寓,,Comedy / Romance,,"['44.2', '36.1', '12.4', '2.1', '5.2']",https://movie.douban.com/subject/3926132/,
1919245.0,2009.0,Douban,224514,,,,8.4,鬼妈妈 Coraline,,Drama / Animation / Family / Fantasy,,"['38.2', '46.4', '14.5', '0.8', '0.1']",https://movie.douban.com/subject/1919245/,
1853768.0,2009.0,Douban,49519,,,,7.5,蝙蝠 박쥐,,Drama / Romance / Horror / Fantasy,,"['18.9', '43.7', '32.0', '4.3', '1.0']",https://movie.douban.com/subject/1853768/,
3011102.0,2009.0,Douban,173487,,,,7.2,假结婚 The Proposal,,Drama / Comedy / Romance,,"['12.5', '41.1', '42.4', '3.6', '0.4']",https://movie.douban.com/subject/3011102/,
2076181.0,2009.0,Douban,137362,,,,8.2,无姓之人 Mr. Nobody,,Drama / Romance / Sci-Fi / Fantasy,,"['35.7', '42.4', '18.5', '2.6', '0.8']",https://movie.douban.com/subject/2076181/,
3430169.0,2009.0,Douban,153386,,,,9.5,钢之炼金术师FA 鋼の錬金術師 FULLMETAL ALCHEMIST,,Drama / Action / Animation / Fantasy / Adventure,,"['82.8', '13.1', '2.7', '0.3', '1.0']",https://movie.douban.com/subject/3430169/,
3670229.0,2009.0,Douban,3236,,,,6.5,彷徨之刃 さまよう刃,,Mystery / Crime,,"['8.3', '25.6', '53.1', '10.3', '2.6']",https://movie.douban.com/subject/3670229/,
3596513.0,2009.0,Douban,61121,,,,7.6,天水围的夜与雾 天水圍的夜與霧,,Drama / Crime,,"['15.4', '50.5', '31.0', '2.6', '0.4']",https://movie.douban.com/subject/3596513/,
3754382.0,2009.0,Douban,170688,,,,9.5,摩登家庭 第一季 Modern Family Season 1,,Comedy / Family,,"['79.2', '17.8', '2.6', '0.2', '0.1']",https://movie.douban.com/subject/3754382/,
2357708.0,2009.0,Douban,148604,,,,6.7,死神来了4 The Final Destination,,Thriller / Horror,,"['10.8', '26.0', '51.0', '10.6', '1.6']",https://movie.douban.com/subject/2357708/,
2277841.0,2009.0,Douban,29241,,,,7.6,兄弟 Brothers,,Drama / Thriller / War,,"['16.0', '51.0', '30.2', '2.5', '0.4']",https://movie.douban.com/subject/2277841/,
1972698.0,2009.0,Douban,238886,,,,8.6,守望者 Watchmen,,Action / Sci-Fi / Mystery,,"['49.2', '34.7', '13.1', '2.2', '0.8']",https://movie.douban.com/subject/1972698/,
3123920.0,2009.0,Douban,3795,,,,7.9,寻找智美更登,,Drama,,"['22.8', '50.1', '25.0', '1.8', '0.4']",https://movie.douban.com/subject/3123920/,
3552028.0,2009.0,Douban,352110,,,,8.7,弱点 The Blind Side,,Drama / Family / Biography / Sport,,"['48.5', '40.4', '10.1', '0.8', '0.2']",https://movie.douban.com/subject/3552028/,
3908423.0,2009.0,Douban,189117,,,,8.5,夏日大作战 サマーウォーズ,,Comedy / Sci-Fi / Animation / Family / Adventure,,"['45.0', '38.2', '14.4', '1.8', '0.5']",https://movie.douban.com/subject/3908423/,
4066125.0,2009.0,Douban,102748,,,,8.2,谜一样的双眼 El secreto de sus ojos,,Drama / Romance / Mystery / Crime,,"['33.0', '47.1', '17.4', '2.0', '0.5']",https://movie.douban.com/subject/4066125/,
3138605.0,2009.0,Douban,7179,,,,8.0,亲爱的医生 ディア・ドクター,,Drama,,"['24.3', '54.4', '20.2', '1.0', '0.1']",https://movie.douban.com/subject/3138605/,
3683409.0,2009.0,Douban,191818,,,,6.8,夜·店,,Comedy,,"['9.9', '34.3', '45.4', '8.6', '1.7']",https://movie.douban.com/subject/3683409/,
2213119.0,2009.0,Douban,25285,,,,6.3,不要回头 Ne te retourne pas,,Drama / Mystery / Thriller / Horror,,"['6.5', '24.2', '52.0', '14.7', '2.7']",https://movie.douban.com/subject/2213119/,
3005875.0,2009.0,Douban,623479,,,,8.0,2012,,Sci-Fi / Disaster,,"['27.3', '48.9', '21.5', '1.8', '0.4']",https://movie.douban.com/subject/3005875/,
2223596.0,2009.0,Douban,184332,,,,7.3,特种部队：眼镜蛇的崛起 G.I. Joe: The Rise of Cobra,,Action / Sci-Fi,,"['15.0', '43.9', '35.6', '4.6', '0.9']",https://movie.douban.com/subject/2223596/,
3259993.0,2009.0,Douban,102751,,,,7.3,丧尸乐园 Zombieland,,Comedy / Horror / Adventure,,"['14.9', '43.2', '36.8', '4.3', '0.7']",https://movie.douban.com/subject/3259993/,
3620686.0,2009.0,Douban,65893,,,,8.8,妙警贼探 第一季 White Collar Season 1,,Drama / Comedy / Mystery / Crime,,"['52.5', '37.1', '9.6', '0.7', '0.2']",https://movie.douban.com/subject/3620686/,
2252778.0,2009.0,Douban,48104,,,,7.3,夜魔 The Collector,,Thriller / Horror / Crime,,"['16.9', '41.5', '34.9', '5.3', '1.3']",https://movie.douban.com/subject/2252778/,
1759386.0,2009.0,Douban,215314,,,,8.6,了不起的狐狸爸爸 Fantastic Mr. Fox,,Comedy / Animation / Adventure,,"['42.0', '45.0', '12.0', '0.8', '0.2']",https://movie.douban.com/subject/1759386/,
3269044.0,2009.0,Douban,1870,,,,7.5,克格勃无间事件 L'affaire Farewell,,Thriller,,"['16.2', '48.1', '32.3', '2.2', '1.1']",https://movie.douban.com/subject/3269044/,
3750554.0,2009.0,Douban,32348,,,,8.7,彩虹照耀 A Shine of Rainbows,,Drama / Family,,"['48.0', '40.4', '10.7', '0.7', '0.2']",https://movie.douban.com/subject/3750554/,
3291930.0,2009.0,Douban,158576,,,,6.4,赤壁(下),,Action / History / War / Costume,,"['6.8', '25.6', '53.5', '11.4', '2.8']",https://movie.douban.com/subject/3291930/,
3387546.0,2009.0,Douban,115772,,,,7.6,名侦探柯南：漆黑的追踪者 名探偵コナン 漆黒の追跡者,,Animation / Mystery,,"['19.7', '44.5', '32.6', '2.8', '0.4']",https://movie.douban.com/subject/3387546/,
3103678.0,2009.0,Douban,151651,,,,8.8,千谎百计 第一季 Lie to Me Season 1,,Drama / Mystery / Thriller / Crime,,"['49.8', '39.9', '9.5', '0.6', '0.1']",https://movie.douban.com/subject/3103678/,
2132930.0,2009.0,Douban,189789,,,,7.9,速度与激情4 Fast & Furious,,Action / Crime,,"['21.8', '50.8', '25.7', '1.5', '0.2']",https://movie.douban.com/subject/2132930/,
2161696.0,2009.0,Douban,452640,,,,7.8,他其实没那么喜欢你 He's Just Not That Into You,,Drama / Comedy / Romance,,"['22.0', '48.5', '27.2', '2.0', '0.3']",https://movie.douban.com/subject/2161696/,
3212352.0,2009.0,Douban,9717,,,,6.4,狗舍 Doghouse,,Comedy / Horror,,"['8.9', '25.9', '46.7', '14.0', '4.5']",https://movie.douban.com/subject/3212352/,
3552328.0,2009.0,Douban,7006,,,,7.1,零的焦点 ゼロの焦点,,Drama,,"['9.8', '42.3', '43.4', '3.8', '0.7']",https://movie.douban.com/subject/3552328/,
4011203.0,2009.0,Douban,7058,,,,7.9,透析,,Drama,,"['23.2', '53.2', '21.1', '2.0', '0.5']",https://movie.douban.com/subject/4011203/,
3288399.0,2009.0,Douban,6036,,,,6.4,夺命之爱 The Loved Ones,,Horror / Crime,,"['8.6', '25.2', '46.3', '15.6', '4.2']",https://movie.douban.com/subject/3288399/,
2998270.0,2009.0,Douban,329171,,,,7.7,大侦探福尔摩斯 Sherlock Holmes,,Action / Mystery / Crime,,"['18.6', '50.5', '28.2', '2.3', '0.3']",https://movie.douban.com/subject/2998270/,
4040275.0,2009.0,Douban,7232,,,,9.4,办公室 第六季 The Office Season 6,,Drama / Comedy / Romance,,"['74.3', '21.4', '3.9', '0.3', '0.1']",https://movie.douban.com/subject/4040275/,
4009651.0,2009.0,Douban,233857,,,,8.2,斗牛,,Drama / Comedy,,"['31.1', '50.5', '16.5', '1.6', '0.4']",https://movie.douban.com/subject/4009651/,
3330144.0,2009.0,Douban,44614,,,,8.7,巾帼枭雄 巾幗梟雄,,Drama,,"['48.8', '40.6', '9.7', '0.6', '0.3']",https://movie.douban.com/subject/3330144/,
3612790.0,2009.0,Douban,32328,,,,7.6,鲁邦三世VS名侦探柯南 ルパン三世vs名探偵コナン,,Animation / Mystery,,"['20.7', '41.5', '33.5', '3.6', '0.7']",https://movie.douban.com/subject/3612790/,
3915458.0,2009.0,Douban,38288,,,,8.5,航海王：强者天下 ONE PIECE FILM STRONG WORLD,,Animation / Fantasy,,"['43.1', '39.7', '15.4', '1.5', '0.3']",https://movie.douban.com/subject/3915458/,
3078386.0,2009.0,Douban,47501,,,,6.8,道林·格雷 Dorian Gray,,Drama / Thriller / Fantasy,,"['9.5', '32.9', '48.2', '8.1', '1.3']",https://movie.douban.com/subject/3078386/,
2361386.0,2009.0,Douban,38590,,,,6.5,堕入地狱 Drag Me to Hell,,Horror / Fantasy,,"['8.0', '26.9', '49.2', '12.8', '3.1']",https://movie.douban.com/subject/2361386/,
3707135.0,2009.0,Douban,1530,,,,7.8,去采些迷迭香 Go Get Some Rosemary,,Drama / Comedy,,"['24.7', '46.3', '25.4', '3.1', '0.6']",https://movie.douban.com/subject/3707135/,
3105162.0,2009.0,Douban,35194,,,,6.9,死亡录像2 [Rec] ²,,Mystery / Thriller / Horror,,"['12.1', '32.0', '46.1', '8.3', '1.6']",https://movie.douban.com/subject/3105162/,
3838279.0,2009.0,Douban,75569,,,,8.9,好想告诉你 第一季 君に届け,,Romance / Animation,,"['55.7', '34.0', '9.3', '0.9', '0.2']",https://movie.douban.com/subject/3838279/,
3275168.0,2009.0,Douban,111771,,,,8.5,单身男子 A Single Man,,Drama / Homosexual,,"['40.3', '45.5', '12.8', '1.1', '0.2']",https://movie.douban.com/subject/3275168/,
3041749.0,2009.0,Douban,108832,,,,8.6,天伦之旅 Everybody's Fine,,Drama / Family,,"['43.4', '45.1', '10.9', '0.5', '0.1']",https://movie.douban.com/subject/3041749/,
3011093.0,2009.0,Douban,137409,,,,7.7,成长教育 An Education,,Drama,,"['19.3', '51.1', '27.2', '2.0', '0.3']",https://movie.douban.com/subject/3011093/,
3603547.0,2009.0,Douban,33632,,,,8.3,绿头苍蝇 똥파리,,Drama / Crime,,"['34.8', '46.8', '16.0', '1.8', '0.6']",https://movie.douban.com/subject/3603547/,
2464346.0,2009.0,Douban,39999,,,,8.2,白丝带 Das weiße Band – Eine deutsche Kindergeschichte,,Drama / Mystery,,"['33.1', '47.6', '16.6', '2.0', '0.6']",https://movie.douban.com/subject/2464346/,
3824274.0,2009.0,Douban,171563,,,,8.8,刺猬的优雅 Le hérisson,,Drama,,"['51.4', '38.3', '9.2', '0.9', '0.2']",https://movie.douban.com/subject/3824274/,
3586725.0,2009.0,Douban,72731,,,,8.3,金氏漂流记 김씨 표류기,,Drama / Comedy / Romance,,"['33.9', '48.0', '16.2', '1.5', '0.4']",https://movie.douban.com/subject/3586725/,
2136824.0,2009.0,Douban,52668,,,,8.2,成事在人 Invictus,,Drama / Biography / History / Sport,,"['30.9', '50.8', '16.9', '1.2', '0.2']",https://movie.douban.com/subject/2136824/,
3805946.0,2009.0,Douban,98450,,,,7.7,比悲伤更悲伤的故事 슬픔보다 더 슬픈 이야기,,Romance,,"['25.0', '42.7', '27.7', '3.7', '0.9']",https://movie.douban.com/subject/3805946/,
3445526.0,2009.0,Douban,42898,,,,6.3,白银帝国,,Drama / History / Costume,,"['5.8', '23.6', '55.0', '13.5', '2.2']",https://movie.douban.com/subject/3445526/,
2294568.0,2009.0,Douban,205669,,,,7.6,南京！南京！,,Drama / History / War,,"['22.8', '43.6', '26.6', '4.4', '2.5']",https://movie.douban.com/subject/2294568/,
3990470.0,2009.0,Douban,187952,,,,9.4,生活大爆炸 第三季 The Big Bang Theory Season 3,,Comedy,,"['74.4', '22.2', '3.2', '0.2', '0.1']",https://movie.douban.com/subject/3990470/,
2282449.0,2009.0,Douban,40068,,,,6.9,魔法奇幻秀 The Imaginarium of Doctor Parnassus,,Comedy / Mystery / Fantasy / Adventure,,"['11.7', '34.5', '43.9', '8.3', '1.6']",https://movie.douban.com/subject/2282449/,
3732550.0,2009.0,Douban,17562,,,,8.4,蜡笔小新：呐喊！春日部野生王国 映画クレヨンしんちゃん　オタケベ！カスカベ野生王国,,Animation,,"['40.7', '41.5', '16.4', '1.2', '0.3']",https://movie.douban.com/subject/3732550/,
2997325.0,2009.0,Douban,187391,,,,9.6,我的团长我的团,,History / War,,"['83.3', '12.7', '3.0', '0.5', '0.4']",https://movie.douban.com/subject/2997325/,
3785958.0,2009.0,Douban,10412,,,,6.3,头七 頭七,,Horror,,"['5.0', '22.1', '57.7', '12.8', '2.3']",https://movie.douban.com/subject/3785958/,
3718447.0,2009.0,Douban,128174,,,,4.8,三枪拍案惊奇,,Comedy / Mystery / Costume,,"['3.4', '8.4', '33.1', '33.9', '21.2']",https://movie.douban.com/subject/3718447/,
2983135.0,2009.0,Douban,7444,,,,6.4,感染列岛 感染列島,,Drama / Sci-Fi / Thriller / Disaster,,"['7.9', '23.7', '52.0', '14.0', '2.4']",https://movie.douban.com/subject/2983135/,
3732800.0,2009.0,Douban,84051,,,,8.7,我们天上见,,Drama / Family,,"['48.9', '40.2', '10.1', '0.7', '0.2']",https://movie.douban.com/subject/3732800/,
1949005.0,2009.0,Douban,66489,,,,7.7,公主与青蛙 The Princess and the Frog,,Comedy / Romance / Animation / Musical,,"['20.8', '44.4', '32.2', '2.2', '0.3']",https://movie.douban.com/subject/1949005/,
3903715.0,2009.0,Douban,13529,,,,8.6,红线 Redline,,Action / Sci-Fi / Animation,,"['49.4', '35.7', '12.8', '1.6', '0.6']",https://movie.douban.com/subject/3903715/,
3861846.0,2009.0,Douban,11140,,,,7.3,火影忍者疾风传剧场版：火之意志的继承者 劇場版 NARUTO -ナルト- 疾風伝 火の意志を継ぐ者,,Action / Animation / Fantasy,,"['18.0', '34.4', '40.9', '5.6', '1.2']",https://movie.douban.com/subject/3861846/,
2977357.0,2009.0,Douban,19976,,,,6.7,杀人不分左右 The Last House on the Left,,Drama / Thriller / Crime,,"['7.8', '29.1', '52.9', '8.8', '1.5']",https://movie.douban.com/subject/2977357/,
3073648.0,2009.0,Douban,27524,,,,7.0,坏中尉 The Bad Lieutenant: Port of Call - New Orleans,,Thriller / Crime,,"['9.1', '38.9', '45.1', '6.0', '0.9']",https://movie.douban.com/subject/3073648/,
2225784.0,2009.0,Douban,16245,,,,6.3,末日病毒 Carriers,,Drama / Thriller / Disaster,,"['6.2', '22.1', '54.6', '13.8', '3.3']",https://movie.douban.com/subject/2225784/,
3227266.0,2009.0,Douban,23417,,,,6.7,我的唐朝兄弟,,Action,,"['10.9', '32.4', '41.9', '11.5', '3.4']",https://movie.douban.com/subject/3227266/,
4226741.0,2009.0,Douban,120774,,,,8.7,李献计历险记,,Animation / Short,,"['51.3', '34.5', '11.8', '1.7', '0.6']",https://movie.douban.com/subject/4226741/,
3102668.0,2009.0,Douban,154508,,,,7.6,天降美食 Cloudy with a Chance of Meatballs,,Comedy / Animation / Fantasy,,"['17.5', '46.8', '32.9', '2.5', '0.3']",https://movie.douban.com/subject/3102668/,
3233761.0,2009.0,Douban,251242,,,,7.7,宿醉 The Hangover,,Comedy,,"['20.9', '47.4', '28.0', '3.1', '0.7']",https://movie.douban.com/subject/3233761/,
2252773.0,2009.0,Douban,48833,,,,7.7,末日危途 The Road,,Drama / Thriller / Adventure / Disaster,,"['21.5', '45.6', '27.8', '4.1', '1.0']",https://movie.douban.com/subject/2252773/,
3534824.0,2009.0,Douban,45721,,,,7.4,空气人偶 空気人形,,Drama / Fantasy,,"['15.1', '46.9', '33.8', '3.7', '0.6']",https://movie.douban.com/subject/3534824/,
3041261.0,2009.0,Douban,16995,,,,6.7,第四类接触 The Fourth Kind,,Sci-Fi / Mystery / Thriller / Horror,,"['10.3', '31.0', '44.1', '11.6', '3.1']",https://movie.douban.com/subject/3041261/,
1986567.0,2009.0,Douban,19905,,,,6.7,身后事 After.Life,,Drama / Mystery / Thriller,,"['8.9', '31.2', '48.6', '9.1', '2.1']",https://movie.douban.com/subject/1986567/,
2369549.0,2009.0,Douban,69169,,,,7.4,公众之敌 Public Enemies,,Drama / Biography / History / Crime,,"['15.9', '44.0', '35.6', '4.0', '0.5']",https://movie.douban.com/subject/2369549/,
2568211.0,2009.0,Douban,3691,,,,7.2,疯草 Les Herbes folles,,Drama / Romance,,"['12.3', '41.0', '40.5', '5.4', '0.9']",https://movie.douban.com/subject/2568211/,
4249642.0,2009.0,Douban,9024,,,,8.7,神秘博士：死亡星球 Doctor Who: Planet of the Dead,,Drama / Sci-Fi / Mystery / Thriller / Fantasy / Adventure / Disaster,,"['50.5', '36.2', '11.4', '1.3', '0.7']",https://movie.douban.com/subject/4249642/,
1914923.0,2009.0,Douban,13617,,,,5.9,黑色星期五 Friday the 13th,,Horror,,"['6.8', '14.6', '52.3', '21.5', '4.8']",https://movie.douban.com/subject/1914923/,
3077739.0,2009.0,Douban,18839,,,,7.6,预言者 Un prophète,,Drama / Crime,,"['17.5', '50.0', '28.9', '3.0', '0.7']",https://movie.douban.com/subject/3077739/,
3418187.0,2009.0,Douban,64916,,,,7.4,克洛伊 Chloe,,Mystery / Homosexual / Family,,"['14.5', '45.2', '36.8', '3.1', '0.4']",https://movie.douban.com/subject/3418187/,
4122701.0,2009.0,Douban,37584,,,,7.3,鬼乱5 ห้าแพร่ง,,Horror,,"['13.7', '42.9', '37.8', '4.6', '1.0']",https://movie.douban.com/subject/4122701/,
4059238.0,2009.0,Douban,109448,,,,8.5,下一站，幸福,,Drama / Romance,,"['41.2', '42.7', '14.6', '1.2', '0.4']",https://movie.douban.com/subject/4059238/,
25698430.0,2009.0,Douban,3718,,,,7.4,鸡皮疙瘩NO.5 トリハダ5〜夜ふかしのあなたにゾクッとする話を,,Thriller / Horror,,"['17.6', '39.3', '38.1', '4.1', '0.9']",https://movie.douban.com/subject/25698430/,
3072156.0,2009.0,Douban,3496,,,,5.3,死亡幻觉2 S. Darko,,Sci-Fi / Mystery / Thriller / Crime,,"['3.8', '12.1', '43.0', '29.9', '11.2']",https://movie.douban.com/subject/3072156/,
1892531.0,2009.0,Douban,132537,,,,7.3,可爱的骨头 The Lovely Bones,,Drama / Thriller / Family / Fantasy,,"['15.0', '40.9', '36.9', '5.9', '1.3']",https://movie.douban.com/subject/1892531/,
3824672.0,2009.0,Douban,406823,,,,8.2,听说 聽說,,Drama / Romance,,"['30.3', '48.7', '19.4', '1.3', '0.2']",https://movie.douban.com/subject/3824672/,
3195101.0,2009.0,Douban,10250,,,,7.7,我是爱 Io sono l'amore,,Drama / Romance,,"['21.3', '47.0', '27.7', '3.3', '0.7']",https://movie.douban.com/subject/3195101/,
4251900.0,2009.0,Douban,1589,,,,7.9,放送禁止 剧场版2：日本大家族 ニッポンの大家族 Saiko! The Large family 放送禁止 劇場版2,,Drama,,"['24.8', '47.7', '24.4', '2.5', '0.6']",https://movie.douban.com/subject/4251900/,
4043821.0,2009.0,Douban,22198,,,,8.7,青之文学 青い文学,,Drama / Animation,,"['49.0', '38.5', '11.0', '1.1', '0.4']",https://movie.douban.com/subject/4043821/,
2072848.0,2009.0,Douban,54141,,,,7.8,明亮的星 Bright Star,,Drama / Romance / Biography,,"['22.1', '47.0', '28.2', '2.4', '0.3']",https://movie.douban.com/subject/2072848/,
3727653.0,2009.0,Douban,21219,,,,8.0,重力小丑 重力ピエロ,,Drama,,"['25.5', '50.7', '21.7', '1.7', '0.4']",https://movie.douban.com/subject/3727653/,
3727661.0,2009.0,Douban,19271,,,,6.1,咒怨：白老妇 呪怨 白い老女,,Horror,,"['7.9', '18.1', '48.3', '20.9', '4.7']",https://movie.douban.com/subject/3727661/,
3426623.0,2009.0,Douban,1953,,,,7.5,电波系彼女 電波的な彼女,,Drama / Animation,,"['21.3', '41.0', '31.5', '4.5', '1.6']",https://movie.douban.com/subject/3426623/,
3610967.0,2009.0,Douban,30607,,,,8.4,艾玛 Emma,,Drama / Comedy / Romance,,"['35.4', '49.2', '14.2', '1.0', '0.2']",https://movie.douban.com/subject/3610967/,
4016495.0,2009.0,Douban,1176,,,,7.8,电波系彼女 幸福游戏 電波的な彼女 〜幸福ゲーム〜,,Drama / Mystery,,"['27.1', '40.9', '27.1', '4.1', '0.9']",https://movie.douban.com/subject/4016495/,
3727748.0,2009.0,Douban,5191,,,,9.1,天元突破剧场版 螺岩篇 劇場版 天元突破グレンラガン 螺巌篇,,Drama / Animation,,"['67.9', '22.8', '7.1', '1.1', '1.1']",https://movie.douban.com/subject/3727748/,
2996640.0,2009.0,Douban,121894,,,,8.1,朱莉与朱莉娅 Julie & Julia,,Drama / Biography,,"['27.4', '50.5', '20.7', '1.2', '0.1']",https://movie.douban.com/subject/2996640/,
3230148.0,2009.0,Douban,15455,,,,6.1,死亡之雪 Død snø,,Comedy / Horror / Fantasy,,"['7.3', '18.5', '52.2', '17.9', '4.1']",https://movie.douban.com/subject/3230148/,
3148877.0,2009.0,Douban,26670,,,,6.3,致命弯道3 Wrong Turn 3: Left for Dead,,Horror / Fantasy / Adventure,,"['9.5', '18.4', '52.6', '16.1', '3.3']",https://movie.douban.com/subject/3148877/,
3346995.0,2009.0,Douban,14818,,,,6.2,夺命手机 Echelon Conspiracy,,Action / Mystery / Thriller / Crime,,"['4.6', '20.6', '58.3', '14.4', '2.1']",https://movie.douban.com/subject/3346995/,
3287611.0,2009.0,Douban,34139,,,,8.9,疯城记 第一季 Psychoville Season 1,,Comedy / Mystery / Horror,,"['57.2', '33.1', '8.3', '1.0', '0.4']",https://movie.douban.com/subject/3287611/,
3287613.0,2009.0,Douban,8564,,,,8.7,愚昧年代 The Age of Stupid,,Documentary / History / War,,"['49.0', '37.1', '12.0', '1.4', '0.5']",https://movie.douban.com/subject/3287613/,
3670447.0,2009.0,Douban,158674,,,,5.3,大内密探灵灵狗 大內密探靈靈狗,,Comedy / Action / Chinese swordplay / Costume,,"['3.6', '10.7', '42.8', '30.8', '12.1']",https://movie.douban.com/subject/3670447/,
3586721.0,2009.0,Douban,3601,,,,6.5,影子杀人 그림자살인,,Mystery / Thriller / Crime,,"['7.6', '23.3', '56.9', '10.6', '1.5']",https://movie.douban.com/subject/3586721/,
2364074.0,2009.0,Douban,45963,,,,6.4,海云台 해운대,,Drama / Action / Disaster,,"['7.9', '25.5', '49.8', '13.5', '3.3']",https://movie.douban.com/subject/2364074/,
3711718.0,2009.0,Douban,12421,,,,5.9,女高怪谈5：结伴自杀 여고괴담 5 : 동반자살,,Horror,,"['5.3', '14.5', '53.8', '21.7', '4.7']",https://movie.douban.com/subject/3711718/,
2294565.0,2009.0,Douban,37552,,,,7.6,拉贝日记 John Rabe,,Drama / Biography / History / War,,"['18.6', '44.8', '33.1', '3.0', '0.5']",https://movie.douban.com/subject/2294565/,
3812226.0,2009.0,Douban,20759,,,,8.2,黑道之家 The Take,,Drama / Thriller / Crime,,"['34.3', '46.4', '16.8', '1.8', '0.7']",https://movie.douban.com/subject/3812226/,
3445575.0,2009.0,Douban,10812,,,,8.0,关于伊丽 درباره الی,,Drama / Mystery,,"['23.4', '57.4', '17.3', '1.5', '0.4']",https://movie.douban.com/subject/3445575/,
3609075.0,2009.0,Douban,120117,,,,8.2,蜗居,,Drama / Romance / Family,,"['31.1', '49.6', '17.3', '1.4', '0.7']",https://movie.douban.com/subject/3609075/,
4010954.0,2009.0,Douban,36741,,,,9.3,犯罪心理 第五季 Criminal Minds Season 5,,Drama / Mystery / Thriller / Crime,,"['68.4', '27.0', '4.3', '0.2', '0.1']",https://movie.douban.com/subject/4010954/,
3150816.0,2009.0,Douban,89473,,,,6.9,终极面试 Exam,,Mystery / Thriller,,"['9.9', '35.1', '44.8', '8.5', '1.7']",https://movie.douban.com/subject/3150816/,
5161993.0,2009.0,Douban,3003,,,,7.4,鸡皮疙瘩NO.6 トリハダ6〜夜ふかしのあなたにゾクッとする話を,,Horror,,"['16.9', '39.7', '39.1', '3.5', '0.8']",https://movie.douban.com/subject/5161993/,
4034093.0,2009.0,Douban,25324,,,,8.3,小姨多鹤,,Drama / Family,,"['34.6', '48.2', '14.6', '1.5', '1.1']",https://movie.douban.com/subject/4034093/,
3011621.0,2009.0,Douban,4095,,,,5.7,鬼迷心窍 Obsessed,,Drama / Thriller,,"['4.1', '13.7', '53.3', '23.2', '5.7']",https://movie.douban.com/subject/3011621/,
3646523.0,2009.0,Douban,128780,,,,8.5,吸血鬼日记 第一季 The Vampire Diaries Season 1,,Drama / Romance / Horror / Fantasy,,"['41.9', '42.9', '13.3', '1.4', '0.5']",https://movie.douban.com/subject/3646523/,
3681349.0,2009.0,Douban,67770,,,,9.1,轻音少女 けいおん!,,Comedy / Animation / Music,,"['66.9', '24.9', '7.1', '0.8', '0.3']",https://movie.douban.com/subject/3681349/,
3040418.0,2009.0,Douban,31411,,,,7.3,反基督者 Antichrist,,Drama / Thriller / Eroticism,,"['18.0', '39.0', '33.3', '7.3', '2.4']",https://movie.douban.com/subject/3040418/,
3073198.0,2009.0,Douban,12988,,,,8.2,资本主义：一个爱情故事 Capitalism: A Love Story,,Documentary,,"['35.5', '45.4', '16.1', '2.0', '1.0']",https://movie.douban.com/subject/3073198/,
3781860.0,2009.0,Douban,15963,,,,7.1,兄弟情人 Do Começo ao Fim,,Drama / Homosexual,,"['17.1', '34.3', '37.5', '9.1', '2.0']",https://movie.douban.com/subject/3781860/,
3114220.0,2009.0,Douban,87724,,,,9.3,大秦帝国之裂变,,Drama / History / Costume,,"['73.3', '21.5', '3.9', '0.6', '0.7']",https://movie.douban.com/subject/3114220/,
3822842.0,2009.0,Douban,64134,,,,7.0,白夜行 백야행 : 하얀 어둠 속을 걷다,,Romance / Mystery,,"['11.8', '36.0', '43.6', '7.2', '1.4']",https://movie.douban.com/subject/3822842/,
3284269.0,2009.0,Douban,127917,,,,9.5,夏目友人帐 第二季 続 夏目友人帳,,Drama / Animation / Fantasy,,"['79.4', '17.8', '2.5', '0.1', '0.1']",https://movie.douban.com/subject/3284269/,
3310898.0,2009.0,Douban,8762,,,,8.9,24小时 第七季 24 Season 7,,Drama / Action / Mystery / Thriller / Crime,,"['58.4', '32.2', '8.2', '0.8', '0.4']",https://movie.douban.com/subject/3310898/,
3749172.0,2009.0,Douban,6861,,,,7.4,超人与蝙蝠侠：公众之敌 Superman/Batman: Public Enemies,,Drama / Action / Animation,,"['17.6', '41.0', '37.1', '3.8', '0.5']",https://movie.douban.com/subject/3749172/,
3007809.0,2009.0,Douban,21139,,,,8.2,城市广场 Ágora,,Drama / Romance / History / Adventure,,"['30.8', '48.4', '18.7', '1.7', '0.4']",https://movie.douban.com/subject/3007809/,
3640682.0,2009.0,Douban,1312,,,,7.1,卢尔德 Lourdes,,Drama,,"['9.9', '43.7', '39.1', '6.3', '1.0']",https://movie.douban.com/subject/3640682/,
3160978.0,2009.0,Douban,10529,,,,7.3,世界上最伟大的父亲 World's Greatest Dad,,Drama / Comedy,,"['14.0', '45.5', '35.3', '4.5', '0.7']",https://movie.douban.com/subject/3160978/,
4023725.0,2009.0,Douban,23563,,,,6.9,夏天协奏曲 夏天協奏曲,,Drama / Romance,,"['11.5', '31.5', '46.7', '8.9', '1.5']",https://movie.douban.com/subject/4023725/,
3425526.0,2009.0,Douban,881,,,,7.3,异世界的圣机师物语 異世界の聖機師物語,,Drama / Animation,,"['21.8', '36.3', '31.2', '7.6', '3.1']",https://movie.douban.com/subject/3425526/,
3861997.0,2009.0,Douban,35665,,,,8.4,绝代商骄 絕代商驕,,Drama / Comedy,,"['39.1', '44.8', '14.8', '1.1', '0.3']",https://movie.douban.com/subject/3861997/,
4896301.0,2009.0,Douban,448,,,,5.9,母大虫顾大嫂,,Comedy / Chinese swordplay / Costume,,"['7.1', '18.7', '43.3', '21.8', '9.1']",https://movie.douban.com/subject/4896301/,
3794489.0,2009.0,Douban,29005,,,,8.1,名侦探柯南OVA9：十年后的陌生人 名探偵コナン 10年後の異邦人,,Animation,,"['33.1', '41.8', '22.7', '1.9', '0.4']",https://movie.douban.com/subject/3794489/,
3647073.0,2009.0,Douban,1290,,,,7.7,邓稼先,,Biography,,"['25.3', '39.7', '29.0', '4.4', '1.6']",https://movie.douban.com/subject/3647073/,
3157605.0,2009.0,Douban,137890,,,,8.6,巴黎淘气帮 Le petit Nicolas,,Comedy / Family / Children,,"['44.8', '42.9', '11.5', '0.7', '0.2']",https://movie.douban.com/subject/3157605/,
3212221.0,2009.0,Douban,68495,,,,8.5,凯尔经的秘密 The Secret of Kells,,Animation / Fantasy / Adventure,,"['40.5', '43.5', '14.6', '1.1', '0.2']",https://movie.douban.com/subject/3212221/,
4058796.0,2009.0,Douban,11494,,,,7.0,闹钟 Alarm,,Animation / Short,,"['11.6', '37.1', '43.8', '6.4', '1.2']",https://movie.douban.com/subject/4058796/,
3356340.0,2009.0,Douban,36830,,,,7.9,古灵精探B 古靈精探B,,Comedy / Crime,,"['25.5', '46.7', '25.4', '2.0', '0.4']",https://movie.douban.com/subject/3356340/,
21348026.0,2009.0,Douban,21352,,,,8.9,凉宫春日的忧郁2009 涼宮ハルヒの憂鬱2009,,Animation,,"['60.4', '28.3', '8.6', '1.7', '0.9']",https://movie.douban.com/subject/21348026/,
3737278.0,2009.0,Douban,17270,,,,4.0,寻找成龙,,Comedy / Action / Family / Children,,"['2.9', '3.4', '21.7', '35.2', '36.9']",https://movie.douban.com/subject/3737278/,
3227335.0,2009.0,Douban,460745,,,,9.0,仙剑奇侠传三,,Romance / Fantasy / Chinese swordplay / Costume,,"['64.9', '25.8', '7.0', '1.0', '1.3']",https://movie.douban.com/subject/3227335/,
2213591.0,2009.0,Douban,220765,,,,7.4,重返十七岁 17 Again,,Drama / Comedy / Romance,,"['14.0', '45.2', '37.4', '3.0', '0.3']",https://movie.douban.com/subject/2213591/,
3645150.0,2009.0,Douban,21651,,,,7.9,开罗时间 Cairo Time,,Drama / Romance,,"['24.8', '48.7', '24.1', '2.1', '0.4']",https://movie.douban.com/subject/3645150/,
3153641.0,2009.0,Douban,63848,,,,9.2,人间正道是沧桑,,Drama / History / War,,"['66.9', '26.0', '5.8', '0.8', '0.5']",https://movie.douban.com/subject/3153641/,
3008253.0,2009.0,Douban,18344,,,,6.2,百货战警 Paul Blart: Mall Cop,,Comedy / Action / Crime,,"['5.1', '20.1', '59.0', '13.7', '2.2']",https://movie.douban.com/subject/3008253/,
2299659.0,2009.0,Douban,5998,,,,6.8,控制的极限 The Limits of Control,,Drama / Mystery / Thriller / Crime,,"['14.7', '32.3', '36.0', '11.7', '5.4']",https://movie.douban.com/subject/2299659/,
4013843.0,2009.0,Douban,823,,,,6.2,阿拉丁 Aladin,,Drama / Comedy / Action / Romance / Fantasy / Adventure,,"['9.2', '21.4', '45.4', '18.8', '5.2']",https://movie.douban.com/subject/4013843/,
